post_id,segment_id,n_appearances_raw,n_appearances_post_level,delta_raw_minus_post,status
1dh4s1v,0,1,1,0,match
1pz6vmy,1,1,1,0,match
1q5dddm,0,1,1,0,match
1q5ddhw,0,1,1,0,match
1q5ddju,0,1,1,0,match
1q5defg,0,1,1,0,match
1q5dehb,0,1,1,0,match
1q5dex5,0,1,1,0,match
1q5df4k,0,1,1,0,match
1q5dfgq,0,1,1,0,match
1q5dg3m,0,1,1,0,match
1q5dg92,0,1,1,0,match
1q5dh1a,0,1,1,0,match
1q5dhsc,0,1,1,0,match
1q5dhth,0,1,1,0,match
1q5di1h,0,1,1,0,match
1q5di4n,0,1,1,0,match
1q5divt,0,1,1,0,match
1q5djwm,0,1,1,0,match
1q5djyj,0,1,1,0,match
1q5dk28,0,1,1,0,match
1q5dkhn,0,1,1,0,match
1q5dm7o,0,1,1,0,match
1q5dnzf,0,1,1,0,match
1q5do5i,0,1,1,0,match
1q5doa2,0,1,1,0,match
1q5dodw,0,1,1,0,match
1q5donm,0,1,1,0,match
1q5dop4,0,1,1,0,match
1q5dpi6,0,1,1,0,match
1q5dpvv,0,1,1,0,match
1q5dqay,0,1,1,0,match
1q5dqwv,0,1,1,0,match
1q5dr7h,0,1,1,0,match
1q5dr9i,0,1,1,0,match
1q5drw6,0,1,1,0,match
1q5drwt,0,1,1,0,match
1q5ds25,0,1,1,0,match
1q5ds4z,0,1,1,0,match
1q5dszq,0,1,1,0,match
1q5dtmf,0,1,1,0,match
1q5duib,0,1,1,0,match
1q5dvny,0,1,1,0,match
1q5dvt0,0,1,1,0,match
1q5dvwm,0,1,1,0,match
1q5dvx5,0,1,1,0,match
1q5dwlc,0,1,1,0,match
1q5dwno,0,1,1,0,match
1q5dx4e,0,1,1,0,match
1q5dxze,0,2,2,0,match
1q5dy2k,0,2,2,0,match
1q5dyh3,0,2,2,0,match
1q5dysu,0,2,2,0,match
1q5dyy9,0,2,2,0,match
1q5dyza,0,2,2,0,match
1q5dz0z,0,2,2,0,match
1q5dzn4,0,2,2,0,match
1q5e05d,0,2,2,0,match
1q5e08n,0,2,2,0,match
1q5e0bq,0,2,2,0,match
1q5e162,0,2,2,0,match
1q5e1bw,0,2,2,0,match
1q5e3ip,0,2,2,0,match
1q5e3sv,0,2,2,0,match
1q5e4sw,0,2,2,0,match
1q5e4w3,0,2,2,0,match
1q5e5va,0,2,2,0,match
1q5e62x,0,2,2,0,match
1q5e6lq,0,2,2,0,match
1q5e7ck,0,2,2,0,match
1q5e7dd,0,2,2,0,match
1q5e7kz,0,2,2,0,match
1q5e7ti,0,2,2,0,match
1q5e86b,0,2,2,0,match
1q5eabw,0,2,2,0,match
1q5eajd,0,2,2,0,match
1q5eang,0,2,2,0,match
1q5eaq7,0,2,2,0,match
1q5eb4q,0,2,2,0,match
1q5ebf8,0,2,2,0,match
1q5ebg5,0,2,2,0,match
1q5ecvm,0,2,2,0,match
1q5ecvo,0,2,2,0,match
1q5ecyz,0,2,2,0,match
1q5edb7,0,2,2,0,match
1q5edq6,0,2,2,0,match
1q5edwo,0,2,2,0,match
1q5ee00,0,2,2,0,match
1q5eee8,0,2,2,0,match
1q5eefk,0,2,2,0,match
1q5ef0u,0,2,2,0,match
1q5efqj,0,2,2,0,match
1q5eg00,0,2,2,0,match
1q5eg22,0,2,2,0,match
1q5eg7n,0,3,3,0,match
1q5egf2,0,3,3,0,match
1q5egqm,0,3,3,0,match
1q5eh3w,0,3,3,0,match
1q5ehak,0,3,3,0,match
1q5ehdk,0,3,3,0,match
1q5eho7,0,3,3,0,match
1q5ehvt,0,3,3,0,match
1q5eiz3,0,3,3,0,match
1q5ej0n,0,3,3,0,match
1q5ej3e,0,3,3,0,match
1q5ejdg,0,3,3,0,match
1q5ejg0,0,3,3,0,match
1q5ejpe,0,3,3,0,match
1q5ek93,0,3,3,0,match
1q5ekjb,0,3,3,0,match
1q5ekkf,0,3,3,0,match
1q5ekvo,0,3,3,0,match
1q5eld3,0,3,3,0,match
1q5elno,0,3,3,0,match
1q5emaa,0,3,3,0,match
1q5emg0,0,3,3,0,match
1q5emgt,0,3,3,0,match
1q5enor,0,3,3,0,match
1q5enzj,0,3,3,0,match
1q5eonn,0,3,3,0,match
1q5eox8,0,3,3,0,match
1q5eozu,0,3,3,0,match
1q5epfs,0,3,3,0,match
1q5epjy,0,4,4,0,match
1q5eput,0,4,4,0,match
1q5epz1,0,4,4,0,match
1q5eqfo,0,4,4,0,match
1q5eqg7,0,4,4,0,match
1q5eqzv,0,4,4,0,match
1q5eszp,0,4,4,0,match
1q5etsu,0,4,4,0,match
1q5eux0,0,4,4,0,match
1q5evhl,0,4,4,0,match
1q5evto,0,4,4,0,match
1q5ew36,0,4,4,0,match
1q5ewmf,0,4,4,0,match
1q5ex5c,0,4,4,0,match
1q5exi3,0,4,4,0,match
1q5exj5,0,4,4,0,match
1q5eyka,0,4,4,0,match
1q5eyxm,0,4,4,0,match
1q5ez8b,0,4,4,0,match
1q5f0by,0,4,4,0,match
1q5f0uy,0,4,4,0,match
1q5f1bv,0,3,3,0,match
1q5f1ec,0,4,4,0,match
1q5f2o8,0,4,4,0,match
1q5f2w9,0,4,4,0,match
1q5f2wo,0,4,4,0,match
1q5f2x0,0,4,4,0,match
1q5f32z,0,4,4,0,match
1q5f39a,0,4,4,0,match
1q5f3a0,0,4,4,0,match
1q5f3jw,0,4,4,0,match
1q5f42p,0,4,4,0,match
1q5f49i,0,4,4,0,match
1q5f4kx,0,4,4,0,match
1q5f55s,0,4,4,0,match
1q5f5d9,0,4,4,0,match
1q5f5ji,0,4,4,0,match
1q5f5mx,0,4,4,0,match
1q5f6jo,0,4,4,0,match
1q5f6mt,0,4,4,0,match
1q5f70z,0,4,4,0,match
1q5f7bi,0,4,4,0,match
1q5f7ed,0,4,4,0,match
1q5f7fz,0,4,4,0,match
1q5f7m3,0,4,4,0,match
1q5f83l,0,4,4,0,match
1q5f89a,0,4,4,0,match
1q5f92j,0,4,4,0,match
1q5f9sj,0,4,4,0,match
1q5f9ug,0,5,5,0,match
1q5f9y8,0,5,5,0,match
1q5fa6g,0,5,5,0,match
1q5fa7z,0,5,5,0,match
1q5fa84,0,5,5,0,match
1q5fahe,0,5,5,0,match
1q5fajq,0,5,5,0,match
1q5fccx,0,5,5,0,match
1q5fcfn,0,5,5,0,match
1q5fcj9,0,5,5,0,match
1q5fcps,0,5,5,0,match
1q5fcvg,0,5,5,0,match
1q5fd0p,0,5,5,0,match
1q5fd6y,0,5,5,0,match
1q5fd8q,0,5,5,0,match
1q5fdcv,0,5,5,0,match
1q5fdgx,0,5,5,0,match
1q5fdkw,0,5,5,0,match
1q5fdq0,0,5,5,0,match
1q5fduh,0,5,5,0,match
1q5fdwi,0,5,5,0,match
1q5fenb,0,5,5,0,match
1q5ff0m,0,5,5,0,match
1q5ff9y,0,5,5,0,match
1q5ffpv,0,5,5,0,match
1q5fgea,0,5,5,0,match
1q5fgvn,0,5,5,0,match
1q5fhey,0,5,5,0,match
1q5fhj2,0,5,5,0,match
1q5fia8,0,5,5,0,match
1q5fie8,0,5,5,0,match
1q5figp,0,5,5,0,match
1q5fizh,0,5,5,0,match
1q5fjqh,0,5,5,0,match
1q5fl6x,0,5,5,0,match
1q5flaz,0,5,5,0,match
1q5fme7,0,5,5,0,match
1q5fmxx,0,5,5,0,match
1q5fn00,0,5,5,0,match
1q5fn3c,0,5,5,0,match
1q5fn67,0,5,5,0,match
1q5fn8k,0,5,5,0,match
1q5fnbl,0,5,5,0,match
1q5fnvj,0,5,5,0,match
1q5fpgo,0,5,5,0,match
1q5fpm5,0,5,5,0,match
1q5fpzb,0,5,5,0,match
1q5fqb4,0,5,5,0,match
1q5frrr,0,5,5,0,match
1q5frxl,0,6,6,0,match
1q5ft3c,0,6,6,0,match
1q5ftik,0,6,6,0,match
1q5ftjp,0,6,6,0,match
1q5fty0,0,6,6,0,match
1q5fu02,0,6,6,0,match
1q5furv,0,6,6,0,match
1q5fvhq,0,6,6,0,match
1q5fvjl,0,6,6,0,match
1q5fvy4,0,6,6,0,match
1q5fwep,0,6,6,0,match
1q5fwho,0,6,6,0,match
1q5fxyt,0,6,6,0,match
1q5fyme,0,6,6,0,match
1q5fyuc,0,6,6,0,match
1q5fyvp,0,6,6,0,match
1q5fyzk,0,6,6,0,match
1q5fyzm,0,6,6,0,match
1q5fz1e,0,6,6,0,match
1q5fz9n,0,6,6,0,match
1q5fzd4,0,6,6,0,match
1q5fzq1,0,6,6,0,match
1q5fzr8,0,6,6,0,match
1q5fzy0,0,6,6,0,match
1q5g03w,0,6,6,0,match
1q5g03z,0,6,6,0,match
1q5g0a0,0,6,6,0,match
1q5g0er,0,6,6,0,match
1q5g0jz,0,6,6,0,match
1q5g10s,0,6,6,0,match
1q5g1hj,0,6,6,0,match
1q5g1yp,0,6,6,0,match
1q5g1zb,0,6,6,0,match
1q5g2bl,0,6,6,0,match
1q5g2d2,0,6,6,0,match
1q5g2hz,0,6,6,0,match
1q5g2ln,0,6,6,0,match
1q5g3de,0,6,6,0,match
1q5g4l1,0,6,6,0,match
1q5g4y5,0,6,6,0,match
1q5g50o,0,6,6,0,match
1q5g5pj,0,6,6,0,match
1q5g5w6,0,7,7,0,match
1q5g713,0,7,7,0,match
1q5g71d,0,7,7,0,match
1q5g71u,0,7,7,0,match
1q5g738,0,7,7,0,match
1q5g7id,0,7,7,0,match
1q5g7x4,0,7,7,0,match
1q5g7yi,0,7,7,0,match
1q5g9hg,0,7,7,0,match
1q5g9xe,0,7,7,0,match
1q5g9z9,0,7,7,0,match
1q5ga44,0,7,7,0,match
1q5gaid,0,7,7,0,match
1q5ganr,0,7,7,0,match
1q5gb4g,0,7,7,0,match
1q5gc75,0,7,7,0,match
1q5gcuv,0,7,7,0,match
1q5gcx3,0,7,7,0,match
1q5gcz3,0,7,7,0,match
1q5gd0s,0,7,7,0,match
1q5gd38,0,7,7,0,match
1q5gdcs,0,7,7,0,match
1q5gdqp,0,7,7,0,match
1q5gdvl,0,7,7,0,match
1q5gelm,0,7,7,0,match
1q5gez1,0,7,7,0,match
1q5gf4a,0,7,7,0,match
1q5gg6d,0,7,7,0,match
1q5gh7q,0,7,7,0,match
1q5gh8k,0,7,7,0,match
1q5ghpk,0,7,7,0,match
1q5ghqj,0,7,7,0,match
1q5ghv0,0,7,7,0,match
1q5ghwj,0,7,7,0,match
1q5giat,0,6,6,0,match
1q5gic1,0,7,7,0,match
1q5gidm,0,7,7,0,match
1q5gigd,0,7,7,0,match
1q5gj31,0,7,7,0,match
1q5gja4,0,7,7,0,match
1q5gjjb,0,7,7,0,match
1q5gk9j,0,7,7,0,match
1q5gkb4,0,7,7,0,match
1q5gkmi,0,7,7,0,match
1q5gkww,0,7,7,0,match
1q5gl3a,0,7,7,0,match
1q5glif,0,7,7,0,match
1q5gmh9,0,7,7,0,match
1q5gmlg,0,8,8,0,match
1q5gmli,0,8,8,0,match
1q5gnat,0,8,8,0,match
1q5gncl,0,8,8,0,match
1q5gobn,0,8,8,0,match
1q5gogq,0,8,8,0,match
1q5gohs,0,8,8,0,match
1q5gonl,0,8,8,0,match
1q5gouk,0,8,8,0,match
1q5gox9,0,8,8,0,match
1q5goyu,0,8,8,0,match
1q5gp4j,0,8,8,0,match
1q5gp8h,0,8,8,0,match
1q5gpam,0,8,8,0,match
1q5gpjj,0,8,8,0,match
1q5gpjn,0,8,8,0,match
1q5gpvy,0,8,8,0,match
1q5gq8d,0,8,8,0,match
1q5grfg,0,8,8,0,match
1q5grlu,0,8,8,0,match
1q5grvb,0,8,8,0,match
1q5gs5n,0,8,8,0,match
1q5gsbl,0,8,8,0,match
1q5gt2j,0,2,2,0,match
1q5gu39,0,8,8,0,match
1q5gui5,0,8,8,0,match
1q5guqb,0,8,8,0,match
1q5guqq,0,8,8,0,match
1q5guqy,0,8,8,0,match
1q5gv7j,0,8,8,0,match
1q5gvij,0,8,8,0,match
1q5gvs4,0,8,8,0,match
1q5gwen,0,8,8,0,match
1q5gwiq,0,8,8,0,match
1q5gwzg,0,8,8,0,match
1q5gxx8,0,8,8,0,match
1q5gyvd,0,8,8,0,match
1q5gywl,0,8,8,0,match
1q5gyyb,0,5,5,0,match
1q5gz39,0,8,8,0,match
1q5gzo7,0,8,8,0,match
1q5h00y,0,8,8,0,match
1q5h085,0,8,8,0,match
1q5h09q,0,8,8,0,match
1q5h139,0,8,8,0,match
1q5h1vy,0,8,8,0,match
1q5h3qs,0,8,8,0,match
1q5h4jq,0,9,9,0,match
1q5h4vy,0,9,9,0,match
1q5h4xy,0,9,9,0,match
1q5h5aj,0,9,9,0,match
1q5h5cr,0,9,9,0,match
1q5h5pt,0,9,9,0,match
1q5h6f1,0,9,9,0,match
1q5h6oz,0,9,9,0,match
1q5h7c7,0,9,9,0,match
1q5h7dr,0,9,9,0,match
1q5h8mr,0,9,9,0,match
1q5h8uw,0,9,9,0,match
1q5h971,0,9,9,0,match
1q5h9bm,0,9,9,0,match
1q5h9ox,0,9,9,0,match
1q5haan,0,9,9,0,match
1q5hahg,0,6,6,0,match
1q5hai0,0,9,9,0,match
1q5haxj,0,9,9,0,match
1q5hb2q,0,9,9,0,match
1q5hbi1,0,9,9,0,match
1q5hc34,0,9,9,0,match
1q5hc6a,0,9,9,0,match
1q5hcfn,0,9,9,0,match
1q5hd86,0,9,9,0,match
1q5hdpc,0,9,9,0,match
1q5hdru,0,9,9,0,match
1q5he6o,0,9,9,0,match
1q5heua,0,9,9,0,match
1q5hfqa,0,9,9,0,match
1q5hfue,0,9,9,0,match
1q5hfvn,0,9,9,0,match
1q5hhgd,0,9,9,0,match
1q5hhmh,0,9,9,0,match
1q5hi9t,0,9,9,0,match
1q5hiuk,0,9,9,0,match
1q5hkx2,0,9,9,0,match
1q5hl05,0,9,9,0,match
1q5hl8p,0,9,9,0,match
1q5hlbr,0,9,9,0,match
1q5hlnq,0,9,9,0,match
1q5hlxm,0,9,9,0,match
1q5hmfv,0,9,9,0,match
1q5hmh5,0,9,9,0,match
1q5hmkg,0,9,9,0,match
1q5hmvq,0,9,9,0,match
1q5hmwt,0,9,9,0,match
1q5hnlf,0,9,9,0,match
1q5hocd,0,10,10,0,match
1q5hoch,0,10,10,0,match
1q5hoe8,0,10,10,0,match
1q5hohi,0,10,10,0,match
1q5hp8x,0,10,10,0,match
1q5hpzg,0,10,10,0,match
1q5hq2d,0,10,10,0,match
1q5hqc2,0,10,10,0,match
1q5hqpo,0,10,10,0,match
1q5hqxk,0,10,10,0,match
1q5hrai,0,10,10,0,match
1q5hrze,0,10,10,0,match
1q5hs62,0,10,10,0,match
1q5hswz,0,10,10,0,match
1q5huc3,0,10,10,0,match
1q5hukc,0,10,10,0,match
1q5hv57,0,10,10,0,match
1q5hvdq,0,10,10,0,match
1q5hvg3,0,10,10,0,match
1q5hvld,0,10,10,0,match
1q5hwbn,0,10,10,0,match
1q5hwji,0,10,10,0,match
1q5hwjt,0,10,10,0,match
1q5hxkf,0,10,10,0,match
1q5hy5e,0,10,10,0,match
1q5hyk1,0,2,2,0,match
1q5hyrt,0,10,10,0,match
1q5hz8m,0,10,10,0,match
1q5hzen,0,10,10,0,match
1q5i03o,0,10,10,0,match
1q5i04u,0,10,10,0,match
1q5i13m,0,10,10,0,match
1q5i1tn,0,11,11,0,match
1q5i1y3,0,11,11,0,match
1q5i1yk,0,11,11,0,match
1q5i24e,0,11,11,0,match
1q5i2c7,0,11,11,0,match
1q5i31m,0,11,11,0,match
1q5i357,0,11,11,0,match
1q5i39s,0,11,11,0,match
1q5i3cl,0,11,11,0,match
1q5i3ok,0,11,11,0,match
1q5i3wr,0,11,11,0,match
1q5i4w5,0,11,11,0,match
1q5i54n,0,11,11,0,match
1q5i5c8,0,11,11,0,match
1q5i5vq,0,11,11,0,match
1q5i60p,0,11,11,0,match
1q5i6cb,0,11,11,0,match
1q5i6lu,0,11,11,0,match
1q5i6lx,0,11,11,0,match
1q5i6sb,0,11,11,0,match
1q5i7k4,0,11,11,0,match
1q5i7oe,0,11,11,0,match
1q5i80l,0,11,11,0,match
1q5i8f1,0,11,11,0,match
1q5i8hf,0,11,11,0,match
1q5i8nm,0,11,11,0,match
1q5i8xt,0,11,11,0,match
1q5i9hx,0,11,11,0,match
1q5ia1p,0,11,11,0,match
1q5ia3a,0,11,11,0,match
1q5iayr,0,11,11,0,match
1q5iayu,0,11,11,0,match
1q5ib0t,0,11,11,0,match
1q5ib4u,0,11,11,0,match
1q5iba4,0,11,11,0,match
1q5ibge,0,11,11,0,match
1q5ibof,0,11,11,0,match
1q5iboh,0,11,11,0,match
1q5ic8n,0,11,11,0,match
1q5ic98,0,12,12,0,match
1q5icyh,0,12,12,0,match
1q5idcn,0,12,12,0,match
1q5idcp,0,12,12,0,match
1q5idvu,0,12,12,0,match
1q5idwv,0,12,12,0,match
1q5iep7,0,12,12,0,match
1q5if0b,0,12,12,0,match
1q5if3o,0,2,2,0,match
1q5ifx2,0,12,12,0,match
1q5ig16,0,12,12,0,match
1q5ig3l,0,12,12,0,match
1q5ig9k,0,12,12,0,match
1q5igdw,0,12,12,0,match
1q5igdy,0,12,12,0,match
1q5igut,0,12,12,0,match
1q5ihdb,0,12,12,0,match
1q5ihk6,0,12,12,0,match
1q5iiet,0,12,12,0,match
1q5iife,0,12,12,0,match
1q5ij30,0,12,12,0,match
1q5ijcq,0,12,12,0,match
1q5ijqu,0,12,12,0,match
1q5ijto,0,12,12,0,match
1q5ikb9,0,12,12,0,match
1q5ikhu,0,12,12,0,match
1q5imjr,0,12,12,0,match
1q5imrf,0,12,12,0,match
1q5in3z,0,12,12,0,match
1q5inl3,0,12,12,0,match
1q5inp6,0,1,1,0,match
1q5insn,0,12,12,0,match
1q5io3n,0,12,12,0,match
1q5ioeb,0,12,12,0,match
1q5ip2h,0,12,12,0,match
1q5ipq9,0,12,12,0,match
1q5ipyo,0,12,12,0,match
1q5iqft,0,12,12,0,match
1q5iqks,0,12,12,0,match
1q5ir69,0,12,12,0,match
1q5ira2,0,12,12,0,match
1q5it0t,0,12,12,0,match
1q5it4m,0,12,12,0,match
1q5itm9,0,12,12,0,match
1q5iu8y,0,12,12,0,match
1q5iuht,0,12,12,0,match
1q5ivb6,0,2,2,0,match
1q5ivyg,0,13,13,0,match
1q5iwal,0,13,13,0,match
1q5iwgd,0,2,2,0,match
1q5ixn6,0,13,13,0,match
1q5iycm,0,13,13,0,match
1q5iyl2,0,13,13,0,match
1q5iyl4,0,13,13,0,match
1q5izpj,0,13,13,0,match
1q5izqy,0,13,13,0,match
1q5j02t,0,13,13,0,match
1q5j0iw,0,13,13,0,match
1q5j0kd,0,13,13,0,match
1q5j16j,0,13,13,0,match
1q5j17z,0,13,13,0,match
1q5j1f8,0,13,13,0,match
1q5j1ol,0,13,13,0,match
1q5j204,0,13,13,0,match
1q5j360,0,5,5,0,match
1q5j3c3,0,13,13,0,match
1q5j3nn,0,13,13,0,match
1q5j3t8,0,13,13,0,match
1q5j42l,0,13,13,0,match
1q5j42x,0,13,13,0,match
1q5j47n,0,13,13,0,match
1q5j485,0,13,13,0,match
1q5j4b0,0,13,13,0,match
1q5j4k9,0,13,13,0,match
1q5j5f8,0,9,9,0,match
1q5j5m7,0,13,13,0,match
1q5j5w1,0,13,13,0,match
1q5j6ef,0,13,13,0,match
1q5j6fm,0,14,14,0,match
1q5j730,0,14,14,0,match
1q5j7f6,0,14,14,0,match
1q5j7n3,0,14,14,0,match
1q5j7ws,0,14,14,0,match
1q5j7xa,0,14,14,0,match
1q5j7zn,0,14,14,0,match
1q5j8rc,0,14,14,0,match
1q5j8xr,0,14,14,0,match
1q5j9jm,0,14,14,0,match
1q5ja20,0,14,14,0,match
1q5jbmd,0,14,14,0,match
1q5jbza,0,14,14,0,match
1q5jc1f,0,14,14,0,match
1q5jc54,0,14,14,0,match
1q5jc9l,0,14,14,0,match
1q5jccr,0,14,14,0,match
1q5jct3,0,14,14,0,match
1q5jdgd,0,14,14,0,match
1q5jdht,0,14,14,0,match
1q5jes3,0,14,14,0,match
1q5jgu1,0,14,14,0,match
1q5jh25,0,14,14,0,match
1q5jhfw,0,14,14,0,match
1q5ji9r,0,14,14,0,match
1q5jinw,0,14,14,0,match
1q5jj66,0,14,14,0,match
1q5jj7h,0,5,5,0,match
1q5jjoo,0,14,14,0,match
1q5jk2w,0,14,14,0,match
1q5jk6o,0,14,14,0,match
1q5jkhy,0,14,14,0,match
1q5jkvo,0,14,14,0,match
1q5jl70,0,14,14,0,match
1q5jlj0,0,14,14,0,match
1q5jlpr,0,14,14,0,match
1q5jm8a,0,14,14,0,match
1q5jme8,0,14,14,0,match
1q5jn9y,0,14,14,0,match
1q5jnoa,0,14,14,0,match
1q5jnvz,0,14,14,0,match
1q5jo1u,0,14,14,0,match
1q5jo50,0,15,15,0,match
1q5joa8,0,15,15,0,match
1q5joch,0,15,15,0,match
1q5jonj,0,15,15,0,match
1q5jouw,0,15,15,0,match
1q5jpbz,0,15,15,0,match
1q5jpjy,0,15,15,0,match
1q5jpoj,0,15,15,0,match
1q5jqgh,0,15,15,0,match
1q5jqnc,0,15,15,0,match
1q5jqp1,0,15,15,0,match
1q5jqtj,0,15,15,0,match
1q5jqy9,0,15,15,0,match
1q5jr5w,0,15,15,0,match
1q5jrfi,0,15,15,0,match
1q5jsib,0,15,15,0,match
1q5jspv,0,15,15,0,match
1q5jtem,0,15,15,0,match
1q5jtse,0,15,15,0,match
1q5jtyi,0,15,15,0,match
1q5jufe,0,15,15,0,match
1q5juge,0,15,15,0,match
1q5jvf1,0,15,15,0,match
1q5jvf7,0,15,15,0,match
1q5jvqn,0,15,15,0,match
1q5jwav,0,15,15,0,match
1q5jwii,0,15,15,0,match
1q5jwnq,0,15,15,0,match
1q5jx0k,0,15,15,0,match
1q5jx10,0,15,15,0,match
1q5jx5e,0,15,15,0,match
1q5jxlv,0,15,15,0,match
1q5jxvc,0,15,15,0,match
1q5jy5c,0,15,15,0,match
1q5jz04,0,15,15,0,match
1q5jzvi,0,15,15,0,match
1q5k0c7,0,15,15,0,match
1q5k0kh,0,16,16,0,match
1q5k0w6,0,16,16,0,match
1q5k10l,0,13,13,0,match
1q5k149,0,16,16,0,match
1q5k14r,0,12,12,0,match
1q5k16n,0,16,16,0,match
1q5k17v,0,16,16,0,match
1q5k1ms,0,16,16,0,match
1q5k1ps,0,16,16,0,match
1q5k252,0,16,16,0,match
1q5k291,0,16,16,0,match
1q5k32i,0,16,16,0,match
1q5k34k,0,16,16,0,match
1q5k3tj,0,16,16,0,match
1q5k3xx,0,16,16,0,match
1q5k4nj,0,16,16,0,match
1q5k4nq,0,16,16,0,match
1q5k50g,0,16,16,0,match
1q5k5d4,0,16,16,0,match
1q5k5v7,0,3,3,0,match
1q5k5yt,0,16,16,0,match
1q5k62f,0,16,16,0,match
1q5k73l,0,16,16,0,match
1q5k74k,0,16,16,0,match
1q5k77c,0,16,16,0,match
1q5k85p,0,16,16,0,match
1q5k8rz,0,16,16,0,match
1q5k99e,0,16,16,0,match
1q5k9ud,0,16,16,0,match
1q5ka4o,0,16,16,0,match
1q5kady,0,17,17,0,match
1q5kasd,0,17,17,0,match
1q5kasf,0,17,17,0,match
1q5kbuz,0,17,17,0,match
1q5kc7o,0,17,17,0,match
1q5kc8d,0,17,17,0,match
1q5kcbx,0,17,17,0,match
1q5kce2,0,17,17,0,match
1q5kcsu,0,17,17,0,match
1q5kcvg,0,17,17,0,match
1q5kd4r,0,17,17,0,match
1q5kd8q,0,17,17,0,match
1q5kdac,0,17,17,0,match
1q5kdgm,0,17,17,0,match
1q5kdwk,0,17,17,0,match
1q5kf05,0,17,17,0,match
1q5kf8t,0,17,17,0,match
1q5kfqe,0,17,17,0,match
1q5kglo,0,17,17,0,match
1q5kgmv,0,17,17,0,match
1q5kgua,0,17,17,0,match
1q5kh46,0,17,17,0,match
1q5kh4v,0,17,17,0,match
1q5kh8n,0,17,17,0,match
1q5khbc,0,18,18,0,match
1q5khzn,0,18,18,0,match
1q5ki64,0,18,18,0,match
1q5kiaq,0,18,18,0,match
1q5kif5,0,18,18,0,match
1q5kkb3,0,18,18,0,match
1q5kkwv,0,18,18,0,match
1q5kkz2,0,18,18,0,match
1q5klc9,0,18,18,0,match
1q5klux,0,18,18,0,match
1q5km36,0,17,17,0,match
1q5kmdb,0,18,18,0,match
1q5kmen,0,18,18,0,match
1q5kmgq,0,2,2,0,match
1q5kmwp,0,18,18,0,match
1q5kn3g,0,18,18,0,match
1q5kn9q,0,18,18,0,match
1q5knc3,0,18,18,0,match
1q5knk1,0,18,18,0,match
1q5ko54,0,18,18,0,match
1q5ko68,0,18,18,0,match
1q5koki,0,18,18,0,match
1q5kolz,0,18,18,0,match
1q5kp0j,0,12,12,0,match
1q5kpdi,0,18,18,0,match
1q5kpsy,0,18,18,0,match
1q5kput,0,5,5,0,match
1q5kpzi,0,18,18,0,match
1q5kq5j,0,18,18,0,match
1q5kret,0,18,18,0,match
1q5krn3,0,18,18,0,match
1q5krve,0,18,18,0,match
1q5krwu,0,18,18,0,match
1q5ksor,0,18,18,0,match
1q5kt89,0,18,18,0,match
1q5ktb1,0,18,18,0,match
1q5kte6,0,18,18,0,match
1q5ktir,0,18,18,0,match
1q5ktre,0,18,18,0,match
1q5kuip,0,18,18,0,match
1q5kvar,0,18,18,0,match
1q5kvmr,0,19,19,0,match
1q5kwc9,0,19,19,0,match
1q5kwvk,0,19,19,0,match
1q5kwxm,0,19,19,0,match
1q5kx2s,0,19,19,0,match
1q5kx5s,0,19,19,0,match
1q5kx9a,0,19,19,0,match
1q5kxtf,0,19,19,0,match
1q5ky2g,0,19,19,0,match
1q5ky7v,0,19,19,0,match
1q5kyjw,0,19,19,0,match
1q5kzsz,0,19,19,0,match
1q5l0rb,0,19,19,0,match
1q5l1g2,0,19,19,0,match
1q5l1ki,0,13,13,0,match
1q5l1kz,0,19,19,0,match
1q5l1qq,0,19,19,0,match
1q5l23b,0,19,19,0,match
1q5l29x,0,19,19,0,match
1q5l2sm,0,19,19,0,match
1q5l36p,0,19,19,0,match
1q5l38n,0,19,19,0,match
1q5l3ob,0,19,19,0,match
1q5l4me,0,19,19,0,match
1q5l551,0,19,19,0,match
1q5l5zw,0,19,19,0,match
1q5l6vp,0,19,19,0,match
1q5l6x2,0,19,19,0,match
1q5l7f4,0,19,19,0,match
1q5l7i0,0,19,19,0,match
1q5l7ws,0,19,19,0,match
1q5l8d2,0,19,19,0,match
1q5l9vc,0,19,19,0,match
1q5lagk,0,19,19,0,match
1q5lb51,0,19,19,0,match
1q5lb7p,0,19,19,0,match
1q5lb94,0,19,19,0,match
1q5lbls,0,19,19,0,match
1q5lbtw,0,19,19,0,match
1q5lc2o,0,19,19,0,match
1q5lcuc,0,19,19,0,match
1q5ldgo,0,19,19,0,match
1q5ldxp,0,19,19,0,match
1q5lehw,0,19,19,0,match
1q5leo1,0,19,19,0,match
1q5lew8,0,19,19,0,match
1q5lf9t,0,19,19,0,match
1q5lfja,0,19,19,0,match
1q5lfjk,0,19,19,0,match
1q5lfub,0,19,19,0,match
1q5lfxj,0,19,19,0,match
1q5lgc8,0,20,20,0,match
1q5lgcz,0,20,20,0,match
1q5lgjm,0,20,20,0,match
1q5lgn2,0,20,20,0,match
1q5lgtr,0,20,20,0,match
1q5lgv3,0,20,20,0,match
1q5lh21,0,20,20,0,match
1q5lh6l,0,20,20,0,match
1q5lhr6,0,20,20,0,match
1q5li6t,0,20,20,0,match
1q5liec,0,20,20,0,match
1q5lih3,0,20,20,0,match
1q5lim0,0,15,15,0,match
1q5lj23,0,13,13,0,match
1q5lj5s,0,20,20,0,match
1q5lj74,0,20,20,0,match
1q5lkhu,0,20,20,0,match
1q5lkka,0,20,20,0,match
1q5lkoq,0,20,20,0,match
1q5lktc,0,20,20,0,match
1q5lkvq,0,20,20,0,match
1q5lldj,0,20,20,0,match
1q5lm0z,0,20,20,0,match
1q5lm2a,0,20,20,0,match
1q5lm70,0,20,20,0,match
1q5lm7q,0,20,20,0,match
1q5lmch,0,20,20,0,match
1q5ln4v,0,20,20,0,match
1q5ln7l,0,20,20,0,match
1q5ln9h,0,20,20,0,match
1q5lnfo,0,21,21,0,match
1q5lngn,0,21,21,0,match
1q5lnla,0,21,21,0,match
1q5loti,0,12,12,0,match
1q5lots,0,21,21,0,match
1q5lovm,0,21,21,0,match
1q5lp5v,0,3,3,0,match
1q5lpty,0,21,21,0,match
1q5lq6q,0,6,6,0,match
1q5lrmc,0,21,21,0,match
1q5ls7j,0,21,21,0,match
1q5ls9m,0,21,21,0,match
1q5lso8,0,21,21,0,match
1q5lsw4,0,21,21,0,match
1q5lt8r,0,1,1,0,match
1q5ltks,0,3,3,0,match
1q5ltoz,0,21,21,0,match
1q5luf1,0,21,21,0,match
1q5lujo,0,21,21,0,match
1q5luxw,0,21,21,0,match
1q5lv3e,0,21,21,0,match
1q5lve0,0,21,21,0,match
1q5lvfe,0,21,21,0,match
1q5lvpn,0,21,21,0,match
1q5lww7,0,21,21,0,match
1q5lxil,0,21,21,0,match
1q5lxye,0,21,21,0,match
1q5ly79,0,21,21,0,match
1q5ly9q,0,21,21,0,match
1q5lzo1,0,21,21,0,match
1q5lzou,0,21,21,0,match
1q5lzq7,0,3,3,0,match
1q5m01b,0,21,21,0,match
1q5m04n,0,21,21,0,match
1q5m0a1,0,21,21,0,match
1q5m0ld,0,21,21,0,match
1q5m0o9,0,21,21,0,match
1q5m1km,0,21,21,0,match
1q5m1ox,0,21,21,0,match
1q5m2fr,0,9,9,0,match
1q5m2ps,0,21,21,0,match
1q5m2y0,0,4,4,0,match
1q5m3p6,0,21,21,0,match
1q5m3rn,0,21,21,0,match
1q5m3s1,0,3,3,0,match
1q5m4yo,0,21,21,0,match
1q5m4yt,0,21,21,0,match
1q5m5lg,0,21,21,0,match
1q5m5og,0,21,21,0,match
1q5m5r3,0,21,21,0,match
1q5m692,0,21,21,0,match
1q5m6iz,0,21,21,0,match
1q5m7cm,0,21,21,0,match
1q5m7cq,0,21,21,0,match
1q5m7xt,0,21,21,0,match
1q5m825,0,22,22,0,match
1q5m8eu,0,22,22,0,match
1q5m8i3,0,22,22,0,match
1q5m8ln,0,22,22,0,match
1q5m8nx,0,22,22,0,match
1q5m9mu,0,22,22,0,match
1q5m9x6,0,22,22,0,match
1q5ma2s,0,22,22,0,match
1q5ma76,0,22,22,0,match
1q5maat,0,22,22,0,match
1q5mb9t,0,22,22,0,match
1q5mbe6,0,22,22,0,match
1q5mbo3,0,22,22,0,match
1q5mccx,0,22,22,0,match
1q5mcet,0,22,22,0,match
1q5md3t,0,12,12,0,match
1q5md5o,0,2,2,0,match
1q5mdhz,0,22,22,0,match
1q5mdrd,0,22,22,0,match
1q5me4c,0,22,22,0,match
1q5men5,0,22,22,0,match
1q5mezm,0,22,22,0,match
1q5mg2q,0,22,22,0,match
1q5mggj,0,22,22,0,match
1q5mgv0,0,3,3,0,match
1q5mh2i,0,2,2,0,match
1q5mh2x,0,22,22,0,match
1q5mhhw,0,22,22,0,match
1q5mhhy,0,22,22,0,match
1q5mhjm,0,22,22,0,match
1q5mhnq,0,22,22,0,match
1q5mi2w,0,22,22,0,match
1q5mi46,0,22,22,0,match
1q5mju9,0,9,9,0,match
1q5mkxb,0,22,22,0,match
1q5mlcc,0,22,22,0,match
1q5mllw,0,13,13,0,match
1q5mlsr,0,22,22,0,match
1q5mlv0,0,22,22,0,match
1q5mm4w,0,22,22,0,match
1q5mm9f,0,23,23,0,match
1q5mmg6,0,23,23,0,match
1q5mn0b,0,1,1,0,match
1q5mncp,0,23,23,0,match
1q5mnpj,0,13,13,0,match
1q5mnqw,0,23,23,0,match
1q5mnw1,0,23,23,0,match
1q5mox9,0,23,23,0,match
1q5mp3e,0,23,23,0,match
1q5mpgo,0,23,23,0,match
1q5mpy3,0,23,23,0,match
1q5mqdi,0,23,23,0,match
1q5mqig,0,23,23,0,match
1q5mqkm,0,23,23,0,match
1q5mqsj,0,23,23,0,match
1q5mr0t,0,23,23,0,match
1q5mrbl,0,3,3,0,match
1q5mrk3,0,23,23,0,match
1q5mrm1,0,23,23,0,match
1q5msje,0,23,23,0,match
1q5msnk,0,7,7,0,match
1q5mtcd,0,5,5,0,match
1q5mtcw,0,23,23,0,match
1q5mtop,0,23,23,0,match
1q5mv07,0,23,23,0,match
1q5mv86,0,23,23,0,match
1q5mvd2,0,23,23,0,match
1q5mvol,0,23,23,0,match
1q5mvvt,0,23,23,0,match
1q5mx0z,0,23,23,0,match
1q5mz3b,0,23,23,0,match
1q5mzc1,0,23,23,0,match
1q5mzvy,0,23,23,0,match
1q5mzwp,0,23,23,0,match
1q5n0ik,0,23,23,0,match
1q5n14v,0,23,23,0,match
1q5n15w,0,23,23,0,match
1q5n1gc,0,23,23,0,match
1q5n2k9,0,23,23,0,match
1q5n2kb,0,23,23,0,match
1q5n2ou,0,23,23,0,match
1q5n2q6,0,23,23,0,match
1q5n2vb,0,24,24,0,match
1q5n2wy,0,24,24,0,match
1q5n4fd,0,24,24,0,match
1q5n4fv,0,24,24,0,match
1q5n58a,0,13,13,0,match
1q5n58f,0,13,13,0,match
1q5n5dt,0,24,24,0,match
1q5n5hx,0,24,24,0,match
1q5n5kq,0,24,24,0,match
1q5n62w,0,24,24,0,match
1q5n653,0,24,24,0,match
1q5n6ut,0,24,24,0,match
1q5n7n9,0,24,24,0,match
1q5n7o1,0,24,24,0,match
1q5n7ob,0,24,24,0,match
1q5n8ub,0,24,24,0,match
1q5n8vd,0,24,24,0,match
1q5na3z,0,12,12,0,match
1q5nal5,0,1,1,0,match
1q5nalm,0,24,24,0,match
1q5nbd3,0,24,24,0,match
1q5nbla,0,24,24,0,match
1q5nc5m,0,24,24,0,match
1q5ncud,0,24,24,0,match
1q5ncve,0,24,24,0,match
1q5nd4u,0,24,24,0,match
1q5ndkr,0,2,2,0,match
1q5ne6y,0,24,24,0,match
1q5nelv,0,25,25,0,match
1q5nf44,0,25,25,0,match
1q5ngcx,0,25,25,0,match
1q5ngsu,0,25,25,0,match
1q5nh9m,0,25,25,0,match
1q5nhbp,0,25,25,0,match
1q5nhhe,0,25,25,0,match
1q5ni6n,0,25,25,0,match
1q5nicu,0,25,25,0,match
1q5nigw,0,25,25,0,match
1q5nj1v,0,25,25,0,match
1q5njaw,0,25,25,0,match
1q5nji3,0,25,25,0,match
1q5njoy,0,25,25,0,match
1q5njxn,0,25,25,0,match
1q5njyr,0,25,25,0,match
1q5nk17,0,25,25,0,match
1q5nk2p,0,25,25,0,match
1q5nl3h,0,24,24,0,match
1q5nmjb,0,24,24,0,match
1q5nntf,0,24,24,0,match
1q5nogo,0,24,24,0,match
1q5noha,0,24,24,0,match
1q5nolj,0,24,24,0,match
1q5noru,0,24,24,0,match
1q5novs,0,12,12,0,match
1q5noxj,0,24,24,0,match
1q5npbz,0,2,2,0,match
1q5npdv,0,24,24,0,match
1q5npe8,0,24,24,0,match
1q5nppe,0,11,11,0,match
1q5npqt,0,24,24,0,match
1q5nq1p,0,24,24,0,match
1q5nq6a,0,24,24,0,match
1q5nqd1,0,24,24,0,match
1q5nqfl,0,24,24,0,match
1q5nqtj,0,24,24,0,match
1q5nr1e,0,25,25,0,match
1q5nr21,0,25,25,0,match
1q5nr88,0,25,25,0,match
1q5nrg8,0,1,1,0,match
1q5nrjh,0,25,25,0,match
1q5nrp2,0,25,25,0,match
1q5nrrd,0,1,1,0,match
1q5ns9t,0,25,25,0,match
1q5nsfw,0,25,25,0,match
1q5nsjr,0,25,25,0,match
1q5nstr,0,25,25,0,match
1q5nsw9,0,25,25,0,match
1q5nt6x,0,12,12,0,match
1q5ntbe,0,25,25,0,match
1q5ntgb,0,25,25,0,match
1q5ntr1,0,25,25,0,match
1q5nty1,0,25,25,0,match
1q5numv,0,22,22,0,match
1q5nuxx,0,25,25,0,match
1q5nvfu,0,11,11,0,match
1q5nw42,0,25,25,0,match
1q5nwi8,0,25,25,0,match
1q5nx1z,0,25,25,0,match
1q5nx2n,0,25,25,0,match
1q5nx7n,0,18,18,0,match
1q5nx8r,0,25,25,0,match
1q5nxpo,0,25,25,0,match
1q5nxt4,0,25,25,0,match
1q5nygp,0,25,25,0,match
1q5nytn,0,25,25,0,match
1q5o033,0,24,24,0,match
1q5o062,0,24,24,0,match
1q5o094,0,24,24,0,match
1q5o18l,0,1,1,0,match
1q5o1qy,0,24,24,0,match
1q5o26v,0,24,24,0,match
1q5o2lr,0,5,5,0,match
1q5o2m1,0,24,24,0,match
1q5o2ug,0,24,24,0,match
1q5o2zy,0,12,12,0,match
1q5o4kz,0,24,24,0,match
1q5o4ll,0,24,24,0,match
1q5o4rp,0,24,24,0,match
1q5o52d,0,24,24,0,match
1q5o6ud,0,24,24,0,match
1q5o6vb,0,24,24,0,match
1q5o78r,0,24,24,0,match
1q5o7ax,0,24,24,0,match
1q5o7fd,0,24,24,0,match
1q5o7t6,0,24,24,0,match
1q5o7v2,0,24,24,0,match
1q5o7vx,0,1,1,0,match
1q5o7xc,0,24,24,0,match
1q5o8oz,0,24,24,0,match
1q5o8we,0,25,25,0,match
1q5o9bh,0,25,25,0,match
1q5o9kg,0,1,1,0,match
1q5o9kv,0,25,25,0,match
1q5o9n5,0,25,25,0,match
1q5oamb,0,25,25,0,match
1q5oaoi,0,25,25,0,match
1q5oar0,0,25,25,0,match
1q5ob1i,0,25,25,0,match
1q5obag,0,5,5,0,match
1q5obb4,0,25,25,0,match
1q5obem,0,25,25,0,match
1q5obhc,0,25,25,0,match
1q5obnj,0,25,25,0,match
1q5obpz,0,25,25,0,match
1q5obq8,0,25,25,0,match
1q5obqb,0,25,25,0,match
1q5obsq,0,25,25,0,match
1q5obve,0,25,25,0,match
1q5oc8y,0,25,25,0,match
1q5oce2,0,25,25,0,match
1q5ochg,0,25,25,0,match
1q5ocmk,0,25,25,0,match
1q5oco0,0,25,25,0,match
1q5oczk,0,25,25,0,match
1q5oczn,0,25,25,0,match
1q5od0s,0,25,25,0,match
1q5oe0w,0,25,25,0,match
1q5oedx,0,25,25,0,match
1q5oegf,0,25,25,0,match
1q5oen6,0,25,25,0,match
1q5oet0,0,26,26,0,match
1q5ofim,0,25,25,0,match
1q5ofiu,0,10,10,0,match
1q5ofkn,0,25,25,0,match
1q5og26,0,25,25,0,match
1q5ogd5,0,25,25,0,match
1q5ogih,0,25,25,0,match
1q5ogkt,0,26,26,0,match
1q5ogwb,0,26,26,0,match
1q5ohb6,0,26,26,0,match
1q5oijt,0,16,16,0,match
1q5ojpa,0,26,26,0,match
1q5okdh,0,26,26,0,match
1q5okkm,0,26,26,0,match
1q5ol1s,0,11,11,0,match
1q5olcl,0,26,26,0,match
1q5olmz,0,16,16,0,match
1q5om5r,0,26,26,0,match
1q5omf5,0,26,26,0,match
1q5on0h,0,26,26,0,match
1q5on3a,0,3,3,0,match
1q5ongm,0,26,26,0,match
1q5onkv,0,26,26,0,match
1q5ontw,0,26,26,0,match
1q5oo5i,0,26,26,0,match
1q5oo5m,0,26,26,0,match
1q5op80,0,26,26,0,match
1q5opfm,0,26,26,0,match
1q5opxa,0,26,26,0,match
1q5opxm,0,26,26,0,match
1q5oqdo,0,26,26,0,match
1q5or1v,0,26,26,0,match
1q5or6r,0,26,26,0,match
1q5orjh,0,26,26,0,match
1q5orpi,0,26,26,0,match
1q5orvv,0,10,10,0,match
1q5os9i,0,26,26,0,match
1q5ose6,0,26,26,0,match
1q5ote7,0,26,26,0,match
1q5otmi,0,26,26,0,match
1q5ots9,0,27,27,0,match
1q5ou3x,0,27,27,0,match
1q5oub1,0,2,2,0,match
1q5ouct,0,27,27,0,match
1q5ouwx,0,26,26,0,match
1q5ovbd,0,26,26,0,match
1q5ow6w,0,26,26,0,match
1q5owxz,0,26,26,0,match
1q5ox27,0,26,26,0,match
1q5ox6g,0,26,26,0,match
1q5ox7y,0,26,26,0,match
1q5oxd4,0,26,26,0,match
1q5oxeg,0,26,26,0,match
1q5oybe,0,26,26,0,match
1q5oybw,0,26,26,0,match
1q5oydo,0,26,26,0,match
1q5oyep,0,26,26,0,match
1q5oyj4,0,26,26,0,match
1q5oykc,0,26,26,0,match
1q5oyl1,0,26,26,0,match
1q5ozek,0,26,26,0,match
1q5oznr,0,26,26,0,match
1q5p0dr,0,26,26,0,match
1q5p104,0,22,22,0,match
1q5p1fy,0,26,26,0,match
1q5p216,0,26,26,0,match
1q5p2oe,0,26,26,0,match
1q5p2qo,0,26,26,0,match
1q5p31x,0,26,26,0,match
1q5p358,0,26,26,0,match
1q5p3ng,0,26,26,0,match
1q5p41z,0,26,26,0,match
1q5p4ar,0,26,26,0,match
1q5p5a2,0,26,26,0,match
1q5p5ab,0,26,26,0,match
1q5p5dg,0,26,26,0,match
1q5p5ud,0,26,26,0,match
1q5p5y9,0,26,26,0,match
1q5p603,0,26,26,0,match
1q5p6i2,0,26,26,0,match
1q5p6kp,0,26,26,0,match
1q5p73e,0,27,27,0,match
1q5p77j,0,27,27,0,match
1q5p79k,0,27,27,0,match
1q5p7be,0,27,27,0,match
1q5p7cl,0,27,27,0,match
1q5p7j4,0,6,6,0,match
1q5p849,0,27,27,0,match
1q5p857,0,27,27,0,match
1q5p8pg,0,27,27,0,match
1q5p8vw,0,27,27,0,match
1q5p965,0,27,27,0,match
1q5p9i2,0,27,27,0,match
1q5palj,0,26,26,0,match
1q5paqe,0,26,26,0,match
1q5payd,0,26,26,0,match
1q5pazq,0,26,26,0,match
1q5pb0j,0,26,26,0,match
1q5pb8v,0,26,26,0,match
1q5pc3o,0,26,26,0,match
1q5pc8u,0,26,26,0,match
1q5pceu,0,26,26,0,match
1q5pcju,0,26,26,0,match
1q5pcmv,0,26,26,0,match
1q5pd76,0,26,26,0,match
1q5pdjf,0,26,26,0,match
1q5pdo1,0,26,26,0,match
1q5pdv6,0,26,26,0,match
1q5pe12,0,26,26,0,match
1q5pe30,0,26,26,0,match
1q5pe48,0,26,26,0,match
1q5per4,0,26,26,0,match
1q5pfvn,0,26,26,0,match
1q5pfw7,0,26,26,0,match
1q5pg3f,0,26,26,0,match
1q5pg4w,0,26,26,0,match
1q5pgi4,0,26,26,0,match
1q5phau,0,26,26,0,match
1q5phig,0,26,26,0,match
1q5phpv,0,26,26,0,match
1q5pi7z,0,26,26,0,match
1q5picp,0,27,27,0,match
1q5pilw,0,27,27,0,match
1q5piwc,0,27,27,0,match
1q5piy5,0,27,27,0,match
1q5pjc1,0,27,27,0,match
1q5pjsq,0,27,27,0,match
1q5plc0,0,27,27,0,match
1q5plci,0,27,27,0,match
1q5pldu,0,27,27,0,match
1q5pljy,0,1,1,0,match
1q5pmjg,0,27,27,0,match
1q5pmko,0,27,27,0,match
1q5pmqx,0,1,1,0,match
1q5pmwf,0,27,27,0,match
1q5pmxa,0,27,27,0,match
1q5pn48,0,27,27,0,match
1q5pnd2,0,12,12,0,match
1q5pnei,0,27,27,0,match
1q5pnes,0,27,27,0,match
1q5pnet,0,27,27,0,match
1q5po3v,0,27,27,0,match
1q5po8q,0,27,27,0,match
1q5pocl,0,27,27,0,match
1q5poo6,0,8,8,0,match
1q5poum,0,27,27,0,match
1q5poz2,0,27,27,0,match
1q5pp0k,0,2,2,0,match
1q5pp0z,0,27,27,0,match
1q5ppii,0,26,26,0,match
1q5ppw1,0,26,26,0,match
1q5pqce,0,26,26,0,match
1q5pqwc,0,26,26,0,match
1q5pr3w,0,26,26,0,match
1q5prhk,0,26,26,0,match
1q5prkk,0,26,26,0,match
1q5prmw,0,26,26,0,match
1q5prso,0,26,26,0,match
1q5ps77,0,26,26,0,match
1q5ps84,0,26,26,0,match
1q5psbw,0,26,26,0,match
1q5psie,0,26,26,0,match
1q5psjz,0,2,2,0,match
1q5psy1,0,26,26,0,match
1q5ptz1,0,26,26,0,match
1q5pu2b,0,26,26,0,match
1q5puqw,0,26,26,0,match
1q5pvp5,0,27,27,0,match
1q5pw2o,0,27,27,0,match
1q5pwm8,0,20,20,0,match
1q5pwug,0,27,27,0,match
1q5pxmg,0,27,27,0,match
1q5pxvs,0,27,27,0,match
1q5py3a,0,27,27,0,match
1q5pybm,0,27,27,0,match
1q5pygw,0,27,27,0,match
1q5pym9,0,27,27,0,match
1q5pz2z,0,27,27,0,match
1q5pzfg,0,27,27,0,match
1q5pzod,0,27,27,0,match
1q5pzyc,0,27,27,0,match
1q5q0h2,0,27,27,0,match
1q5q0h7,0,28,28,0,match
1q5q0ne,0,28,28,0,match
1q5q0ve,0,28,28,0,match
1q5q0zf,0,28,28,0,match
1q5q0zg,0,28,28,0,match
1q5q0zv,0,1,1,0,match
1q5q1me,0,1,1,0,match
1q5q1o8,0,28,28,0,match
1q5q2cv,0,2,2,0,match
1q5q2k4,0,28,28,0,match
1q5q2q2,0,1,1,0,match
1q5q3ah,0,2,2,0,match
1q5q3rb,0,28,28,0,match
1q5q4be,0,28,28,0,match
1q5q50w,0,6,6,0,match
1q5q5kx,0,27,27,0,match
1q5q643,0,27,27,0,match
1q5q6cw,0,27,27,0,match
1q5q6od,0,27,27,0,match
1q5q77c,0,27,27,0,match
1q5q79u,0,27,27,0,match
1q5q7ab,0,27,27,0,match
1q5q7kd,0,27,27,0,match
1q5q7ko,0,27,27,0,match
1q5q7ul,0,27,27,0,match
1q5q7yq,0,27,27,0,match
1q5q818,0,27,27,0,match
1q5q85h,0,27,27,0,match
1q5q8fu,0,27,27,0,match
1q5q8or,0,27,27,0,match
1q5q8zi,0,27,27,0,match
1q5q9ep,0,21,21,0,match
1q5q9lb,0,27,27,0,match
1q5q9sp,0,27,27,0,match
1q5q9u4,0,28,28,0,match
1q5q9u6,0,28,28,0,match
1q5q9xb,0,28,28,0,match
1q5qawp,0,28,28,0,match
1q5qbeq,0,28,28,0,match
1q5qbzw,0,28,28,0,match
1q5qc8g,0,28,28,0,match
1q5qch1,0,2,2,0,match
1q5qcyd,0,28,28,0,match
1q5qddy,0,28,28,0,match
1q5qdnl,0,28,28,0,match
1q5qduk,0,28,28,0,match
1q5qdw7,0,28,28,0,match
1q5qe23,0,2,2,0,match
1q5qeie,0,5,5,0,match
1q5qeol,0,28,28,0,match
1q5qexx,0,28,28,0,match
1q5qeyg,0,28,28,0,match
1q5qf5m,0,28,28,0,match
1q5qfxg,0,28,28,0,match
1q5qg2w,0,28,28,0,match
1q5qgae,0,28,28,0,match
1q5qgb3,0,28,28,0,match
1q5qggp,0,28,28,0,match
1q5qgvx,0,28,28,0,match
1q5qgxv,0,28,28,0,match
1q5qhrs,0,28,28,0,match
1q5qht0,0,1,1,0,match
1q5qii9,0,28,28,0,match
1q5qink,0,28,28,0,match
1q5qj6z,0,28,28,0,match
1q5qjmb,0,2,2,0,match
1q5qju4,0,28,28,0,match
1q5qjx5,0,29,29,0,match
1q5qkcw,0,28,28,0,match
1q5qkru,0,28,28,0,match
1q5qkwv,0,28,28,0,match
1q5ql3g,0,28,28,0,match
1q5ql45,0,28,28,0,match
1q5ql4u,0,28,28,0,match
1q5ql5j,0,22,22,0,match
1q5qmfx,0,28,28,0,match
1q5qmtf,0,28,28,0,match
1q5qnav,0,28,28,0,match
1q5qngi,0,28,28,0,match
1q5qo0j,0,28,28,0,match
1q5qp0a,0,28,28,0,match
1q5qp1k,0,28,28,0,match
1q5qp81,0,28,28,0,match
1q5qpd1,0,28,28,0,match
1q5qpjf,0,3,3,0,match
1q5qq3v,0,28,28,0,match
1q5qqgc,0,28,28,0,match
1q5qqpc,0,28,28,0,match
1q5qrfa,0,28,28,0,match
1q5qrgn,0,28,28,0,match
1q5qrh9,0,28,28,0,match
1q5qrv7,0,28,28,0,match
1q5qs88,0,28,28,0,match
1q5qs8j,0,3,3,0,match
1q5qt7w,0,28,28,0,match
1q5qtcu,0,28,28,0,match
1q5qteg,0,28,28,0,match
1q5qtg9,0,28,28,0,match
1q5qtm3,0,28,28,0,match
1q5qtoe,0,28,28,0,match
1q5qtrv,0,28,28,0,match
1q5qtyc,0,28,28,0,match
1q5qut5,0,28,28,0,match
1q5qv9b,0,28,28,0,match
1q5qvdf,0,29,29,0,match
1q5qve2,0,12,12,0,match
1q5qvka,0,29,29,0,match
1q5qvly,0,29,29,0,match
1q5qvws,0,29,29,0,match
1q5qwf3,0,29,29,0,match
1q5qwfz,0,29,29,0,match
1q5qx6d,0,5,5,0,match
1q5qxh2,0,29,29,0,match
1q5qxjc,0,29,29,0,match
1q5qxod,0,29,29,0,match
1q5qyc1,0,29,29,0,match
1q5qyed,0,29,29,0,match
1q5qyxp,0,29,29,0,match
1q5qz51,0,29,29,0,match
1q5qzaj,0,29,29,0,match
1q5qzqm,0,28,28,0,match
1q5qzrj,0,28,28,0,match
1q5r016,0,28,28,0,match
1q5r0m4,0,3,3,0,match
1q5r0ok,0,28,28,0,match
1q5r28f,0,28,28,0,match
1q5r2l1,0,28,28,0,match
1q5r2wq,0,28,28,0,match
1q5r304,0,28,28,0,match
1q5r3y6,0,28,28,0,match
1q5r3za,0,14,14,0,match
1q5r46a,0,28,28,0,match
1q5r4h6,0,28,28,0,match
1q5r4xf,0,9,9,0,match
1q5r59r,0,28,28,0,match
1q5r5et,0,28,28,0,match
1q5r5f2,0,28,28,0,match
1q5r5pm,0,28,28,0,match
1q5r60d,0,4,4,0,match
1q5r65v,0,28,28,0,match
1q5r6l2,0,10,10,0,match
1q5r6qp,0,28,28,0,match
1q5r6z2,0,28,28,0,match
1q5r78y,0,28,28,0,match
1q5r7c7,0,28,28,0,match
1q5r8ed,0,28,28,0,match
1q5r8ka,0,29,29,0,match
1q5r8o0,0,29,29,0,match
1q5r9e3,0,29,29,0,match
1q5r9os,0,29,29,0,match
1q5r9yi,0,29,29,0,match
1q5ra2l,0,29,29,0,match
1q5rae9,0,29,29,0,match
1q5rahr,0,29,29,0,match
1q5ramc,0,29,29,0,match
1q5rax0,0,29,29,0,match
1q5rb48,0,16,16,0,match
1q5rbcr,0,29,29,0,match
1q5rby7,0,29,29,0,match
1q5rc0f,0,29,29,0,match
1q5rc24,0,29,29,0,match
1q5rcv8,0,9,9,0,match
1q5rcyh,0,1,1,0,match
1q5rd1w,0,29,29,0,match
1q5rd54,0,29,29,0,match
1q5rdb8,0,29,29,0,match
1q5rdhg,0,29,29,0,match
1q5rdss,0,29,29,0,match
1q5re6l,0,1,1,0,match
1q5redp,0,29,29,0,match
1q5rerg,0,29,29,0,match
1q5revl,0,29,29,0,match
1q5revz,0,29,29,0,match
1q5rf0e,0,29,29,0,match
1q5rfn7,0,28,28,0,match
1q5rfz4,0,8,8,0,match
1q5rg7a,0,28,28,0,match
1q5rg7l,0,28,28,0,match
1q5rgaq,0,28,28,0,match
1q5rhyh,0,28,28,0,match
1q5ricx,0,20,20,0,match
1q5rito,0,28,28,0,match
1q5riwo,0,28,28,0,match
1q5rks2,0,28,28,0,match
1q5rle5,0,28,28,0,match
1q5rlee,0,28,28,0,match
1q5rlk3,0,28,28,0,match
1q5rlz0,0,28,28,0,match
1q5rm1y,0,20,20,0,match
1q5rm4b,0,28,28,0,match
1q5rmql,0,28,28,0,match
1q5rn9o,0,28,28,0,match
1q5rnkn,0,28,28,0,match
1q5rob4,0,1,1,0,match
1q5rons,0,28,28,0,match
1q5rp19,0,3,3,0,match
1q5rp9g,0,29,29,0,match
1q5rpre,0,29,29,0,match
1q5rqth,0,29,29,0,match
1q5rrn9,0,29,29,0,match
1q5rrs0,0,1,1,0,match
1q5rsgv,0,1,1,0,match
1q5rsja,0,29,29,0,match
1q5rt9l,0,29,29,0,match
1q5rtkr,0,5,5,0,match
1q5rtqn,0,29,29,0,match
1q5ru3v,0,29,29,0,match
1q5ru53,0,29,29,0,match
1q5ruuw,0,6,6,0,match
1q5ruv4,0,28,28,0,match
1q5rv2f,0,28,28,0,match
1q5rv3q,0,28,28,0,match
1q5rvbz,0,28,28,0,match
1q5rvvq,0,28,28,0,match
1q5rw0x,0,28,28,0,match
1q5rw4t,0,28,28,0,match
1q5rwpx,0,28,28,0,match
1q5rwqu,0,28,28,0,match
1q5rwud,0,28,28,0,match
1q5rx4v,0,28,28,0,match
1q5rxd1,0,28,28,0,match
1q5rxlb,0,28,28,0,match
1q5rxml,0,28,28,0,match
1q5rxnp,0,28,28,0,match
1q5rxz1,0,28,28,0,match
1q5ry48,0,11,11,0,match
1q5ryet,0,13,13,0,match
1q5rykl,0,28,28,0,match
1q5ryns,0,28,28,0,match
1q5rz97,0,28,28,0,match
1q5rzmg,0,29,29,0,match
1q5rzzz,0,29,29,0,match
1q5s0k8,0,29,29,0,match
1q5s214,0,29,29,0,match
1q5s2a8,0,29,29,0,match
1q5s2u7,0,29,29,0,match
1q5s34n,0,29,29,0,match
1q5s3pn,0,29,29,0,match
1q5s45j,0,21,21,0,match
1q5s48m,0,29,29,0,match
1q5s4i4,0,29,29,0,match
1q5s5iu,0,14,14,0,match
1q5s5mx,0,29,29,0,match
1q5s5ud,0,29,29,0,match
1q5s7rr,0,29,29,0,match
1q5s7w6,0,29,29,0,match
1q5s7z5,0,29,29,0,match
1q5s81u,0,29,29,0,match
1q5s890,0,29,29,0,match
1q5s8nc,0,29,29,0,match
1q5s8o3,0,30,30,0,match
1q5s9dm,0,30,30,0,match
1q5s9vm,0,30,30,0,match
1q5saka,0,29,29,0,match
1q5samb,0,29,29,0,match
1q5sar6,0,29,29,0,match
1q5sb5p,0,29,29,0,match
1q5sbqn,0,29,29,0,match
1q5sc65,0,29,29,0,match
1q5sd7g,0,29,29,0,match
1q5sdto,0,29,29,0,match
1q5sdyi,0,29,29,0,match
1q5sdz1,0,29,29,0,match
1q5sek2,0,29,29,0,match
1q5sekd,0,10,10,0,match
1q5sfjt,0,1,1,0,match
1q5sfle,0,29,29,0,match
1q5sgdm,0,29,29,0,match
1q5sgic,0,29,29,0,match
1q5sgm3,0,1,1,0,match
1q5sh49,0,29,29,0,match
1q5sh8b,0,29,29,0,match
1q5sh8i,0,29,29,0,match
1q5shln,0,29,29,0,match
1q5shr2,0,29,29,0,match
1q5shy6,0,29,29,0,match
1q5si2f,0,29,29,0,match
1q5sika,0,30,30,0,match
1q5sj4d,0,30,30,0,match
1q5sj7d,0,30,30,0,match
1q5sjd6,0,30,30,0,match
1q5sjm2,0,30,30,0,match
1q5sjog,0,30,30,0,match
1q5sk4q,0,30,30,0,match
1q5sk8m,0,30,30,0,match
1q5sk8v,0,2,2,0,match
1q5ska6,0,30,30,0,match
1q5skh3,0,30,30,0,match
1q5skp8,0,30,30,0,match
1q5skpe,0,30,30,0,match
1q5skym,0,30,30,0,match
1q5sl6a,0,4,4,0,match
1q5slgn,0,30,30,0,match
1q5sm1z,0,1,1,0,match
1q5sm4s,0,30,30,0,match
1q5smf0,0,30,30,0,match
1q5sn11,0,30,30,0,match
1q5snpp,0,30,30,0,match
1q5so0d,0,30,30,0,match
1q5so0m,0,30,30,0,match
1q5so61,0,30,30,0,match
1q5so7n,0,30,30,0,match
1q5sosw,0,30,30,0,match
1q5sovk,0,1,1,0,match
1q5sp4k,0,30,30,0,match
1q5spzz,0,29,29,0,match
1q5sq4u,0,29,29,0,match
1q5sq9t,0,29,29,0,match
1q5sqay,0,29,29,0,match
1q5sqid,0,29,29,0,match
1q5srp2,0,30,30,0,match
1q5srtd,0,30,30,0,match
1q5srw3,0,30,30,0,match
1q5ssph,0,30,30,0,match
1q5st3h,0,30,30,0,match
1q5st82,0,30,30,0,match
1q5stid,0,30,30,0,match
1q5stv6,0,30,30,0,match
1q5stzg,0,30,30,0,match
1q5sudk,0,30,30,0,match
1q5sufl,0,30,30,0,match
1q5suue,0,30,30,0,match
1q5svh5,0,30,30,0,match
1q5svnz,0,30,30,0,match
1q5svzd,0,30,30,0,match
1q5sw3j,0,30,30,0,match
1q5swhk,0,30,30,0,match
1q5sx0m,0,29,29,0,match
1q5sxf6,0,30,30,0,match
1q5sxn4,0,30,30,0,match
1q5sxvl,0,30,30,0,match
1q5sxxi,0,30,30,0,match
1q5sy0d,0,30,30,0,match
1q5symq,0,30,30,0,match
1q5szd2,0,30,30,0,match
1q5szxs,0,20,20,0,match
1q5t0by,0,30,30,0,match
1q5t0hj,0,30,30,0,match
1q5t0y7,0,30,30,0,match
1q5t1gg,0,30,30,0,match
1q5t1ln,0,30,30,0,match
1q5t1ms,0,29,29,0,match
1q5t1qs,0,3,3,0,match
1q5t201,0,1,1,0,match
1q5t2ag,0,30,30,0,match
1q5t2k1,0,30,30,0,match
1q5t3dd,0,30,30,0,match
1q5t3h8,0,30,30,0,match
1q5t468,0,30,30,0,match
1q5t4b2,0,29,29,0,match
1q5t4fz,0,30,30,0,match
1q5t558,0,4,4,0,match
1q5t5dh,0,29,29,0,match
1q5t5sf,0,29,29,0,match
1q5t62l,0,29,29,0,match
1q5t65o,0,1,1,0,match
1q5t6t0,0,29,29,0,match
1q5t6y9,0,29,29,0,match
1q5t71x,0,29,29,0,match
1q5t776,0,29,29,0,match
1q5t7lh,0,29,29,0,match
1q5t7p5,0,29,29,0,match
1q5t84y,0,29,29,0,match
1q5t88n,0,30,30,0,match
1q5t8b4,0,19,19,0,match
1q5t8lj,0,1,1,0,match
1q5t8w9,0,30,30,0,match
1q5t90s,0,30,30,0,match
1q5t9an,0,11,11,0,match
1q5t9bq,0,30,30,0,match
1q5t9di,0,30,30,0,match
1q5t9j1,0,30,30,0,match
1q5t9nd,0,30,30,0,match
1q5t9s3,0,30,30,0,match
1q5t9y8,0,30,30,0,match
1q5ta7a,0,30,30,0,match
1q5ta8a,0,30,30,0,match
1q5tawu,0,30,30,0,match
1q5tbpj,0,30,30,0,match
1q5tbxy,0,3,3,0,match
1q5tby4,0,30,30,0,match
1q5tc16,0,30,30,0,match
1q5tcxz,0,30,30,0,match
1q5td7f,0,30,30,0,match
1q5tdnq,0,30,30,0,match
1q5tev1,0,30,30,0,match
1q5tfjv,0,30,30,0,match
1q5tfyd,0,30,30,0,match
1q5tgmr,0,9,9,0,match
1q5tgzn,0,6,6,0,match
1q5thit,0,30,30,0,match
1q5tijj,0,22,22,0,match
1q5tj6f,0,30,30,0,match
1q5tji3,0,30,30,0,match
1q5tjk4,0,30,30,0,match
1q5tjth,0,30,30,0,match
1q5tk4o,0,11,11,0,match
1q5tkpr,0,29,29,0,match
1q5tks8,0,29,29,0,match
1q5tldt,0,29,29,0,match
1q5tlee,0,2,2,0,match
1q5tllz,0,29,29,0,match
1q5tlzi,0,29,29,0,match
1q5tm3d,0,30,30,0,match
1q5tmcu,0,30,30,0,match
1q5tmt1,0,30,30,0,match
1q5tn4l,0,1,1,0,match
1q5tn6i,0,16,16,0,match
1q5tny6,0,30,30,0,match
1q5tp12,0,30,30,0,match
1q5tq0m,0,7,7,0,match
1q5tq6f,0,30,30,0,match
1q5tqmy,0,30,30,0,match
1q5tri3,0,30,30,0,match
1q5trn3,0,30,30,0,match
1q5trs2,0,30,30,0,match
1q5trxx,0,30,30,0,match
1q5ts2t,0,30,30,0,match
1q5tsf0,0,30,30,0,match
1q5tsjt,0,30,30,0,match
1q5tsqd,0,30,30,0,match
1q5tsvk,0,30,30,0,match
1q5tt76,0,30,30,0,match
1q5tt87,0,3,3,0,match
1q5ttir,0,30,30,0,match
1q5ttvy,0,30,30,0,match
1q5tu1n,0,30,30,0,match
1q5tvlm,0,19,19,0,match
1q5tvmr,0,30,30,0,match
1q5twhq,0,1,1,0,match
1q5twj2,0,30,30,0,match
1q5tww9,0,30,30,0,match
1q5tx28,0,30,30,0,match
1q5txj1,0,30,30,0,match
1q5txqh,0,2,2,0,match
1q5txzf,0,30,30,0,match
1q5ty7a,0,30,30,0,match
1q5tzrg,0,29,29,0,match
1q5u04z,0,29,29,0,match
1q5u0av,0,29,29,0,match
1q5u10j,0,29,29,0,match
1q5u1j0,0,29,29,0,match
1q5u1tx,0,29,29,0,match
1q5u25q,0,29,29,0,match
1q5u2br,0,29,29,0,match
1q5u399,0,29,29,0,match
1q5u580,0,29,29,0,match
1q5u5nt,0,3,3,0,match
1q5u6ev,0,12,12,0,match
1q5u6g0,0,29,29,0,match
1q5u6gn,0,1,1,0,match
1q5u6mk,0,29,29,0,match
1q5u7go,0,29,29,0,match
1q5u8al,0,29,29,0,match
1q5u8d9,0,29,29,0,match
1q5u8fr,0,29,29,0,match
1q5u8vf,0,29,29,0,match
1q5u932,0,29,29,0,match
1q5u98k,0,29,29,0,match
1q5u9l1,0,30,30,0,match
1q5u9mo,0,30,30,0,match
1q5uai0,0,30,30,0,match
1q5uamd,0,30,30,0,match
1q5ubs1,0,30,30,0,match
1q5uclx,0,30,30,0,match
1q5ucnb,0,30,30,0,match
1q5udbp,0,30,30,0,match
1q5ue0a,0,30,30,0,match
1q5uevu,0,29,29,0,match
1q5ufag,0,29,29,0,match
1q5ufpj,0,29,29,0,match
1q5ufx5,0,29,29,0,match
1q5ug9k,0,7,7,0,match
1q5uh1u,0,29,29,0,match
1q5uh8h,0,29,29,0,match
1q5uiq0,0,29,29,0,match
1q5ujnc,0,7,7,0,match
1q5uk0z,0,29,29,0,match
1q5ukf0,0,15,15,0,match
1q5ulig,0,29,29,0,match
1q5um0w,0,29,29,0,match
1q5umu4,0,29,29,0,match
1q5ungt,0,29,29,0,match
1q5unoa,0,29,29,0,match
1q5unun,0,5,5,0,match
1q5uo5y,0,1,1,0,match
1q5uo7a,0,29,29,0,match
1q5uoax,0,29,29,0,match
1q5uolu,0,29,29,0,match
1q5uou8,0,29,29,0,match
1q5uqai,0,2,2,0,match
1q5uqn7,0,29,29,0,match
1q5uqv5,0,29,29,0,match
1q5us60,0,29,29,0,match
1q5us7y,0,29,29,0,match
1q5usj3,0,29,29,0,match
1q5ut61,0,29,29,0,match
1q5uth0,0,29,29,0,match
1q5utrn,0,29,29,0,match
1q5utyr,0,29,29,0,match
1q5uuc2,0,28,28,0,match
1q5uunk,0,29,29,0,match
1q5uv0u,0,29,29,0,match
1q5uv1a,0,29,29,0,match
1q5uv7o,0,2,2,0,match
1q5uvdj,0,29,29,0,match
1q5uw9n,0,29,29,0,match
1q5uy8k,0,29,29,0,match
1q5uyfg,0,29,29,0,match
1q5uyzp,0,29,29,0,match
1q5uz4u,0,29,29,0,match
1q5v08n,0,29,29,0,match
1q5v0b7,0,29,29,0,match
1q5v0fm,0,29,29,0,match
1q5v0lp,0,1,1,0,match
1q5v103,0,29,29,0,match
1q5v13z,0,29,29,0,match
1q5v18h,0,29,29,0,match
1q5v1en,0,29,29,0,match
1q5v1fo,0,29,29,0,match
1q5v2b2,0,2,2,0,match
1q5v31g,0,29,29,0,match
1q5v3ba,0,29,29,0,match
1q5v3p7,0,29,29,0,match
1q5v3xr,0,29,29,0,match
1q5v411,0,29,29,0,match
1q5v43e,0,29,29,0,match
1q5v4yy,0,29,29,0,match
1q5v56f,0,29,29,0,match
1q5v597,0,29,29,0,match
1q5v7g0,0,10,10,0,match
1q5v7pk,0,10,10,0,match
1q5v7ys,0,10,10,0,match
1q5v83h,0,29,29,0,match
1q5v85n,0,29,29,0,match
1q5v88g,0,29,29,0,match
1q5v8bu,0,29,29,0,match
1q5v8ep,0,6,6,0,match
1q5v8h1,0,10,10,0,match
1q5v8lu,0,29,29,0,match
1q5v8nk,0,29,29,0,match
1q5v8vu,0,10,10,0,match
1q5v9ba,0,10,10,0,match
1q5v9lb,0,9,9,0,match
1q5v9u7,0,9,9,0,match
1q5va4u,0,28,28,0,match
1q5vahv,0,28,28,0,match
1q5vakz,0,28,28,0,match
1q5vana,0,9,9,0,match
1q5vb10,0,9,9,0,match
1q5vb39,0,28,28,0,match
1q5vcwb,0,1,1,0,match
1q5vd3n,0,9,9,0,match
1q5vd3s,0,17,17,0,match
1q5vd8b,0,28,28,0,match
1q5vdjm,0,9,9,0,match
1q5vdnx,0,28,28,0,match
1q5vdpr,0,28,28,0,match
1q5vdtn,0,28,28,0,match
1q5ven8,0,28,28,0,match
1q5veo6,0,28,28,0,match
1q5vfl6,0,28,28,0,match
1q5vfoa,0,28,28,0,match
1q5vfq4,0,9,9,0,match
1q5vg2u,0,1,1,0,match
1q5vg9m,0,28,28,0,match
1q5vgj9,0,28,28,0,match
1q5vgyh,0,1,1,0,match
1q5vha8,0,28,28,0,match
1q5vhpu,0,28,28,0,match
1q5vi2y,0,9,9,0,match
1q5vi69,0,1,1,0,match
1q5vi7a,0,28,28,0,match
1q5vi7d,0,28,28,0,match
1q5vihh,0,28,28,0,match
1q5vilk,0,28,28,0,match
1q5ving,0,28,28,0,match
1q5vjbw,0,28,28,0,match
1q5vjw8,0,28,28,0,match
1q5vk6e,0,28,28,0,match
1q5vkmr,0,4,4,0,match
1q5vktn,0,28,28,0,match
1q5vkzu,0,1,1,0,match
1q5vl52,0,9,9,0,match
1q5vl5v,0,28,28,0,match
1q5vla1,0,28,28,0,match
1q5vlb8,0,1,1,0,match
1q5vlc4,0,28,28,0,match
1q5vlf8,0,28,28,0,match
1q5vlnd,0,28,28,0,match
1q5vlxz,0,28,28,0,match
1q5vmpp,0,28,28,0,match
1q5vmr7,0,28,28,0,match
1q5vmud,0,28,28,0,match
1q5vnda,0,28,28,0,match
1q5vnot,0,28,28,0,match
1q5vnxd,0,28,28,0,match
1q5vnxf,0,28,28,0,match
1q5vofi,0,28,28,0,match
1q5vp34,0,8,8,0,match
1q5vpab,0,27,27,0,match
1q5vpbt,0,27,27,0,match
1q5vpcv,0,8,8,0,match
1q5vpu1,0,27,27,0,match
1q5vq7w,0,1,1,0,match
1q5vqr5,0,27,27,0,match
1q5vqzx,0,27,27,0,match
1q5vriv,0,27,27,0,match
1q5vrod,0,27,27,0,match
1q5vrrb,0,27,27,0,match
1q5vruu,0,27,27,0,match
1q5vrvy,0,27,27,0,match
1q5vs63,0,27,27,0,match
1q5vtnk,0,27,27,0,match
1q5vtql,0,27,27,0,match
1q5vu0y,0,27,27,0,match
1q5vubk,0,4,4,0,match
1q5vvnr,0,27,27,0,match
1q5vvrl,0,27,27,0,match
1q5vwmd,0,27,27,0,match
1q5vx10,0,27,27,0,match
1q5vx76,0,27,27,0,match
1q5vxef,0,10,10,0,match
1q5vxer,0,27,27,0,match
1q5vxsu,0,27,27,0,match
1q5vxtp,0,27,27,0,match
1q5vy0p,0,3,3,0,match
1q5vzjj,0,27,27,0,match
1q5w0lz,0,27,27,0,match
1q5w26x,0,27,27,0,match
1q5w2bj,0,27,27,0,match
1q5w2hq,0,27,27,0,match
1q5w2ka,0,14,14,0,match
1q5w3ec,0,27,27,0,match
1q5w3fj,0,27,27,0,match
1q5w3rw,0,26,26,0,match
1q5w43p,0,3,3,0,match
1q5w4cn,0,27,27,0,match
1q5w5cs,0,27,27,0,match
1q5w5jf,0,27,27,0,match
1q5w5n6,0,27,27,0,match
1q5w5nv,0,27,27,0,match
1q5w6ta,0,27,27,0,match
1q5w7cc,0,27,27,0,match
1q5w7cm,0,27,27,0,match
1q5w7sk,0,27,27,0,match
1q5w80e,0,27,27,0,match
1q5w84k,0,27,27,0,match
1q5w8l1,0,2,2,0,match
1q5w99w,0,27,27,0,match
1q5w9df,0,27,27,0,match
1q5w9fm,0,3,3,0,match
1q5w9wf,0,27,27,0,match
1q5wakw,0,1,1,0,match
1q5waqo,0,27,27,0,match
1q5wb1t,0,2,2,0,match
1q5wbo0,0,27,27,0,match
1q5wbos,0,27,27,0,match
1q5wc54,0,3,3,0,match
1q5wcb5,0,27,27,0,match
1q5wcs3,0,27,27,0,match
1q5wd7g,0,27,27,0,match
1q5wdaj,0,27,27,0,match
1q5wdl2,0,3,3,0,match
1q5wdmi,0,27,27,0,match
1q5wdtq,0,27,27,0,match
1q5we3x,0,27,27,0,match
1q5wemk,0,27,27,0,match
1q5wetm,0,27,27,0,match
1q5weyt,0,27,27,0,match
1q5wf3t,0,27,27,0,match
1q5wffl,0,27,27,0,match
1q5wfhh,0,27,27,0,match
1q5wfue,0,27,27,0,match
1q5wfux,0,1,1,0,match
1q5wfw7,0,27,27,0,match
1q5wgcc,0,27,27,0,match
1q5wgjb,0,27,27,0,match
1q5wh2t,0,27,27,0,match
1q5whef,0,27,27,0,match
1q5whk8,0,1,1,0,match
1q5whwo,0,28,28,0,match
1q5wikd,0,5,5,0,match
1q5wiml,0,27,27,0,match
1q5wip5,0,27,27,0,match
1q5wiyq,0,27,27,0,match
1q5wkgw,0,27,27,0,match
1q5wlsb,0,27,27,0,match
1q5wm8w,0,27,27,0,match
1q5wmu1,0,27,27,0,match
1q5wmv8,0,27,27,0,match
1q5wn7r,0,27,27,0,match
1q5wnum,0,27,27,0,match
1q5wok8,0,27,27,0,match
1q5wong,0,27,27,0,match
1q5wp4a,0,27,27,0,match
1q5wpk0,0,27,27,0,match
1q5wpug,0,27,27,0,match
1q5wpx9,0,27,27,0,match
1q5wq6a,0,27,27,0,match
1q5wq8z,0,27,27,0,match
1q5wqj5,0,27,27,0,match
1q5wr0n,0,27,27,0,match
1q5wrv2,0,14,14,0,match
1q5wrvi,0,17,17,0,match
1q5wry2,0,27,27,0,match
1q5wsev,0,27,27,0,match
1q5wspa,0,27,27,0,match
1q5wt93,0,1,1,0,match
1q5wthx,0,27,27,0,match
1q5wtj8,0,27,27,0,match
1q5wtsn,0,27,27,0,match
1q5wu05,0,27,27,0,match
1q5wu82,0,27,27,0,match
1q5wucj,0,27,27,0,match
1q5wuy1,0,27,27,0,match
1q5wvbo,0,27,27,0,match
1q5wvc2,0,27,27,0,match
1q5wvga,0,28,28,0,match
1q5wwjn,0,1,1,0,match
1q5wwv7,0,28,28,0,match
1q5wx3n,0,27,27,0,match
1q5wy2z,0,27,27,0,match
1q5wz5s,0,2,2,0,match
1q5wzfz,0,27,27,0,match
1q5wzjc,0,27,27,0,match
1q5wzwo,0,14,14,0,match
1q5x0n0,0,27,27,0,match
1q5x16k,0,27,27,0,match
1q5x176,0,27,27,0,match
1q5x2ea,0,1,1,0,match
1q5x2it,0,27,27,0,match
1q5x2py,0,27,27,0,match
1q5x2ql,0,27,27,0,match
1q5x2ru,0,27,27,0,match
1q5x2wp,0,27,27,0,match
1q5x3dm,0,27,27,0,match
1q5x40d,0,1,1,0,match
1q5x4mi,0,27,27,0,match
1q5x4re,0,27,27,0,match
1q5x5ah,0,27,27,0,match
1q5x5ja,0,27,27,0,match
1q5x5ky,0,27,27,0,match
1q5x5t7,0,27,27,0,match
1q5x5wg,0,26,26,0,match
1q5x6d8,0,27,27,0,match
1q5x6p0,0,27,27,0,match
1q5x6y3,0,1,1,0,match
1q5x7bw,0,1,1,0,match
1q5x7m1,0,27,27,0,match
1q5x7mi,0,27,27,0,match
1q5x7pm,0,27,27,0,match
1q5x7ue,0,27,27,0,match
1q5x814,0,27,27,0,match
1q5x85x,0,4,4,0,match
1q5x8ab,0,27,27,0,match
1q5x8cl,0,27,27,0,match
1q5x8h7,0,27,27,0,match
1q5x9j2,0,10,10,0,match
1q5x9or,0,28,28,0,match
1q5x9r1,0,28,28,0,match
1q5xab3,0,28,28,0,match
1q5xaea,0,28,28,0,match
1q5xag2,0,1,1,0,match
1q5xaon,0,1,1,0,match
1q5xapm,0,28,28,0,match
1q5xati,0,28,28,0,match
1q5xc7v,0,27,27,0,match
1q5xct3,0,27,27,0,match
1q5xd3m,0,27,27,0,match
1q5xd59,0,27,27,0,match
1q5xd6d,0,27,27,0,match
1q5xdep,0,3,3,0,match
1q5xds0,0,10,10,0,match
1q5xdt4,0,27,27,0,match
1q5xe0j,0,27,27,0,match
1q5xefn,0,27,27,0,match
1q5xeh2,0,27,27,0,match
1q5xej1,0,27,27,0,match
1q5xf4y,0,27,27,0,match
1q5xfrs,0,27,27,0,match
1q5xg7g,0,13,13,0,match
1q5xgjn,0,27,27,0,match
1q5xgre,0,9,9,0,match
1q5xhvq,0,27,27,0,match
1q5xhzy,0,27,27,0,match
1q5ximz,0,5,5,0,match
1q5xip2,0,27,27,0,match
1q5xiqr,0,27,27,0,match
1q5xj5u,0,27,27,0,match
1q5xk5j,0,27,27,0,match
1q5xk72,0,27,27,0,match
1q5xkik,0,27,27,0,match
1q5xkp5,0,27,27,0,match
1q5xlc6,0,27,27,0,match
1q5xlnj,0,27,27,0,match
1q5xm0b,0,27,27,0,match
1q5xmxc,0,27,27,0,match
1q5xn66,0,27,27,0,match
1q5xnef,0,27,27,0,match
1q5xnhg,0,27,27,0,match
1q5xnio,0,28,28,0,match
1q5xnyg,0,28,28,0,match
1q5xoxi,0,6,6,0,match
1q5xpp6,0,28,28,0,match
1q5xpqe,0,28,28,0,match
1q5xpsz,0,27,27,0,match
1q5xq21,0,27,27,0,match
1q5xrjt,0,27,27,0,match
1q5xrlm,0,27,27,0,match
1q5xrvt,0,27,27,0,match
1q5xstw,0,27,27,0,match
1q5xt3e,0,4,4,0,match
1q5xtnw,0,27,27,0,match
1q5xue8,0,27,27,0,match
1q5xufl,0,1,1,0,match
1q5xugo,0,27,27,0,match
1q5xumn,0,3,3,0,match
1q5xums,0,27,27,0,match
1q5xv13,0,27,27,0,match
1q5xvp4,0,27,27,0,match
1q5xvvb,0,27,27,0,match
1q5xvwi,0,14,14,0,match
1q5xw54,0,27,27,0,match
1q5xxen,0,27,27,0,match
1q5xxpk,0,27,27,0,match
1q5xxvf,0,27,27,0,match
1q5xxxl,0,27,27,0,match
1q5xycv,0,27,27,0,match
1q5xyvb,0,27,27,0,match
1q5xz2t,0,27,27,0,match
1q5xz66,0,27,27,0,match
1q5xzcj,0,27,27,0,match
1q5xzfb,0,27,27,0,match
1q5xzqa,0,1,1,0,match
1q5xzqs,0,27,27,0,match
1q5y02a,0,27,27,0,match
1q5y05j,0,27,27,0,match
1q5y0cj,0,27,27,0,match
1q5y12k,0,27,27,0,match
1q5y12p,0,28,28,0,match
1q5y1bv,0,28,28,0,match
1q5y1pz,0,28,28,0,match
1q5y1r5,0,28,28,0,match
1q5y1wt,0,28,28,0,match
1q5y42x,0,27,27,0,match
1q5y53n,0,27,27,0,match
1q5y562,0,27,27,0,match
1q5y5k9,0,27,27,0,match
1q5y5ob,0,27,27,0,match
1q5y6ej,0,27,27,0,match
1q5y6mi,0,3,3,0,match
1q5y6on,0,27,27,0,match
1q5y711,0,27,27,0,match
1q5y725,0,27,27,0,match
1q5y729,0,27,27,0,match
1q5y753,0,27,27,0,match
1q5y7cu,0,15,15,0,match
1q5y8lx,0,27,27,0,match
1q5y8qo,0,8,8,0,match
1q5y8ut,0,27,27,0,match
1q5y8vi,0,27,27,0,match
1q5y8wj,0,27,27,0,match
1q5y97r,0,1,1,0,match
1q5y9os,0,27,27,0,match
1q5y9ty,0,27,27,0,match
1q5y9xz,0,2,2,0,match
1q5ya2w,0,2,2,0,match
1q5yad1,0,27,27,0,match
1q5yaph,0,27,27,0,match
1q5yaxb,0,27,27,0,match
1q5yay4,0,27,27,0,match
1q5yazp,0,27,27,0,match
1q5yb2r,0,28,28,0,match
1q5yb2v,0,28,28,0,match
1q5yb3y,0,28,28,0,match
1q5yc62,0,1,1,0,match
1q5ycsq,0,28,28,0,match
1q5ycv7,0,28,28,0,match
1q5ydjr,0,28,28,0,match
1q5yds9,0,28,28,0,match
1q5yeb8,0,28,28,0,match
1q5yebf,0,1,1,0,match
1q5yej7,0,28,28,0,match
1q5yf2l,0,28,28,0,match
1q5yf6f,0,28,28,0,match
1q5yfs4,0,28,28,0,match
1q5yfx3,0,28,28,0,match
1q5yg5e,0,28,28,0,match
1q5ygua,0,2,2,0,match
1q5yh7x,0,28,28,0,match
1q5yhdb,0,1,1,0,match
1q5yhul,0,27,27,0,match
1q5yidz,0,27,27,0,match
1q5yik1,0,27,27,0,match
1q5yitq,0,1,1,0,match
1q5yj7e,0,27,27,0,match
1q5yjib,0,27,27,0,match
1q5yk8j,0,27,27,0,match
1q5yk8m,0,27,27,0,match
1q5ykjl,0,27,27,0,match
1q5ylv2,0,27,27,0,match
1q5ym2o,0,27,27,0,match
1q5ym95,0,22,22,0,match
1q5yma4,0,27,27,0,match
1q5ymck,0,27,27,0,match
1q5ymyi,0,27,27,0,match
1q5yn8u,0,27,27,0,match
1q5ynox,0,27,27,0,match
1q5yo49,0,27,27,0,match
1q5yo7x,0,27,27,0,match
1q5yoaw,0,1,1,0,match
1q5yogf,0,27,27,0,match
1q5yopz,0,27,27,0,match
1q5yow4,0,27,27,0,match
1q5yoy5,0,28,28,0,match
1q5yp3a,0,28,28,0,match
1q5ypy4,0,28,28,0,match
1q5yqv4,0,28,28,0,match
1q5yrcj,0,28,28,0,match
1q5yri6,0,28,28,0,match
1q5yrnj,0,28,28,0,match
1q5ys0d,0,28,28,0,match
1q5ysbu,0,11,11,0,match
1q5yt8o,0,28,28,0,match
1q5ytvf,0,28,28,0,match
1q5yuhp,0,28,28,0,match
1q5yujl,0,28,28,0,match
1q5yv8t,0,28,28,0,match
1q5yvfy,0,28,28,0,match
1q5yw2e,0,27,27,0,match
1q5yx70,0,1,1,0,match
1q5yxmv,0,27,27,0,match
1q5yyrs,0,27,27,0,match
1q5yyum,0,27,27,0,match
1q5yz0s,0,27,27,0,match
1q5yz2z,0,27,27,0,match
1q5z1l4,0,27,27,0,match
1q5z1m6,0,27,27,0,match
1q5z365,0,27,27,0,match
1q5z3et,0,27,27,0,match
1q5z3l5,0,27,27,0,match
1q5z3ym,0,27,27,0,match
1q5z42l,0,27,27,0,match
1q5z4bb,0,27,27,0,match
1q5z4en,0,27,27,0,match
1q5z53t,0,27,27,0,match
1q5z5ob,0,27,27,0,match
1q5z5q6,0,27,27,0,match
1q5z655,0,27,27,0,match
1q5z6fl,0,1,1,0,match
1q5z6iy,0,27,27,0,match
1q5z6m9,0,27,27,0,match
1q5z6qy,0,3,3,0,match
1q5z6wd,0,28,28,0,match
1q5z83e,0,28,28,0,match
1q5z83p,0,5,5,0,match
1q5z84b,0,28,28,0,match
1q5z886,0,28,28,0,match
1q5z8i6,0,28,28,0,match
1q5z8uy,0,7,7,0,match
1q5z9ep,0,27,27,0,match
1q5z9ix,0,20,20,0,match
1q5z9q3,0,27,27,0,match
1q5za4d,0,27,27,0,match
1q5za6x,0,27,27,0,match
1q5zac8,0,1,1,0,match
1q5zasv,0,27,27,0,match
1q5zb8h,0,4,4,0,match
1q5zcif,0,27,27,0,match
1q5zcls,0,27,27,0,match
1q5zd9h,0,26,26,0,match
1q5zdah,0,27,27,0,match
1q5zdp0,0,4,4,0,match
1q5zdye,0,27,27,0,match
1q5zfqy,0,4,4,0,match
1q5zg22,0,27,27,0,match
1q5zghu,0,27,27,0,match
1q5zgkp,0,27,27,0,match
1q5zgpa,0,27,27,0,match
1q5zgwv,0,27,27,0,match
1q5zhfl,0,10,10,0,match
1q5zhlm,0,11,11,0,match
1q5zhq2,0,27,27,0,match
1q5zi6v,0,27,27,0,match
1q5zi6w,0,27,27,0,match
1q5zihw,0,5,5,0,match
1q5zitr,0,27,27,0,match
1q5zju4,0,4,4,0,match
1q5zkje,0,1,1,0,match
1q5zlbx,0,27,27,0,match
1q5zlmt,0,11,11,0,match
1q5zm1e,0,27,27,0,match
1q5zm3i,0,27,27,0,match
1q5zmdq,0,26,26,0,match
1q5zmf5,0,3,3,0,match
1q5zmk3,0,27,27,0,match
1q5zn3e,0,27,27,0,match
1q5zn9j,0,9,9,0,match
1q5zny1,0,27,27,0,match
1q5zosu,0,27,27,0,match
1q5zp04,0,27,27,0,match
1q5zpos,0,27,27,0,match
1q5zpox,0,27,27,0,match
1q5zptl,0,3,3,0,match
1q5zpwg,0,27,27,0,match
1q5zq2o,0,27,27,0,match
1q5zqx7,0,27,27,0,match
1q5zr17,0,2,2,0,match
1q5zr3k,0,27,27,0,match
1q5zr4w,0,3,3,0,match
1q5zrjb,0,3,3,0,match
1q5zrt9,0,27,27,0,match
1q5zrvl,0,27,27,0,match
1q5zs20,0,27,27,0,match
1q5zsd0,0,27,27,0,match
1q5zsia,0,27,27,0,match
1q5zsnp,0,27,27,0,match
1q5ztob,0,27,27,0,match
1q5zu17,0,25,25,0,match
1q5zuui,0,27,27,0,match
1q5zv09,0,27,27,0,match
1q5zv37,0,3,3,0,match
1q5zv7h,0,27,27,0,match
1q5zvw5,0,1,1,0,match
1q5zw3u,0,27,27,0,match
1q5zwn4,0,3,3,0,match
1q5zwsc,0,27,27,0,match
1q5zxbw,0,27,27,0,match
1q5zxil,0,27,27,0,match
1q5zxpn,0,19,19,0,match
1q5zxrn,0,27,27,0,match
1q5zxwe,0,3,3,0,match
1q5zyz7,0,27,27,0,match
1q5zz65,0,9,9,0,match
1q5zza3,0,27,27,0,match
1q5zzb9,0,1,1,0,match
1q5zzll,0,28,28,0,match
1q5zzp3,0,28,28,0,match
1q5zzzy,0,2,2,0,match
1q600qc,0,1,1,0,match
1q60109,0,27,27,0,match
1q601d1,0,27,27,0,match
1q601p3,0,27,27,0,match
1q601sg,0,1,1,0,match
1q60251,0,27,27,0,match
1q6027n,0,27,27,0,match
1q602h5,0,27,27,0,match
1q602zc,0,27,27,0,match
1q6035c,0,27,27,0,match
1q603d2,0,2,2,0,match
1q603vu,0,27,27,0,match
1q604qo,0,27,27,0,match
1q605sh,0,27,27,0,match
1q605up,0,27,27,0,match
1q6069n,0,27,27,0,match
1q606b9,0,27,27,0,match
1q606f4,0,2,2,0,match
1q606ux,0,27,27,0,match
1q606vq,0,27,27,0,match
1q607km,0,27,27,0,match
1q607ls,0,27,27,0,match
1q607v5,0,27,27,0,match
1q607y3,0,3,3,0,match
1q608al,0,27,27,0,match
1q608hq,0,27,27,0,match
1q608lh,0,27,27,0,match
1q608q6,0,27,27,0,match
1q608wr,0,27,27,0,match
1q60928,0,27,27,0,match
1q609oo,0,2,2,0,match
1q609s8,0,4,4,0,match
1q609tu,0,27,27,0,match
1q60a1j,0,27,27,0,match
1q60b3o,0,2,2,0,match
1q60bft,0,27,27,0,match
1q60bz5,0,27,27,0,match
1q60ce6,0,27,27,0,match
1q60cqi,0,27,27,0,match
1q60d0m,0,28,28,0,match
1q60ebe,0,27,27,0,match
1q60f67,0,27,27,0,match
1q60fbh,0,27,27,0,match
1q60fv9,0,27,27,0,match
1q60fw2,0,6,6,0,match
1q60fzp,0,27,27,0,match
1q60g4q,0,27,27,0,match
1q60gfl,0,4,4,0,match
1q60grq,0,11,11,0,match
1q60gx1,0,27,27,0,match
1q60h75,0,27,27,0,match
1q60hld,0,27,27,0,match
1q60hlx,0,27,27,0,match
1q60hrk,0,27,27,0,match
1q60hxn,0,27,27,0,match
1q60i5n,0,27,27,0,match
1q60ihl,0,27,27,0,match
1q60iz5,0,1,1,0,match
1q60izi,0,27,27,0,match
1q60jdk,0,27,27,0,match
1q60jfw,0,27,27,0,match
1q60jhj,0,27,27,0,match
1q60jtf,0,27,27,0,match
1q60jtj,0,27,27,0,match
1q60k9a,0,27,27,0,match
1q60kkv,0,27,27,0,match
1q60kw9,0,27,27,0,match
1q60kz4,0,27,27,0,match
1q60lbw,0,27,27,0,match
1q60lns,0,27,27,0,match
1q60lqg,0,27,27,0,match
1q60mzi,0,28,28,0,match
1q60n6d,0,28,28,0,match
1q60nak,0,28,28,0,match
1q60olx,0,2,2,0,match
1q60paw,0,28,28,0,match
1q60pfa,0,28,28,0,match
1q60pjg,0,28,28,0,match
1q60pm7,0,28,28,0,match
1q60qki,0,2,2,0,match
1q60rpk,0,28,28,0,match
1q60rt3,0,28,28,0,match
1q60ruz,0,28,28,0,match
1q60sac,0,28,28,0,match
1q60smn,0,28,28,0,match
1q60tci,0,27,27,0,match
1q60tpq,0,27,27,0,match
1q60trw,0,27,27,0,match
1q60vlc,0,27,27,0,match
1q60w8n,0,27,27,0,match
1q60wf5,0,27,27,0,match
1q60wvu,0,27,27,0,match
1q60wyv,0,27,27,0,match
1q60x8f,0,23,23,0,match
1q60xly,0,27,27,0,match
1q60y4t,0,2,2,0,match
1q60y8e,0,27,27,0,match
1q60yh4,0,27,27,0,match
1q60yog,0,27,27,0,match
1q60yor,0,1,1,0,match
1q60yxq,0,27,27,0,match
1q60yzg,0,27,27,0,match
1q60z1v,0,27,27,0,match
1q60z98,0,27,27,0,match
1q60zhm,0,27,27,0,match
1q60zom,0,27,27,0,match
1q60zuw,0,27,27,0,match
1q60zvv,0,27,27,0,match
1q611o8,0,27,27,0,match
1q611ui,0,27,27,0,match
1q612hh,0,27,27,0,match
1q612i5,0,27,27,0,match
1q612np,0,27,27,0,match
1q613gu,0,27,27,0,match
1q613or,0,27,27,0,match
1q613w6,0,27,27,0,match
1q61426,0,27,27,0,match
1q61484,0,27,27,0,match
1q614vd,0,14,14,0,match
1q615de,0,27,27,0,match
1q615go,0,27,27,0,match
1q6169g,0,26,26,0,match
1q6177g,0,26,26,0,match
1q617ta,0,1,1,0,match
1q6189b,0,26,26,0,match
1q619an,0,26,26,0,match
1q619cc,0,26,26,0,match
1q619hy,0,27,27,0,match
1q619l3,0,5,5,0,match
1q619ni,0,27,27,0,match
1q619r7,0,27,27,0,match
1q61bpb,0,5,5,0,match
1q61bpx,0,27,27,0,match
1q61c1u,0,27,27,0,match
1q61ck3,0,27,27,0,match
1q61ctt,0,27,27,0,match
1q61dlh,0,27,27,0,match
1q61e0o,0,27,27,0,match
1q61e40,0,27,27,0,match
1q61g2v,0,27,27,0,match
1q61g6f,0,27,27,0,match
1q61gfn,0,27,27,0,match
1q61ggt,0,27,27,0,match
1q61gxi,0,24,24,0,match
1q61h10,0,5,5,0,match
1q61h48,0,27,27,0,match
1q61h6m,0,27,27,0,match
1q61hhq,0,27,27,0,match
1q61hw0,0,27,27,0,match
1q61i6w,0,27,27,0,match
1q61j16,0,27,27,0,match
1q61j65,0,1,1,0,match
1q61jd2,0,27,27,0,match
1q61jek,0,27,27,0,match
1q61jn4,0,27,27,0,match
1q61joo,0,1,1,0,match
1q61jow,0,27,27,0,match
1q61jxo,0,26,26,0,match
1q61kfj,0,26,26,0,match
1q61kpv,0,26,26,0,match
1q61kth,0,1,1,0,match
1q61l2f,0,26,26,0,match
1q61l7p,0,26,26,0,match
1q61le3,0,1,1,0,match
1q61lfy,0,26,26,0,match
1q61lh6,0,26,26,0,match
1q61lml,0,27,27,0,match
1q61lxv,0,27,27,0,match
1q61mbf,0,27,27,0,match
1q61mf0,0,27,27,0,match
1q61mya,0,27,27,0,match
1q61myp,0,27,27,0,match
1q61n6b,0,1,1,0,match
1q61n6g,0,27,27,0,match
1q61nt8,0,27,27,0,match
1q61o6u,0,27,27,0,match
1q61oap,0,27,27,0,match
1q61p33,0,5,5,0,match
1q61phv,0,27,27,0,match
1q61q1s,0,2,2,0,match
1q61s14,0,27,27,0,match
1q61s8j,0,27,27,0,match
1q61sfk,0,27,27,0,match
1q61sp5,0,27,27,0,match
1q61tj8,0,27,27,0,match
1q61tt1,0,27,27,0,match
1q61tyj,0,6,6,0,match
1q61u3f,0,27,27,0,match
1q61u9m,0,27,27,0,match
1q61uhr,0,27,27,0,match
1q61urs,0,27,27,0,match
1q61wss,0,26,26,0,match
1q61x0b,0,5,5,0,match
1q61x7r,0,26,26,0,match
1q61xn0,0,26,26,0,match
1q61xxz,0,26,26,0,match
1q61y2r,0,26,26,0,match
1q61yh7,0,26,26,0,match
1q61z3q,0,11,11,0,match
1q61z7s,0,11,11,0,match
1q61zc5,0,27,27,0,match
1q61zcv,0,27,27,0,match
1q620jf,0,27,27,0,match
1q620mw,0,7,7,0,match
1q620vg,0,27,27,0,match
1q621tr,0,27,27,0,match
1q621zr,0,27,27,0,match
1q6227j,0,27,27,0,match
1q622h9,0,27,27,0,match
1q622i2,0,27,27,0,match
1q6232d,0,27,27,0,match
1q6236f,0,27,27,0,match
1q623mn,0,27,27,0,match
1q62425,0,27,27,0,match
1q624fs,0,27,27,0,match
1q624o9,0,27,27,0,match
1q624yo,0,27,27,0,match
1q6250g,0,27,27,0,match
1q625ny,0,27,27,0,match
1q625s2,0,3,3,0,match
1q6268c,0,27,27,0,match
1q626bl,0,27,27,0,match
1q626er,0,27,27,0,match
1q626t8,0,27,27,0,match
1q6271s,0,27,27,0,match
1q6272g,0,27,27,0,match
1q627yc,0,27,27,0,match
1q62811,0,27,27,0,match
1q6282l,0,27,27,0,match
1q6287d,0,27,27,0,match
1q628j2,0,27,27,0,match
1q628j8,0,27,27,0,match
1q628xo,0,27,27,0,match
1q628z1,0,27,27,0,match
1q629j7,0,26,26,0,match
1q62a8a,0,26,26,0,match
1q62alk,0,5,5,0,match
1q62atm,0,26,26,0,match
1q62b89,0,26,26,0,match
1q62bwx,0,26,26,0,match
1q62c1y,0,26,26,0,match
1q62cb4,0,27,27,0,match
1q62d6c,0,27,27,0,match
1q62d7u,0,27,27,0,match
1q62dia,0,27,27,0,match
1q62dml,0,27,27,0,match
1q62dwd,0,27,27,0,match
1q62dwt,0,27,27,0,match
1q62dxi,0,27,27,0,match
1q62e0j,0,5,5,0,match
1q62e8y,0,27,27,0,match
1q62eo5,0,27,27,0,match
1q62fl2,0,27,27,0,match
1q62gki,0,27,27,0,match
1q62h4n,0,27,27,0,match
1q62hef,0,27,27,0,match
1q62hu2,0,4,4,0,match
1q62i5q,0,27,27,0,match
1q62iqg,0,27,27,0,match
1q62iqn,0,27,27,0,match
1q62itq,0,27,27,0,match
1q62j7x,0,27,27,0,match
1q62jdb,0,6,6,0,match
1q62jlv,0,27,27,0,match
1q62k9n,0,27,27,0,match
1q62ka5,0,27,27,0,match
1q62kc0,0,27,27,0,match
1q62kgg,0,27,27,0,match
1q62ki9,0,27,27,0,match
1q62kog,0,27,27,0,match
1q62l3k,0,27,27,0,match
1q62laa,0,27,27,0,match
1q62lis,0,28,28,0,match
1q62m7l,0,1,1,0,match
1q62m81,0,27,27,0,match
1q62mau,0,27,27,0,match
1q62mdc,0,27,27,0,match
1q62mye,0,2,2,0,match
1q62n34,0,27,27,0,match
1q62n8d,0,27,27,0,match
1q62ncm,0,27,27,0,match
1q62nsg,0,27,27,0,match
1q62nv2,0,27,27,0,match
1q62ofu,0,27,27,0,match
1q62on8,0,27,27,0,match
1q62oxy,0,27,27,0,match
1q62p4a,0,2,2,0,match
1q62p94,0,27,27,0,match
1q62pk1,0,27,27,0,match
1q62pux,0,27,27,0,match
1q62qc6,0,27,27,0,match
1q62qf6,0,27,27,0,match
1q62qna,0,27,27,0,match
1q62rp6,0,28,28,0,match
1q62rwa,0,28,28,0,match
1q62s2g,0,3,3,0,match
1q62s2r,0,28,28,0,match
1q62sfh,0,28,28,0,match
1q62soo,0,28,28,0,match
1q62syj,0,28,28,0,match
1q62syq,0,28,28,0,match
1q62t32,0,28,28,0,match
1q62t36,0,28,28,0,match
1q62tiu,0,28,28,0,match
1q62tte,0,28,28,0,match
1q62two,0,28,28,0,match
1q62u40,0,28,28,0,match
1q62u4k,0,28,28,0,match
1q62w9m,0,29,29,0,match
1q62wvu,0,29,29,0,match
1q62xmu,0,29,29,0,match
1q62xyu,0,29,29,0,match
1q62ypp,0,28,28,0,match
1q62zde,0,28,28,0,match
1q62zr2,0,28,28,0,match
1q630qb,0,28,28,0,match
1q6312k,0,28,28,0,match
1q6319j,0,28,28,0,match
1q631d8,0,28,28,0,match
1q631is,0,28,28,0,match
1q631y4,0,28,28,0,match
1q6322w,0,28,28,0,match
1q632si,0,3,3,0,match
1q632ui,0,28,28,0,match
1q6332s,0,1,1,0,match
1q633el,0,28,28,0,match
1q633pb,0,28,28,0,match
1q63442,0,28,28,0,match
1q634c9,0,28,28,0,match
1q634ra,0,28,28,0,match
1q634rb,0,28,28,0,match
1q635zz,0,28,28,0,match
1q6360c,0,28,28,0,match
1q6362n,0,28,28,0,match
1q636h2,0,1,1,0,match
1q636vq,0,28,28,0,match
1q636xp,0,28,28,0,match
1q6372e,0,28,28,0,match
1q637en,0,28,28,0,match
1q637mt,0,28,28,0,match
1q637oz,0,28,28,0,match
1q638fs,0,28,28,0,match
1q638gf,0,29,29,0,match
1q638ss,0,29,29,0,match
1q638zb,0,1,1,0,match
1q63a5r,0,29,29,0,match
1q63aas,0,1,1,0,match
1q63agw,0,29,29,0,match
1q63akw,0,29,29,0,match
1q63av7,0,29,29,0,match
1q63awc,0,4,4,0,match
1q63b9u,0,2,2,0,match
1q63blb,0,28,28,0,match
1q63bxl,0,28,28,0,match
1q63bzg,0,28,28,0,match
1q63cmf,0,28,28,0,match
1q63cs3,0,28,28,0,match
1q63d5g,0,28,28,0,match
1q63djw,0,28,28,0,match
1q63dyz,0,28,28,0,match
1q63egr,0,28,28,0,match
1q63f9d,0,28,28,0,match
1q63ge5,0,1,1,0,match
1q63gk8,0,28,28,0,match
1q63gyr,0,28,28,0,match
1q63h85,0,28,28,0,match
1q63h9t,0,28,28,0,match
1q63hgf,0,28,28,0,match
1q63i44,0,28,28,0,match
1q63i5v,0,28,28,0,match
1q63jg9,0,28,28,0,match
1q63jtl,0,28,28,0,match
1q63l77,0,28,28,0,match
1q63l8i,0,2,2,0,match
1q63l8p,0,28,28,0,match
1q63ls6,0,28,28,0,match
1q63lyl,0,28,28,0,match
1q63mad,0,28,28,0,match
1q63ntw,0,27,27,0,match
1q63o2b,0,27,27,0,match
1q63pbb,0,27,27,0,match
1q63pdf,0,27,27,0,match
1q63pkl,0,27,27,0,match
1q63pm5,0,27,27,0,match
1q63q5f,0,27,27,0,match
1q63qrk,0,28,28,0,match
1q63s3f,0,28,28,0,match
1q63sig,0,28,28,0,match
1q63snv,0,28,28,0,match
1q63t3l,0,28,28,0,match
1q63t6v,0,28,28,0,match
1q63u5b,0,28,28,0,match
1q63v50,0,28,28,0,match
1q63v7g,0,28,28,0,match
1q63vbo,0,28,28,0,match
1q63vhn,0,28,28,0,match
1q63vqr,0,28,28,0,match
1q63vt1,0,28,28,0,match
1q63wjf,0,2,2,0,match
1q63wy4,0,28,28,0,match
1q63y4s,0,28,28,0,match
1q63ycy,0,28,28,0,match
1q63yx0,0,29,29,0,match
1q63zjh,0,29,29,0,match
1q63zlj,0,29,29,0,match
1q63zun,0,29,29,0,match
1q63zuo,0,1,1,0,match
1q640fw,0,28,28,0,match
1q640j8,0,28,28,0,match
1q64177,0,28,28,0,match
1q641e6,0,28,28,0,match
1q641fh,0,28,28,0,match
1q641ry,0,28,28,0,match
1q641vo,0,28,28,0,match
1q641z6,0,3,3,0,match
1q642jt,0,28,28,0,match
1q642mq,0,28,28,0,match
1q642we,0,28,28,0,match
1q6436h,0,28,28,0,match
1q643bu,0,28,28,0,match
1q643mb,0,28,28,0,match
1q6447o,0,28,28,0,match
1q644du,0,4,4,0,match
1q644x2,0,28,28,0,match
1q6454o,0,28,28,0,match
1q645cl,0,28,28,0,match
1q645xc,0,28,28,0,match
1q646cn,0,28,28,0,match
1q6474q,0,28,28,0,match
1q6474s,0,28,28,0,match
1q6478b,0,28,28,0,match
1q647m3,0,28,28,0,match
1q647q3,0,28,28,0,match
1q6481q,0,28,28,0,match
1q648ab,0,2,2,0,match
1q648r7,0,29,29,0,match
1q649g2,0,29,29,0,match
1q649j6,0,29,29,0,match
1q649np,0,29,29,0,match
1q649w5,0,7,7,0,match
1q649xy,0,29,29,0,match
1q64b38,0,29,29,0,match
1q64bcm,0,29,29,0,match
1q64bk1,0,29,29,0,match
1q64bnz,0,29,29,0,match
1q64c65,0,5,5,0,match
1q64d0w,0,28,28,0,match
1q64dho,0,28,28,0,match
1q64dhq,0,28,28,0,match
1q64di6,0,21,21,0,match
1q64dry,0,28,28,0,match
1q64dub,0,28,28,0,match
1q64e4z,0,28,28,0,match
1q64e8n,0,25,25,0,match
1q64et6,0,28,28,0,match
1q64exv,0,28,28,0,match
1q64f57,0,28,28,0,match
1q64f87,0,28,28,0,match
1q64fp4,0,28,28,0,match
1q64g1o,0,4,4,0,match
1q64g2u,0,28,28,0,match
1q64gmh,0,29,29,0,match
1q64gv1,0,29,29,0,match
1q64gyf,0,29,29,0,match
1q64hbx,0,29,29,0,match
1q64hl6,0,29,29,0,match
1q64hnm,0,29,29,0,match
1q64hsp,0,29,29,0,match
1q64i1v,0,29,29,0,match
1q64i2y,0,29,29,0,match
1q64jbd,0,29,29,0,match
1q64jkb,0,29,29,0,match
1q64kna,0,4,4,0,match
1q64kne,0,29,29,0,match
1q64ks8,0,29,29,0,match
1q64l2d,0,1,1,0,match
1q64l8u,0,29,29,0,match
1q64lax,0,29,29,0,match
1q64lju,0,29,29,0,match
1q64lsh,0,29,29,0,match
1q64lvz,0,29,29,0,match
1q64m8w,0,29,29,0,match
1q64mir,0,29,29,0,match
1q64ml5,0,29,29,0,match
1q64msx,0,29,29,0,match
1q64mth,0,29,29,0,match
1q64mzk,0,1,1,0,match
1q64n38,0,29,29,0,match
1q64n7a,0,29,29,0,match
1q64n7p,0,29,29,0,match
1q64oba,0,29,29,0,match
1q64obu,0,29,29,0,match
1q64odv,0,29,29,0,match
1q64osl,0,28,28,0,match
1q64p9t,0,28,28,0,match
1q64ppz,0,28,28,0,match
1q64pwg,0,28,28,0,match
1q64q3i,0,28,28,0,match
1q64q5j,0,28,28,0,match
1q64qgv,0,28,28,0,match
1q64qha,0,28,28,0,match
1q64qxb,0,28,28,0,match
1q64r74,0,28,28,0,match
1q64re1,0,28,28,0,match
1q64s2o,0,28,28,0,match
1q64s55,0,23,23,0,match
1q64skr,0,28,28,0,match
1q64soo,0,28,28,0,match
1q64sth,0,28,28,0,match
1q64tfe,0,28,28,0,match
1q64tkr,0,28,28,0,match
1q64uag,0,28,28,0,match
1q64ulp,0,1,1,0,match
1q64umi,0,28,28,0,match
1q64unu,0,28,28,0,match
1q64v0w,0,5,5,0,match
1q64vlq,0,28,28,0,match
1q64vxs,0,28,28,0,match
1q64w14,0,28,28,0,match
1q64w3k,0,28,28,0,match
1q64wpz,0,29,29,0,match
1q64xn5,0,1,1,0,match
1q64xr3,0,29,29,0,match
1q64xss,0,29,29,0,match
1q64yk0,0,29,29,0,match
1q64yku,0,29,29,0,match
1q64ypx,0,29,29,0,match
1q64yta,0,29,29,0,match
1q64z9g,0,29,29,0,match
1q650zd,0,28,28,0,match
1q651br,0,28,28,0,match
1q651e8,0,28,28,0,match
1q651ro,0,28,28,0,match
1q651u7,0,28,28,0,match
1q651xl,0,28,28,0,match
1q6522d,0,28,28,0,match
1q65253,0,28,28,0,match
1q6525n,0,28,28,0,match
1q6529t,0,28,28,0,match
1q653pg,0,28,28,0,match
1q6548d,0,28,28,0,match
1q655by,0,28,28,0,match
1q655ec,0,28,28,0,match
1q655pz,0,28,28,0,match
1q655vk,0,28,28,0,match
1q6577x,0,28,28,0,match
1q657ce,0,28,28,0,match
1q657f3,0,28,28,0,match
1q657k4,0,28,28,0,match
1q657lj,0,1,1,0,match
1q657mt,0,29,29,0,match
1q657ru,0,29,29,0,match
1q657t0,0,11,11,0,match
1q657xv,0,29,29,0,match
1q657yd,0,29,29,0,match
1q657z0,0,29,29,0,match
1q6584t,0,29,29,0,match
1q658df,0,29,29,0,match
1q658h2,0,11,11,0,match
1q658q0,0,29,29,0,match
1q658u0,0,29,29,0,match
1q658vo,0,29,29,0,match
1q658y6,0,2,2,0,match
1q659at,0,29,29,0,match
1q659p6,0,29,29,0,match
1q65adf,0,29,29,0,match
1q65ae7,0,29,29,0,match
1q65afz,0,29,29,0,match
1q65ahi,0,29,29,0,match
1q65ap7,0,29,29,0,match
1q65b1u,0,29,29,0,match
1q65b7k,0,29,29,0,match
1q65bmp,0,29,29,0,match
1q65bov,0,29,29,0,match
1q65bxp,0,1,1,0,match
1q65c0h,0,29,29,0,match
1q65c5n,0,12,12,0,match
1q65cdc,0,28,28,0,match
1q65ce8,0,28,28,0,match
1q65cf1,0,28,28,0,match
1q65cii,0,28,28,0,match
1q65dc6,0,28,28,0,match
1q65dgr,0,28,28,0,match
1q65dly,0,28,28,0,match
1q65dtq,0,28,28,0,match
1q65e0x,0,28,28,0,match
1q65e3t,0,28,28,0,match
1q65elu,0,5,5,0,match
1q65erp,0,9,9,0,match
1q65et0,0,28,28,0,match
1q65ezs,0,1,1,0,match
1q65f84,0,28,28,0,match
1q65fg5,0,28,28,0,match
1q65g2c,0,5,5,0,match
1q65h0w,0,28,28,0,match
1q65h3m,0,29,29,0,match
1q65h5e,0,29,29,0,match
1q65hdz,0,29,29,0,match
1q65hp1,0,29,29,0,match
1q65i16,0,29,29,0,match
1q65i6k,0,29,29,0,match
1q65ieq,0,29,29,0,match
1q65ihx,0,29,29,0,match
1q65irq,0,29,29,0,match
1q65j25,0,1,1,0,match
1q65k9x,0,29,29,0,match
1q65kcg,0,29,29,0,match
1q65kgj,0,1,1,0,match
1q65kjl,0,29,29,0,match
1q65l5j,0,29,29,0,match
1q65l9o,0,29,29,0,match
1q65lfp,0,29,29,0,match
1q65lrr,0,29,29,0,match
1q65lsi,0,29,29,0,match
1q65m7q,0,29,29,0,match
1q65mkk,0,29,29,0,match
1q65mms,0,29,29,0,match
1q65mvv,0,29,29,0,match
1q65nam,0,29,29,0,match
1q65nl0,0,28,28,0,match
1q65nlz,0,28,28,0,match
1q65nvh,0,28,28,0,match
1q65oc9,0,28,28,0,match
1q65os9,0,28,28,0,match
1q65oyh,0,28,28,0,match
1q65p37,0,29,29,0,match
1q65p5d,0,29,29,0,match
1q65ppi,0,29,29,0,match
1q65pw2,0,29,29,0,match
1q65qsh,0,29,29,0,match
1q65qvy,0,29,29,0,match
1q65r08,0,29,29,0,match
1q65ru0,0,29,29,0,match
1q65sfu,0,29,29,0,match
1q65sly,0,29,29,0,match
1q65st9,0,29,29,0,match
1q65t57,0,29,29,0,match
1q65tnq,0,29,29,0,match
1q65tqf,0,29,29,0,match
1q65tqh,0,29,29,0,match
1q65tr9,0,29,29,0,match
1q65u7a,0,29,29,0,match
1q65ucp,0,29,29,0,match
1q65utr,0,29,29,0,match
1q65vg0,0,29,29,0,match
1q65vlr,0,29,29,0,match
1q65vsd,0,29,29,0,match
1q65vt9,0,29,29,0,match
1q65w40,0,29,29,0,match
1q65w44,0,29,29,0,match
1q65w6i,0,29,29,0,match
1q65wg5,0,29,29,0,match
1q65wja,0,12,12,0,match
1q65xlp,0,29,29,0,match
1q65xmp,0,1,1,0,match
1q65y7d,0,30,30,0,match
1q65yb9,0,30,30,0,match
1q65yr9,0,30,30,0,match
1q65yu8,0,30,30,0,match
1q65yz1,0,3,3,0,match
1q65z66,0,30,30,0,match
1q65zf6,0,30,30,0,match
1q6600b,0,30,30,0,match
1q66074,0,30,30,0,match
1q660k5,0,30,30,0,match
1q660km,0,30,30,0,match
1q660q0,0,31,31,0,match
1q6619p,0,30,30,0,match
1q661pk,0,30,30,0,match
1q661qr,0,30,30,0,match
1q6620i,0,30,30,0,match
1q6622x,0,2,2,0,match
1q6628h,0,30,30,0,match
1q662dv,0,30,30,0,match
1q662hy,0,30,30,0,match
1q662tf,0,30,30,0,match
1q662tt,0,30,30,0,match
1q663ht,0,30,30,0,match
1q66406,0,30,30,0,match
1q664mn,0,2,2,0,match
1q6659j,0,30,30,0,match
1q6662r,0,30,30,0,match
1q66689,0,30,30,0,match
1q666bd,0,30,30,0,match
1q666p1,0,30,30,0,match
1q666uo,0,25,25,0,match
1q667f1,0,30,30,0,match
1q667gn,0,30,30,0,match
1q6684q,0,30,30,0,match
1q668am,0,30,30,0,match
1q668cp,0,30,30,0,match
1q668dk,0,30,30,0,match
1q668mo,0,30,30,0,match
1q668pa,0,31,31,0,match
1q668qt,0,31,31,0,match
1q66992,0,31,31,0,match
1q669bd,0,31,31,0,match
1q669dd,0,31,31,0,match
1q669dx,0,31,31,0,match
1q669fm,0,31,31,0,match
1q66a46,0,31,31,0,match
1q66ant,0,31,31,0,match
1q66bha,0,31,31,0,match
1q66bmk,0,31,31,0,match
1q66bsp,0,31,31,0,match
1q66caa,0,31,31,0,match
1q66ctb,0,31,31,0,match
1q66cz1,0,31,31,0,match
1q66d2x,0,31,31,0,match
1q66dka,0,31,31,0,match
1q66dkz,0,31,31,0,match
1q66dno,0,1,1,0,match
1q66doa,0,31,31,0,match
1q66eaw,0,31,31,0,match
1q66ebv,0,31,31,0,match
1q66eg0,0,31,31,0,match
1q66em1,0,31,31,0,match
1q66em8,0,31,31,0,match
1q66en4,0,31,31,0,match
1q66enl,0,31,31,0,match
1q66env,0,31,31,0,match
1q66ev1,0,31,31,0,match
1q66f0q,0,31,31,0,match
1q66flx,0,31,31,0,match
1q66fnt,0,31,31,0,match
1q66fp7,0,31,31,0,match
1q66fuj,0,31,31,0,match
1q66g8h,0,30,30,0,match
1q66gah,0,31,31,0,match
1q66gg6,0,31,31,0,match
1q66gth,0,31,31,0,match
1q66h13,0,31,31,0,match
1q66he8,0,21,21,0,match
1q66hjs,0,31,31,0,match
1q66i2j,0,31,31,0,match
1q66i4m,0,31,31,0,match
1q66i7s,0,31,31,0,match
1q66i8w,0,31,31,0,match
1q66ilv,0,31,31,0,match
1q66jf5,0,31,31,0,match
1q66jpg,0,32,32,0,match
1q66klb,0,32,32,0,match
1q66km0,0,32,32,0,match
1q66kor,0,32,32,0,match
1q66kre,0,32,32,0,match
1q66kxs,0,32,32,0,match
1q66kza,0,2,2,0,match
1q66lwg,0,32,32,0,match
1q66m8b,0,32,32,0,match
1q66ml8,0,32,32,0,match
1q66mwc,0,32,32,0,match
1q66mzg,0,32,32,0,match
1q66n1r,0,32,32,0,match
1q66n92,0,32,32,0,match
1q66naw,0,3,3,0,match
1q66nbj,0,32,32,0,match
1q66nbz,0,32,32,0,match
1q66nf1,0,11,11,0,match
1q66ns4,0,32,32,0,match
1q66ny2,0,32,32,0,match
1q66oay,0,32,32,0,match
1q66obw,0,32,32,0,match
1q66pif,0,32,32,0,match
1q66ptm,0,15,15,0,match
1q66pwh,0,32,32,0,match
1q66q3q,0,32,32,0,match
1q66q65,0,32,32,0,match
1q66qmd,0,2,2,0,match
1q66r4h,0,31,31,0,match
1q66rbj,0,31,31,0,match
1q66rcj,0,31,31,0,match
1q66rdt,0,31,31,0,match
1q66s6d,0,31,31,0,match
1q66sg8,0,31,31,0,match
1q66sgc,0,31,31,0,match
1q66smt,0,31,31,0,match
1q66swv,0,31,31,0,match
1q66sx7,0,31,31,0,match
1q66t1m,0,31,31,0,match
1q66t3s,0,31,31,0,match
1q66t5d,0,31,31,0,match
1q66t74,0,31,31,0,match
1q66tcz,0,31,31,0,match
1q66tl3,0,31,31,0,match
1q66tl8,0,31,31,0,match
1q66tqv,0,31,31,0,match
1q66twl,0,31,31,0,match
1q66u7a,0,32,32,0,match
1q66umh,0,5,5,0,match
1q66ute,0,32,32,0,match
1q66v3i,0,32,32,0,match
1q66vgk,0,32,32,0,match
1q66vyv,0,3,3,0,match
1q66w1u,0,1,1,0,match
1q66w6y,0,32,32,0,match
1q66wqe,0,32,32,0,match
1q66wtk,0,32,32,0,match
1q66x7d,0,32,32,0,match
1q66xow,0,32,32,0,match
1q66xwa,0,32,32,0,match
1q66yb0,0,32,32,0,match
1q66ycc,0,32,32,0,match
1q66yhu,0,32,32,0,match
1q66yj9,0,32,32,0,match
1q66z1k,0,32,32,0,match
1q66zdw,0,32,32,0,match
1q66zuz,0,32,32,0,match
1q670qh,0,32,32,0,match
1q670zv,0,32,32,0,match
1q671j5,0,31,31,0,match
1q6721s,0,31,31,0,match
1q672i3,0,31,31,0,match
1q672jo,0,31,31,0,match
1q672tp,0,31,31,0,match
1q672w9,0,31,31,0,match
1q6732z,0,31,31,0,match
1q673b7,0,31,31,0,match
1q673jy,0,31,31,0,match
1q673mh,0,32,32,0,match
1q673mq,0,32,32,0,match
1q675kq,0,32,32,0,match
1q675oz,0,32,32,0,match
1q675ph,0,32,32,0,match
1q67605,0,3,3,0,match
1q6763q,0,32,32,0,match
1q676o5,0,32,32,0,match
1q676rq,0,32,32,0,match
1q67768,0,32,32,0,match
1q677sy,0,32,32,0,match
1q677z1,0,32,32,0,match
1q67896,0,32,32,0,match
1q678ay,0,32,32,0,match
1q678dn,0,32,32,0,match
1q678ld,0,1,1,0,match
1q6792w,0,32,32,0,match
1q6797v,0,32,32,0,match
1q679fn,0,32,32,0,match
1q679l9,0,32,32,0,match
1q679q7,0,32,32,0,match
1q67adi,0,32,32,0,match
1q67afi,0,32,32,0,match
1q67awf,0,32,32,0,match
1q67ben,0,32,32,0,match
1q67bfa,0,32,32,0,match
1q67bmv,0,31,31,0,match
1q67bsz,0,31,31,0,match
1q67c5o,0,31,31,0,match
1q67c74,0,31,31,0,match
1q67cfa,0,31,31,0,match
1q67czi,0,31,31,0,match
1q67dlz,0,31,31,0,match
1q67dtu,0,31,31,0,match
1q67dzg,0,17,17,0,match
1q67e81,0,1,1,0,match
1q67ech,0,31,31,0,match
1q67eq1,0,31,31,0,match
1q67f4r,0,31,31,0,match
1q67fmu,0,1,1,0,match
1q67fvj,0,2,2,0,match
1q67gir,0,31,31,0,match
1q67gln,0,23,23,0,match
1q67gos,0,31,31,0,match
1q67gp5,0,32,32,0,match
1q67gva,0,32,32,0,match
1q67gvh,0,32,32,0,match
1q67gwy,0,32,32,0,match
1q67hfp,0,1,1,0,match
1q67hk6,0,32,32,0,match
1q67hst,0,32,32,0,match
1q67hyk,0,32,32,0,match
1q67hz9,0,32,32,0,match
1q67i1l,0,32,32,0,match
1q67i6n,0,32,32,0,match
1q67i73,0,32,32,0,match
1q67ioe,0,32,32,0,match
1q67irw,0,32,32,0,match
1q67iuz,0,32,32,0,match
1q67j6k,0,32,32,0,match
1q67jve,0,32,32,0,match
1q67jvx,0,32,32,0,match
1q67k8q,0,32,32,0,match
1q67k8v,0,1,1,0,match
1q67l5r,0,32,32,0,match
1q67lc8,0,32,32,0,match
1q67msb,0,31,31,0,match
1q67mxm,0,31,31,0,match
1q67n17,0,31,31,0,match
1q67n1r,0,31,31,0,match
1q67nkq,0,31,31,0,match
1q67nx2,0,1,1,0,match
1q67o3l,0,1,1,0,match
1q67o4j,0,31,31,0,match
1q67o9i,0,31,31,0,match
1q67om1,0,31,31,0,match
1q67ow8,0,32,32,0,match
1q67p7d,0,32,32,0,match
1q67pjj,0,32,32,0,match
1q67pjs,0,32,32,0,match
1q67pqr,0,32,32,0,match
1q67prn,0,32,32,0,match
1q67pwl,0,32,32,0,match
1q67q4a,0,32,32,0,match
1q67qd6,0,27,27,0,match
1q67qdg,0,32,32,0,match
1q67qhq,0,32,32,0,match
1q67qwp,0,32,32,0,match
1q67r3r,0,32,32,0,match
1q67r9a,0,32,32,0,match
1q67ros,0,32,32,0,match
1q67rwp,0,32,32,0,match
1q67rww,0,32,32,0,match
1q67tpq,0,32,32,0,match
1q67u4g,0,32,32,0,match
1q67uh1,0,32,32,0,match
1q67uj6,0,32,32,0,match
1q67ujz,0,32,32,0,match
1q67v2x,0,32,32,0,match
1q67v7k,0,32,32,0,match
1q67v8i,0,27,27,0,match
1q67v92,0,32,32,0,match
1q67vd5,0,2,2,0,match
1q67vi5,0,32,32,0,match
1q67vj1,0,32,32,0,match
1q67w7w,0,31,31,0,match
1q67wod,0,1,1,0,match
1q67wx1,0,31,31,0,match
1q67xak,0,31,31,0,match
1q67y1d,0,31,31,0,match
1q67yhu,0,31,31,0,match
1q67ykj,0,31,31,0,match
1q67yux,0,31,31,0,match
1q67z1r,0,31,31,0,match
1q67z6v,0,31,31,0,match
1q67zxf,0,31,31,0,match
1q67zz8,0,31,31,0,match
1q6825k,0,25,25,0,match
1q682by,0,31,31,0,match
1q682kq,0,31,31,0,match
1q682m2,0,31,31,0,match
1q682s7,0,31,31,0,match
1q682t1,0,32,32,0,match
1q683e0,0,32,32,0,match
1q683h5,0,32,32,0,match
1q683m7,0,32,32,0,match
1q6841w,0,32,32,0,match
1q684po,0,32,32,0,match
1q684rs,0,32,32,0,match
1q684xv,0,2,2,0,match
1q684zx,0,32,32,0,match
1q68531,0,32,32,0,match
1q6856d,0,32,32,0,match
1q68580,0,32,32,0,match
1q68598,0,32,32,0,match
1q685c9,0,32,32,0,match
1q685v0,0,31,31,0,match
1q685wt,0,31,31,0,match
1q6869j,0,31,31,0,match
1q686gu,0,31,31,0,match
1q686lf,0,31,31,0,match
1q686su,0,31,31,0,match
1q686ye,0,1,1,0,match
1q687gh,0,31,31,0,match
1q688le,0,31,31,0,match
1q688sr,0,31,31,0,match
1q6894y,0,31,31,0,match
1q689ij,0,31,31,0,match
1q689nc,0,31,31,0,match
1q68asy,0,31,31,0,match
1q68b1m,0,31,31,0,match
1q68b4j,0,31,31,0,match
1q68bit,0,31,31,0,match
1q68bnf,0,31,31,0,match
1q68bot,0,31,31,0,match
1q68by5,0,31,31,0,match
1q68c4d,0,1,1,0,match
1q68c5r,0,31,31,0,match
1q68c6j,0,31,31,0,match
1q68cg4,0,31,31,0,match
1q68cgu,0,31,31,0,match
1q68ci3,0,31,31,0,match
1q68csh,0,31,31,0,match
1q68cyr,0,31,31,0,match
1q68d8u,0,31,31,0,match
1q68dee,0,28,28,0,match
1q68dk7,0,31,31,0,match
1q68e22,0,31,31,0,match
1q68e47,0,31,31,0,match
1q68e7f,0,31,31,0,match
1q68ekn,0,31,31,0,match
1q68eqr,0,20,20,0,match
1q68er5,0,1,1,0,match
1q68ew7,0,31,31,0,match
1q68f74,0,30,30,0,match
1q68fd8,0,30,30,0,match
1q68fev,0,30,30,0,match
1q68fw3,0,30,30,0,match
1q68fyo,0,30,30,0,match
1q68g2m,0,30,30,0,match
1q68guu,0,30,30,0,match
1q68hkd,0,31,31,0,match
1q68hlz,0,23,23,0,match
1q68hs0,0,31,31,0,match
1q68i5t,0,31,31,0,match
1q68igx,0,31,31,0,match
1q68il6,0,31,31,0,match
1q68iq5,0,24,24,0,match
1q68it2,0,31,31,0,match
1q68j2g,0,31,31,0,match
1q68j76,0,2,2,0,match
1q68jgr,0,31,31,0,match
1q68jmk,0,31,31,0,match
1q68jsx,0,31,31,0,match
1q68kb0,0,28,28,0,match
1q68kg1,0,31,31,0,match
1q68ktb,0,31,31,0,match
1q68lgu,0,31,31,0,match
1q68ln5,0,31,31,0,match
1q68ltn,0,31,31,0,match
1q68m59,0,31,31,0,match
1q68mkp,0,2,2,0,match
1q68mmw,0,31,31,0,match
1q68mo7,0,31,31,0,match
1q68mon,0,31,31,0,match
1q68mw4,0,31,31,0,match
1q68n0v,0,2,2,0,match
1q68n9o,0,31,31,0,match
1q68nae,0,31,31,0,match
1q68nal,0,31,31,0,match
1q68nmf,0,31,31,0,match
1q68nqs,0,31,31,0,match
1q68o7m,0,1,1,0,match
1q68ol7,0,31,31,0,match
1q68opg,0,31,31,0,match
1q68ppu,0,30,30,0,match
1q68qx1,0,28,28,0,match
1q68r5j,0,30,30,0,match
1q68r6h,0,30,30,0,match
1q68rue,0,30,30,0,match
1q68sgf,0,30,30,0,match
1q68spo,0,30,30,0,match
1q68sta,0,30,30,0,match
1q68szl,0,31,31,0,match
1q68szn,0,27,27,0,match
1q68t3c,0,31,31,0,match
1q68t5j,0,31,31,0,match
1q68tqc,0,31,31,0,match
1q68tz1,0,31,31,0,match
1q68ur1,0,31,31,0,match
1q68uz3,0,31,31,0,match
1q68v3h,0,31,31,0,match
1q68v4e,0,31,31,0,match
1q68v78,0,31,31,0,match
1q68v7d,0,31,31,0,match
1q68w7y,0,9,9,0,match
1q68wjd,0,31,31,0,match
1q68wwm,0,31,31,0,match
1q68wxi,0,31,31,0,match
1q68wxv,0,31,31,0,match
1q68x33,0,31,31,0,match
1q68x6w,0,31,31,0,match
1q68xfo,0,31,31,0,match
1q68xiz,0,31,31,0,match
1q68xk6,0,31,31,0,match
1q68xrx,0,30,30,0,match
1q68xt7,0,30,30,0,match
1q68y0y,0,30,30,0,match
1q68yxo,0,30,30,0,match
1q68yzg,0,30,30,0,match
1q68zal,0,30,30,0,match
1q68znl,0,30,30,0,match
1q68znq,0,30,30,0,match
1q6900p,0,30,30,0,match
1q69014,0,30,30,0,match
1q6904s,0,30,30,0,match
1q6906i,0,5,5,0,match
1q69089,0,30,30,0,match
1q690xm,0,30,30,0,match
1q6910c,0,5,5,0,match
1q6916s,0,30,30,0,match
1q691da,0,30,30,0,match
1q691l0,0,30,30,0,match
1q6923l,0,30,30,0,match
1q6927r,0,30,30,0,match
1q692oc,0,31,31,0,match
1q693ns,0,31,31,0,match
1q69403,0,31,31,0,match
1q6942v,0,31,31,0,match
1q6948p,0,31,31,0,match
1q694bd,0,31,31,0,match
1q694kw,0,31,31,0,match
1q694n6,0,31,31,0,match
1q694no,0,31,31,0,match
1q695kl,0,31,31,0,match
1q695mp,0,31,31,0,match
1q69619,0,31,31,0,match
1q696cb,0,1,1,0,match
1q696d5,0,31,31,0,match
1q697b9,0,30,30,0,match
1q697cx,0,30,30,0,match
1q697et,0,30,30,0,match
1q697iz,0,30,30,0,match
1q697r2,0,30,30,0,match
1q697vj,0,30,30,0,match
1q6984q,0,30,30,0,match
1q69889,0,30,30,0,match
1q698b3,0,30,30,0,match
1q699du,0,30,30,0,match
1q699fx,0,30,30,0,match
1q699ix,0,30,30,0,match
1q699l8,0,30,30,0,match
1q699ul,0,30,30,0,match
1q69ajv,0,30,30,0,match
1q69aw3,0,30,30,0,match
1q69awl,0,30,30,0,match
1q69b0g,0,4,4,0,match
1q69b2z,0,21,21,0,match
1q69bcr,0,30,30,0,match
1q69bg5,0,21,21,0,match
1q69bq4,0,30,30,0,match
1q69c6c,0,30,30,0,match
1q69cxb,0,30,30,0,match
1q69ddh,0,4,4,0,match
1q69diz,0,30,30,0,match
1q69dl3,0,30,30,0,match
1q69dwm,0,30,30,0,match
1q69e47,0,30,30,0,match
1q69egx,0,30,30,0,match
1q69eib,0,31,31,0,match
1q69ey5,0,31,31,0,match
1q69ezt,0,31,31,0,match
1q69f2g,0,31,31,0,match
1q69fc9,0,31,31,0,match
1q69fmy,0,30,30,0,match
1q69fzg,0,30,30,0,match
1q69g5c,0,30,30,0,match
1q69h3q,0,30,30,0,match
1q69h9t,0,30,30,0,match
1q69ht3,0,30,30,0,match
1q69hzx,0,30,30,0,match
1q69i3t,0,30,30,0,match
1q69i5w,0,30,30,0,match
1q69ifh,0,30,30,0,match
1q69ipi,0,30,30,0,match
1q69j1d,0,30,30,0,match
1q69jx5,0,30,30,0,match
1q69lez,0,30,30,0,match
1q69lpj,0,30,30,0,match
1q69lpl,0,13,13,0,match
1q69lyb,0,30,30,0,match
1q69m1b,0,30,30,0,match
1q69ma8,0,30,30,0,match
1q69mmp,0,30,30,0,match
1q69mrp,0,7,7,0,match
1q69myi,0,30,30,0,match
1q69n05,0,30,30,0,match
1q69n23,0,30,30,0,match
1q69ncz,0,30,30,0,match
1q69nth,0,30,30,0,match
1q69ntq,0,30,30,0,match
1q69o0w,0,30,30,0,match
1q69o79,0,30,30,0,match
1q69ohu,0,29,29,0,match
1q69omj,0,29,29,0,match
1q69p46,0,25,25,0,match
1q69p8s,0,19,19,0,match
1q69paf,0,29,29,0,match
1q69pbn,0,29,29,0,match
1q69pdc,0,30,30,0,match
1q69py8,0,30,30,0,match
1q69qbo,0,30,30,0,match
1q69qee,0,30,30,0,match
1q69qh0,0,30,30,0,match
1q69qnr,0,30,30,0,match
1q69qoy,0,30,30,0,match
1q69r0m,0,30,30,0,match
1q69r0w,0,30,30,0,match
1q69r13,0,30,30,0,match
1q69rbu,0,30,30,0,match
1q69rcs,0,23,23,0,match
1q69rpt,0,30,30,0,match
1q69rtb,0,30,30,0,match
1q69rud,0,30,30,0,match
1q69rw1,0,30,30,0,match
1q69s0t,0,30,30,0,match
1q69s8u,0,30,30,0,match
1q69sa5,0,30,30,0,match
1q69sdf,0,30,30,0,match
1q69sen,0,30,30,0,match
1q69sq4,0,30,30,0,match
1q69svg,0,30,30,0,match
1q69sz2,0,30,30,0,match
1q69t1g,0,30,30,0,match
1q69t2v,0,30,30,0,match
1q69t5y,0,30,30,0,match
1q69tfi,0,30,30,0,match
1q69th1,0,30,30,0,match
1q69u3e,0,30,30,0,match
1q69ufe,0,30,30,0,match
1q69ukl,0,30,30,0,match
1q69usj,0,7,7,0,match
1q69usn,0,30,30,0,match
1q69ut4,0,30,30,0,match
1q69v12,0,30,30,0,match
1q69v17,0,30,30,0,match
1q69vcx,0,30,30,0,match
1q69vf9,0,30,30,0,match
1q69vo7,0,30,30,0,match
1q69voa,0,30,30,0,match
1q69w2r,0,30,30,0,match
1q69w6c,0,30,30,0,match
1q69w9v,0,30,30,0,match
1q69wvc,0,29,29,0,match
1q69x8b,0,29,29,0,match
1q69xce,0,29,29,0,match
1q69xmm,0,30,30,0,match
1q69xyb,0,30,30,0,match
1q69y4t,0,30,30,0,match
1q69yif,0,22,22,0,match
1q69ylw,0,30,30,0,match
1q69yz3,0,30,30,0,match
1q69z70,0,30,30,0,match
1q69z8o,0,30,30,0,match
1q69z9l,0,30,30,0,match
1q69zgc,0,30,30,0,match
1q69zp1,0,30,30,0,match
1q6a0fs,0,30,30,0,match
1q6a13g,0,30,30,0,match
1q6a13s,0,30,30,0,match
1q6a1a9,0,30,30,0,match
1q6a1op,0,30,30,0,match
1q6a22d,0,30,30,0,match
1q6a22e,0,30,30,0,match
1q6a237,0,30,30,0,match
1q6a38a,0,30,30,0,match
1q6a3qg,0,30,30,0,match
1q6a3rk,0,18,18,0,match
1q6a3rl,0,30,30,0,match
1q6a3x3,0,30,30,0,match
1q6a48c,0,30,30,0,match
1q6a4c0,0,30,30,0,match
1q6a4jr,0,30,30,0,match
1q6a527,0,30,30,0,match
1q6a56k,0,18,18,0,match
1q6a5gu,0,29,29,0,match
1q6a5kf,0,29,29,0,match
1q6a5mp,0,29,29,0,match
1q6a6qc,0,29,29,0,match
1q6a6xr,0,29,29,0,match
1q6a72f,0,29,29,0,match
1q6a74h,0,29,29,0,match
1q6a75d,0,29,29,0,match
1q6a7hf,0,29,29,0,match
1q6a7uw,0,1,1,0,match
1q6a7v4,0,29,29,0,match
1q6a7yc,0,29,29,0,match
1q6a8a6,0,29,29,0,match
1q6a8hb,0,29,29,0,match
1q6a8jc,0,17,17,0,match
1q6a8ko,0,29,29,0,match
1q6a8lo,0,29,29,0,match
1q6aa7u,0,29,29,0,match
1q6aac4,0,30,30,0,match
1q6aag3,0,30,30,0,match
1q6ab9j,0,17,17,0,match
1q6abk6,0,30,30,0,match
1q6abop,0,30,30,0,match
1q6abqn,0,30,30,0,match
1q6ac01,0,30,30,0,match
1q6ack4,0,30,30,0,match
1q6ad8p,0,9,9,0,match
1q6adbh,0,4,4,0,match
1q6addq,0,30,30,0,match
1q6adsb,0,30,30,0,match
1q6adte,0,30,30,0,match
1q6aeae,0,29,29,0,match
1q6aeb7,0,29,29,0,match
1q6aecy,0,29,29,0,match
1q6afjx,0,29,29,0,match
1q6afy6,0,21,21,0,match
1q6ag4f,0,29,29,0,match
1q6agba,0,29,29,0,match
1q6agdw,0,29,29,0,match
1q6agmp,0,29,29,0,match
1q6ags3,0,30,30,0,match
1q6agvz,0,30,30,0,match
1q6ah0z,0,30,30,0,match
1q6ah4v,0,30,30,0,match
1q6ahuc,0,30,30,0,match
1q6ahvc,0,30,30,0,match
1q6ai0q,0,30,30,0,match
1q6ai8j,0,30,30,0,match
1q6aing,0,30,30,0,match
1q6aioa,0,30,30,0,match
1q6aioo,0,16,16,0,match
1q6aisa,0,30,30,0,match
1q6aiyw,0,30,30,0,match
1q6aj39,0,8,8,0,match
1q6aj4x,0,30,30,0,match
1q6ajnn,0,30,30,0,match
1q6ajo6,0,30,30,0,match
1q6ajp2,0,2,2,0,match
1q6ajq4,0,30,30,0,match
1q6ajwv,0,30,30,0,match
1q6ak03,0,30,30,0,match
1q6ak1r,0,30,30,0,match
1q6ak2p,0,30,30,0,match
1q6ak8k,0,30,30,0,match
1q6akl6,0,30,30,0,match
1q6al2g,0,30,30,0,match
1q6al3c,0,30,30,0,match
1q6all9,0,30,30,0,match
1q6am19,0,30,30,0,match
1q6amib,0,29,29,0,match
1q6aml3,0,29,29,0,match
1q6amo2,0,29,29,0,match
1q6anc4,0,29,29,0,match
1q6ao01,0,15,15,0,match
1q6aoj1,0,29,29,0,match
1q6aor5,0,29,29,0,match
1q6aoy2,0,29,29,0,match
1q6apfo,0,29,29,0,match
1q6apji,0,29,29,0,match
1q6apt2,0,29,29,0,match
1q6aqzx,0,2,2,0,match
1q6ardg,0,15,15,0,match
1q6arjx,0,29,29,0,match
1q6ark5,0,29,29,0,match
1q6armi,0,29,29,0,match
1q6artx,0,29,29,0,match
1q6as14,0,29,29,0,match
1q6as8s,0,2,2,0,match
1q6asbg,0,29,29,0,match
1q6ashq,0,29,29,0,match
1q6astp,0,29,29,0,match
1q6atej,0,29,29,0,match
1q6atxz,0,29,29,0,match
1q6atzs,0,29,29,0,match
1q6au04,0,29,29,0,match
1q6au2j,0,29,29,0,match
1q6av1q,0,3,3,0,match
1q6av4c,0,30,30,0,match
1q6avat,0,29,29,0,match
1q6avc6,0,14,14,0,match
1q6avcb,0,29,29,0,match
1q6aw9g,0,29,29,0,match
1q6awb3,0,29,29,0,match
1q6awp9,0,29,29,0,match
1q6axbk,0,29,29,0,match
1q6axjq,0,29,29,0,match
1q6axq9,0,29,29,0,match
1q6ay3s,0,29,29,0,match
1q6aybj,0,29,29,0,match
1q6az21,0,29,29,0,match
1q6azie,0,29,29,0,match
1q6azjn,0,29,29,0,match
1q6azwg,0,29,29,0,match
1q6b0i1,0,29,29,0,match
1q6b119,0,29,29,0,match
1q6b1bi,0,29,29,0,match
1q6b1s3,0,2,2,0,match
1q6b1uh,0,29,29,0,match
1q6b1yy,0,1,1,0,match
1q6b3b3,0,16,16,0,match
1q6b3go,0,29,29,0,match
1q6b4us,0,13,13,0,match
1q6b73j,0,28,28,0,match
1q6b7ih,0,28,28,0,match
1q6b7tf,0,28,28,0,match
1q6b89y,0,28,28,0,match
1q6b8eo,0,28,28,0,match
1q6b8gt,0,28,28,0,match
1q6b8q4,0,29,29,0,match
1q6b9b7,0,29,29,0,match
1q6b9kf,0,29,29,0,match
1q6b9yg,0,29,29,0,match
1q6bad5,0,29,29,0,match
1q6bal8,0,29,29,0,match
1q6bau5,0,29,29,0,match
1q6baw3,0,29,29,0,match
1q6bb1p,0,29,29,0,match
1q6bb51,0,29,29,0,match
1q6bbf6,0,22,22,0,match
1q6bboo,0,29,29,0,match
1q6bbtp,0,29,29,0,match
1q6bc2t,0,1,1,0,match
1q6bcbq,0,12,12,0,match
1q6bci2,0,28,28,0,match
1q6bcqy,0,28,28,0,match
1q6bcz9,0,28,28,0,match
1q6bd4u,0,28,28,0,match
1q6bd9j,0,28,28,0,match
1q6bdd6,0,28,28,0,match
1q6bdew,0,2,2,0,match
1q6be5r,0,28,28,0,match
1q6be71,0,28,28,0,match
1q6bee1,0,28,28,0,match
1q6berq,0,28,28,0,match
1q6bet5,0,11,11,0,match
1q6bf01,0,28,28,0,match
1q6bf1m,0,28,28,0,match
1q6bf7o,0,29,29,0,match
1q6bfns,0,29,29,0,match
1q6bfp7,0,29,29,0,match
1q6bfqp,0,29,29,0,match
1q6bg20,0,29,29,0,match
1q6bgaj,0,29,29,0,match
1q6bgte,0,29,29,0,match
1q6bh7c,0,29,29,0,match
1q6bh7m,0,29,29,0,match
1q6bha9,0,29,29,0,match
1q6bhqv,0,1,1,0,match
1q6bi3b,0,29,29,0,match
1q6bj7t,0,29,29,0,match
1q6bjbd,0,29,29,0,match
1q6bjq8,0,1,1,0,match
1q6bjwj,0,29,29,0,match
1q6bklx,0,29,29,0,match
1q6bktl,0,29,29,0,match
1q6bku7,0,29,29,0,match
1q6bl0r,0,28,28,0,match
1q6blbu,0,28,28,0,match
1q6blii,0,28,28,0,match
1q6bm1k,0,1,1,0,match
1q6bm3o,0,1,1,0,match
1q6bm8d,0,28,28,0,match
1q6bmcb,0,28,28,0,match
1q6bmh3,0,28,28,0,match
1q6bmxf,0,28,28,0,match
1q6bn4s,0,28,28,0,match
1q6bnhd,0,28,28,0,match
1q6bnrg,0,28,28,0,match
1q6bnt6,0,28,28,0,match
1q6bnwd,0,3,3,0,match
1q6bo1c,0,19,19,0,match
1q6boec,0,28,28,0,match
1q6bofd,0,28,28,0,match
1q6bogr,0,1,1,0,match
1q6boxl,0,28,28,0,match
1q6boyx,0,28,28,0,match
1q6bp3x,0,8,8,0,match
1q6bpji,0,28,28,0,match
1q6bpxv,0,28,28,0,match
1q6bq1q,0,28,28,0,match
1q6bq7x,0,28,28,0,match
1q6bqe3,0,28,28,0,match
1q6bqp8,0,28,28,0,match
1q6bqqi,0,24,24,0,match
1q6bqtz,0,28,28,0,match
1q6br1b,0,4,4,0,match
1q6br5r,0,28,28,0,match
1q6brgy,0,29,29,0,match
1q6brhr,0,29,29,0,match
1q6bs7c,0,29,29,0,match
1q6bse2,0,29,29,0,match
1q6bssd,0,29,29,0,match
1q6bt0g,0,29,29,0,match
1q6bt76,0,29,29,0,match
1q6bt9f,0,29,29,0,match
1q6btrp,0,29,29,0,match
1q6bu2f,0,29,29,0,match
1q6bu8k,0,28,28,0,match
1q6bvmf,0,28,28,0,match
1q6bvn3,0,28,28,0,match
1q6bwx5,0,28,28,0,match
1q6bx4p,0,28,28,0,match
1q6bxio,0,28,28,0,match
1q6by07,0,28,28,0,match
1q6bypy,0,28,28,0,match
1q6bz9h,0,28,28,0,match
1q6bzn3,0,28,28,0,match
1q6bznk,0,4,4,0,match
1q6bzuu,0,28,28,0,match
1q6c0lt,0,28,28,0,match
1q6c0qh,0,3,3,0,match
1q6c1kz,0,1,1,0,match
1q6c1u7,0,28,28,0,match
1q6c27p,0,28,28,0,match
1q6c2gq,0,8,8,0,match
1q6c2t4,0,10,10,0,match
1q6c342,0,28,28,0,match
1q6c34j,0,28,28,0,match
1q6c38e,0,3,3,0,match
1q6c3qc,0,27,27,0,match
1q6c3qi,0,27,27,0,match
1q6c46n,0,27,27,0,match
1q6c4tk,0,27,27,0,match
1q6c50q,0,27,27,0,match
1q6c58a,0,27,27,0,match
1q6c5j3,0,27,27,0,match
1q6c5o0,0,27,27,0,match
1q6c5r8,0,27,27,0,match
1q6c5tx,0,27,27,0,match
1q6c5w3,0,27,27,0,match
1q6c682,0,27,27,0,match
1q6c6h8,0,27,27,0,match
1q6c6ti,0,27,27,0,match
1q6c7d6,0,27,27,0,match
1q6c7hf,0,27,27,0,match
1q6c7vq,0,27,27,0,match
1q6c845,0,27,27,0,match
1q6c8h3,0,27,27,0,match
1q6c9je,0,27,27,0,match
1q6c9sb,0,28,28,0,match
1q6caho,0,28,28,0,match
1q6caj2,0,28,28,0,match
1q6cba8,0,28,28,0,match
1q6cbgq,0,1,1,0,match
1q6cbor,0,28,28,0,match
1q6cbs2,0,28,28,0,match
1q6ccec,0,28,28,0,match
1q6ccxe,0,28,28,0,match
1q6cd28,0,27,27,0,match
1q6cd5i,0,27,27,0,match
1q6cdhj,0,27,27,0,match
1q6cdsf,0,27,27,0,match
1q6cedo,0,27,27,0,match
1q6ceju,0,12,12,0,match
1q6cgc8,0,27,27,0,match
1q6cgj0,0,27,27,0,match
1q6ci4e,0,27,27,0,match
1q6cipb,0,27,27,0,match
1q6cj31,0,27,27,0,match
1q6cj5r,0,27,27,0,match
1q6cj9j,0,27,27,0,match
1q6cjep,0,27,27,0,match
1q6cjhs,0,27,27,0,match
1q6cjvo,0,8,8,0,match
1q6cjwd,0,27,27,0,match
1q6ck35,0,17,17,0,match
1q6cldi,0,27,27,0,match
1q6cm2e,0,27,27,0,match
1q6cm4c,0,27,27,0,match
1q6cm4e,0,27,27,0,match
1q6cma3,0,27,27,0,match
1q6cmao,0,21,21,0,match
1q6cmkz,0,26,26,0,match
1q6cmwq,0,26,26,0,match
1q6cn6h,0,26,26,0,match
1q6cnep,0,26,26,0,match
1q6cnh1,0,8,8,0,match
1q6cnsb,0,26,26,0,match
1q6cnso,0,6,6,0,match
1q6co3x,0,27,27,0,match
1q6coe2,0,27,27,0,match
1q6cooo,0,27,27,0,match
1q6coqi,0,27,27,0,match
1q6coz7,0,27,27,0,match
1q6cp2p,0,27,27,0,match
1q6cpc1,0,27,27,0,match
1q6cpjj,0,27,27,0,match
1q6crgv,0,27,27,0,match
1q6cryd,0,27,27,0,match
1q6csv0,0,27,27,0,match
1q6cswr,0,27,27,0,match
1q6ct4s,0,27,27,0,match
1q6ctg7,0,3,3,0,match
1q6ctnv,0,27,27,0,match
1q6cto1,0,27,27,0,match
1q6ctzd,0,27,27,0,match
1q6cur8,0,27,27,0,match
1q6cv36,0,27,27,0,match
1q6cv78,0,27,27,0,match
1q6cv7o,0,27,27,0,match
1q6cvi3,0,27,27,0,match
1q6cvrl,0,27,27,0,match
1q6cw96,0,27,27,0,match
1q6cwig,0,27,27,0,match
1q6cx0k,0,27,27,0,match
1q6cx9f,0,27,27,0,match
1q6cx9m,0,28,28,0,match
1q6cxxq,0,9,9,0,match
1q6cyqc,0,28,28,0,match
1q6cz0e,0,28,28,0,match
1q6czas,0,28,28,0,match
1q6czcf,0,28,28,0,match
1q6czia,0,28,28,0,match
1q6czih,0,28,28,0,match
1q6czt4,0,28,28,0,match
1q6czy0,0,28,28,0,match
1q6d134,0,28,28,0,match
1q6d19t,0,28,28,0,match
1q6d1z9,0,10,10,0,match
1q6d21w,0,28,28,0,match
1q6d243,0,28,28,0,match
1q6d3gn,0,28,28,0,match
1q6d3k7,0,1,1,0,match
1q6d3x1,0,28,28,0,match
1q6d42q,0,1,1,0,match
1q6d4cd,0,28,28,0,match
1q6d4fj,0,4,4,0,match
1q6d4l7,0,28,28,0,match
1q6d4qy,0,29,29,0,match
1q6d4sx,0,29,29,0,match
1q6d54x,0,29,29,0,match
1q6d62t,0,28,28,0,match
1q6d75c,0,28,28,0,match
1q6d83u,0,28,28,0,match
1q6d847,0,28,28,0,match
1q6d8bh,0,28,28,0,match
1q6d8e0,0,28,28,0,match
1q6d8qu,0,28,28,0,match
1q6d9cm,0,28,28,0,match
1q6d9ww,0,28,28,0,match
1q6da5n,0,28,28,0,match
1q6datk,0,28,28,0,match
1q6daud,0,28,28,0,match
1q6db7i,0,28,28,0,match
1q6dbl1,0,2,2,0,match
1q6dbp8,0,28,28,0,match
1q6dbrn,0,9,9,0,match
1q6dced,0,28,28,0,match
1q6dcg8,0,28,28,0,match
1q6dcna,0,28,28,0,match
1q6dcyk,0,28,28,0,match
1q6dd4t,0,28,28,0,match
1q6ddg1,0,28,28,0,match
1q6ddqt,0,28,28,0,match
1q6ddxi,0,28,28,0,match
1q6ddxs,0,28,28,0,match
1q6de59,0,28,28,0,match
1q6de98,0,28,28,0,match
1q6ded9,0,28,28,0,match
1q6df28,0,28,28,0,match
1q6df2x,0,28,28,0,match
1q6dfob,0,27,27,0,match
1q6dfvj,0,27,27,0,match
1q6dfxj,0,27,27,0,match
1q6dg2u,0,27,27,0,match
1q6dgc7,0,28,28,0,match
1q6dgdo,0,1,1,0,match
1q6dgqk,0,28,28,0,match
1q6dh4m,0,5,5,0,match
1q6dhbi,0,28,28,0,match
1q6dhdv,0,28,28,0,match
1q6dhdx,0,28,28,0,match
1q6dhok,0,28,28,0,match
1q6dhvx,0,28,28,0,match
1q6dicc,0,28,28,0,match
1q6dj5e,0,28,28,0,match
1q6djhu,0,28,28,0,match
1q6djm8,0,28,28,0,match
1q6dkee,0,28,28,0,match
1q6dkwx,0,14,14,0,match
1q6dl24,0,28,28,0,match
1q6dlyk,0,28,28,0,match
1q6dlyq,0,28,28,0,match
1q6dn7o,0,28,28,0,match
1q6dnea,0,28,28,0,match
1q6dnkg,0,28,28,0,match
1q6dns5,0,28,28,0,match
1q6dnwt,0,28,28,0,match
1q6dnxn,0,28,28,0,match
1q6do79,0,28,28,0,match
1q6dody,0,29,29,0,match
1q6donl,0,29,29,0,match
1q6dp4r,0,29,29,0,match
1q6dpjg,0,29,29,0,match
1q6dpjs,0,29,29,0,match
1q6dpuj,0,29,29,0,match
1q6dq57,0,29,29,0,match
1q6dq78,0,29,29,0,match
1q6dqad,0,28,28,0,match
1q6dqbg,0,28,28,0,match
1q6dqhy,0,28,28,0,match
1q6dqzq,0,28,28,0,match
1q6dqzv,0,28,28,0,match
1q6dre0,0,28,28,0,match
1q6drws,0,28,28,0,match
1q6drx0,0,28,28,0,match
1q6ds4r,0,28,28,0,match
1q6ds9v,0,4,4,0,match
1q6dt4h,0,28,28,0,match
1q6dt6t,0,28,28,0,match
1q6dtdp,0,28,28,0,match
1q6dub9,0,28,28,0,match
1q6dv33,0,28,28,0,match
1q6dvku,0,28,28,0,match
1q6dvys,0,28,28,0,match
1q6dw0v,0,1,1,0,match
1q6dwqy,0,28,28,0,match
1q6dx1v,0,28,28,0,match
1q6dx41,0,28,28,0,match
1q6dxcv,0,28,28,0,match
1q6dxfe,0,28,28,0,match
1q6dxpz,0,28,28,0,match
1q6dyb4,0,28,28,0,match
1q6dz2w,0,29,29,0,match
1q6dzhw,0,29,29,0,match
1q6dzk9,0,29,29,0,match
1q6dzm0,0,29,29,0,match
1q6dznd,0,29,29,0,match
1q6dzs9,0,29,29,0,match
1q6e0jl,0,29,29,0,match
1q6e1dr,0,28,28,0,match
1q6e1gt,0,28,28,0,match
1q6e2cz,0,28,28,0,match
1q6e2ds,0,28,28,0,match
1q6e2eg,0,28,28,0,match
1q6e2rw,0,28,28,0,match
1q6e3gt,0,28,28,0,match
1q6e3ph,0,28,28,0,match
1q6e5u6,0,7,7,0,match
1q6e62m,0,28,28,0,match
1q6e6bg,0,28,28,0,match
1q6e6q9,0,28,28,0,match
1q6e6zo,0,28,28,0,match
1q6e7kv,0,28,28,0,match
1q6e862,0,2,2,0,match
1q6e886,0,28,28,0,match
1q6e8gc,0,28,28,0,match
1q6e99h,0,28,28,0,match
1q6e9hk,0,28,28,0,match
1q6e9kx,0,28,28,0,match
1q6e9o9,0,28,28,0,match
1q6e9yl,0,14,14,0,match
1q6ea4h,0,28,28,0,match
1q6ea86,0,15,15,0,match
1q6ea8n,0,28,28,0,match
1q6eafq,0,24,24,0,match
1q6eaqh,0,28,28,0,match
1q6eat1,0,28,28,0,match
1q6ebib,0,2,2,0,match
1q6ebiw,0,28,28,0,match
1q6eblf,0,1,1,0,match
1q6ebvl,0,27,27,0,match
1q6ecx1,0,27,27,0,match
1q6ed41,0,28,28,0,match
1q6edps,0,28,28,0,match
1q6edvk,0,28,28,0,match
1q6ee19,0,28,28,0,match
1q6ee3j,0,28,28,0,match
1q6efcm,0,28,28,0,match
1q6efqn,0,28,28,0,match
1q6efw0,0,28,28,0,match
1q6eg2y,0,28,28,0,match
1q6egcj,0,28,28,0,match
1q6egh0,0,28,28,0,match
1q6egia,0,28,28,0,match
1q6egjj,0,28,28,0,match
1q6eguy,0,28,28,0,match
1q6egw1,0,28,28,0,match
1q6ehck,0,28,28,0,match
1q6ehcn,0,28,28,0,match
1q6ehp3,0,28,28,0,match
1q6ehru,0,28,28,0,match
1q6ehtq,0,3,3,0,match
1q6ei56,0,28,28,0,match
1q6eik3,0,28,28,0,match
1q6eipg,0,28,28,0,match
1q6ejbr,0,28,28,0,match
1q6ek1b,0,28,28,0,match
1q6ek6c,0,2,2,0,match
1q6el7l,0,2,2,0,match
1q6el88,0,20,20,0,match
1q6elo4,0,2,2,0,match
1q6emda,0,28,28,0,match
1q6emea,0,28,28,0,match
1q6emkq,0,28,28,0,match
1q6emob,0,28,28,0,match
1q6emtc,0,28,28,0,match
1q6emwy,0,29,29,0,match
1q6enw0,0,28,28,0,match
1q6enyx,0,28,28,0,match
1q6eo7x,0,28,28,0,match
1q6eobf,0,28,28,0,match
1q6eoh3,0,28,28,0,match
1q6eoog,0,28,28,0,match
1q6eort,0,1,1,0,match
1q6ept0,0,28,28,0,match
1q6epy7,0,28,28,0,match
1q6eqgx,0,28,28,0,match
1q6eqkf,0,28,28,0,match
1q6er6f,0,28,28,0,match
1q6er6m,0,28,28,0,match
1q6erb4,0,28,28,0,match
1q6esc0,0,28,28,0,match
1q6esij,0,28,28,0,match
1q6espz,0,28,28,0,match
1q6et5j,0,28,28,0,match
1q6etpv,0,28,28,0,match
1q6etsw,0,28,28,0,match
1q6ette,0,28,28,0,match
1q6eu0k,0,28,28,0,match
1q6eu5r,0,28,28,0,match
1q6euia,0,28,28,0,match
1q6eum6,0,28,28,0,match
1q6evgu,0,29,29,0,match
1q6evig,0,29,29,0,match
1q6evr7,0,29,29,0,match
1q6evv0,0,29,29,0,match
1q6evw7,0,29,29,0,match
1q6ewgg,0,1,1,0,match
1q6ex5x,0,29,29,0,match
1q6ex8u,0,29,29,0,match
1q6exci,0,29,29,0,match
1q6exd1,0,29,29,0,match
1q6exim,0,29,29,0,match
1q6exks,0,29,29,0,match
1q6expx,0,29,29,0,match
1q6eyk5,0,1,1,0,match
1q6eyoa,0,29,29,0,match
1q6eysd,0,29,29,0,match
1q6ezbe,0,28,28,0,match
1q6ezzs,0,28,28,0,match
1q6f01z,0,28,28,0,match
1q6f0el,0,28,28,0,match
1q6f16j,0,28,28,0,match
1q6f17d,0,18,18,0,match
1q6f18d,0,28,28,0,match
1q6f1by,0,28,28,0,match
1q6f1c7,0,28,28,0,match
1q6f1i4,0,29,29,0,match
1q6f1pt,0,29,29,0,match
1q6f274,0,1,1,0,match
1q6f27x,0,29,29,0,match
1q6f2ba,0,29,29,0,match
1q6f2lm,0,1,1,0,match
1q6f2s2,0,29,29,0,match
1q6f325,0,29,29,0,match
1q6f34j,0,29,29,0,match
1q6f3gz,0,29,29,0,match
1q6f3qb,0,2,2,0,match
1q6f471,0,29,29,0,match
1q6f59d,0,29,29,0,match
1q6f5cr,0,29,29,0,match
1q6f5id,0,29,29,0,match
1q6f60i,0,29,29,0,match
1q6f6nm,0,29,29,0,match
1q6f71g,0,29,29,0,match
1q6f7hh,0,29,29,0,match
1q6f8b6,0,29,29,0,match
1q6f8u8,0,29,29,0,match
1q6f8y2,0,29,29,0,match
1q6f9l6,0,29,29,0,match
1q6f9yp,0,29,29,0,match
1q6fabu,0,29,29,0,match
1q6faik,0,29,29,0,match
1q6fbc8,0,15,15,0,match
1q6fbry,0,2,2,0,match
1q6fc3l,0,28,28,0,match
1q6fcad,0,28,28,0,match
1q6fccy,0,15,15,0,match
1q6fcdq,0,28,28,0,match
1q6fch6,0,28,28,0,match
1q6fck0,0,15,15,0,match
1q6fcpf,0,28,28,0,match
1q6fcs8,0,28,28,0,match
1q6fd2n,0,29,29,0,match
1q6fdjh,0,29,29,0,match
1q6fdmo,0,15,15,0,match
1q6fdxp,0,15,15,0,match
1q6fe8p,0,1,1,0,match
1q6febz,0,29,29,0,match
1q6fed5,0,29,29,0,match
1q6fer8,0,29,29,0,match
1q6fezu,0,15,15,0,match
1q6fg1u,0,15,15,0,match
1q6fg2z,0,29,29,0,match
1q6fgly,0,1,1,0,match
1q6fgs5,0,29,29,0,match
1q6fh3s,0,29,29,0,match
1q6fhke,0,6,6,0,match
1q6fhpz,0,29,29,0,match
1q6fhsx,0,29,29,0,match
1q6fi2a,0,15,15,0,match
1q6fi49,0,29,29,0,match
1q6fid2,0,12,12,0,match
1q6fidc,0,29,29,0,match
1q6fifv,0,2,2,0,match
1q6fikn,0,12,12,0,match
1q6fiw7,0,29,29,0,match
1q6fj3u,0,12,12,0,match
1q6fjdl,0,29,29,0,match
1q6fjhe,0,29,29,0,match
1q6fjkj,0,29,29,0,match
1q6fjpy,0,29,29,0,match
1q6fjt9,0,29,29,0,match
1q6fjuj,0,29,29,0,match
1q6fkdn,0,29,29,0,match
1q6fkep,0,29,29,0,match
1q6fkw4,0,2,2,0,match
1q6fl44,0,29,29,0,match
1q6flcy,0,29,29,0,match
1q6flsx,0,29,29,0,match
1q6fmfy,0,29,29,0,match
1q6fnd1,0,29,29,0,match
1q6fnwb,0,28,28,0,match
1q6fnzr,0,28,28,0,match
1q6fofe,0,28,28,0,match
1q6fopx,0,28,28,0,match
1q6fpj3,0,14,14,0,match
1q6fr4z,0,28,28,0,match
1q6frba,0,1,1,0,match
1q6frq5,0,5,5,0,match
1q6fsdl,0,28,28,0,match
1q6fsny,0,28,28,0,match
1q6ftiq,0,28,28,0,match
1q6ftvp,0,29,29,0,match
1q6ftvy,0,29,29,0,match
1q6fu6x,0,12,12,0,match
1q6fum2,0,29,29,0,match
1q6fvil,0,29,29,0,match
1q6fvlm,0,29,29,0,match
1q6fw09,0,29,29,0,match
1q6fw4u,0,1,1,0,match
1q6fwl6,0,29,29,0,match
1q6fxof,0,29,29,0,match
1q6fy9e,0,29,29,0,match
1q6fyaa,0,29,29,0,match
1q6fydi,0,30,30,0,match
1q6fyze,0,3,3,0,match
1q6fz3y,0,29,29,0,match
1q6fzg0,0,13,13,0,match
1q6fzoo,0,29,29,0,match
1q6fzsa,0,29,29,0,match
1q6fzyc,0,29,29,0,match
1q6g012,0,29,29,0,match
1q6g04x,0,29,29,0,match
1q6g0dh,0,26,26,0,match
1q6g0px,0,28,28,0,match
1q6g0ro,0,28,28,0,match
1q6g0ue,0,28,28,0,match
1q6g1yn,0,28,28,0,match
1q6g2gq,0,1,1,0,match
1q6g2jq,0,28,28,0,match
1q6g2s1,0,28,28,0,match
1q6g2xo,0,28,28,0,match
1q6g3e0,0,28,28,0,match
1q6g3xy,0,28,28,0,match
1q6g4jy,0,28,28,0,match
1q6g57r,0,28,28,0,match
1q6g5f5,0,28,28,0,match
1q6g5jn,0,28,28,0,match
1q6g5uh,0,9,9,0,match
1q6g5vr,0,28,28,0,match
1q6g6hd,0,3,3,0,match
1q6g6kr,0,28,28,0,match
1q6g6m2,0,28,28,0,match
1q6g6q5,0,28,28,0,match
1q6g741,0,29,29,0,match
1q6g77e,0,29,29,0,match
1q6g7aa,0,29,29,0,match
1q6g7dt,0,7,7,0,match
1q6g7oq,0,29,29,0,match
1q6g8dp,0,29,29,0,match
1q6g8vk,0,29,29,0,match
1q6g9i9,0,29,29,0,match
1q6ga8f,0,29,29,0,match
1q6gae5,0,29,29,0,match
1q6gaht,0,29,29,0,match
1q6gahv,0,1,1,0,match
1q6gai1,0,7,7,0,match
1q6gayr,0,29,29,0,match
1q6gb01,0,29,29,0,match
1q6gc2p,0,29,29,0,match
1q6gcae,0,13,13,0,match
1q6gcj0,0,13,13,0,match
1q6gcmk,0,29,29,0,match
1q6gct5,0,13,13,0,match
1q6gcuq,0,1,1,0,match
1q6gd0c,0,29,29,0,match
1q6gd9c,0,29,29,0,match
1q6gdd4,0,29,29,0,match
1q6gdpm,0,12,12,0,match
1q6gemd,0,12,12,0,match
1q6geuh,0,9,9,0,match
1q6gfr4,0,9,9,0,match
1q6gfyh,0,12,12,0,match
1q6ggb4,0,12,12,0,match
1q6ggm2,0,9,9,0,match
1q6ggmq,0,28,28,0,match
1q6ggv8,0,12,12,0,match
1q6ghh7,0,3,3,0,match
1q6ghlg,0,28,28,0,match
1q6ghud,0,18,18,0,match
1q6ghw5,0,28,28,0,match
1q6gidd,0,28,28,0,match
1q6gis0,0,28,28,0,match
1q6gj37,0,28,28,0,match
1q6gjf5,0,28,28,0,match
1q6gk60,0,28,28,0,match
1q6glas,0,29,29,0,match
1q6gljj,0,29,29,0,match
1q6glxf,0,29,29,0,match
1q6gm7o,0,2,2,0,match
1q6gmj8,0,17,17,0,match
1q6gmjc,0,29,29,0,match
1q6gmo7,0,29,29,0,match
1q6gmtc,0,2,2,0,match
1q6gmy8,0,29,29,0,match
1q6gn2h,0,17,17,0,match
1q6gnrv,0,29,29,0,match
1q6gnvu,0,29,29,0,match
1q6go1n,0,29,29,0,match
1q6go66,0,29,29,0,match
1q6goky,0,29,29,0,match
1q6gpmg,0,29,29,0,match
1q6gqat,0,29,29,0,match
1q6gqmi,0,29,29,0,match
1q6gqni,0,29,29,0,match
1q6gqyb,0,28,28,0,match
1q6gr3e,0,28,28,0,match
1q6gr3n,0,28,28,0,match
1q6grli,0,28,28,0,match
1q6gs7m,0,28,28,0,match
1q6gsyo,0,6,6,0,match
1q6gt3x,0,28,28,0,match
1q6gt77,0,28,28,0,match
1q6gtej,0,28,28,0,match
1q6gtfe,0,28,28,0,match
1q6gtif,0,28,28,0,match
1q6gtxh,0,28,28,0,match
1q6gumi,0,28,28,0,match
1q6guty,0,28,28,0,match
1q6guxv,0,28,28,0,match
1q6gv13,0,28,28,0,match
1q6gvkw,0,28,28,0,match
1q6gvo8,0,28,28,0,match
1q6gvps,0,28,28,0,match
1q6gw8h,0,28,28,0,match
1q6gwl1,0,28,28,0,match
1q6gxd8,0,28,28,0,match
1q6gy4k,0,11,11,0,match
1q6gy94,0,28,28,0,match
1q6gyuk,0,28,28,0,match
1q6gyxt,0,28,28,0,match
1q6gzml,0,29,29,0,match
1q6gznj,0,29,29,0,match
1q6h05a,0,10,10,0,match
1q6h0n2,0,29,29,0,match
1q6h0v3,0,29,29,0,match
1q6h143,0,29,29,0,match
1q6h159,0,29,29,0,match
1q6h1gf,0,29,29,0,match
1q6h1h7,0,29,29,0,match
1q6h1y5,0,29,29,0,match
1q6h1ye,0,29,29,0,match
1q6h21w,0,29,29,0,match
1q6h23u,0,29,29,0,match
1q6h3vk,0,10,10,0,match
1q6h3wh,0,29,29,0,match
1q6h44w,0,29,29,0,match
1q6h4iz,0,29,29,0,match
1q6h4po,0,28,28,0,match
1q6h4tt,0,28,28,0,match
1q6h4un,0,28,28,0,match
1q6h526,0,10,10,0,match
1q6h52h,0,5,5,0,match
1q6h54l,0,5,5,0,match
1q6h55m,0,28,28,0,match
1q6h5ai,0,7,7,0,match
1q6h5de,0,28,28,0,match
1q6h5p2,0,28,28,0,match
1q6h5uf,0,28,28,0,match
1q6h64k,0,7,7,0,match
1q6h6ap,0,9,9,0,match
1q6h6et,0,7,7,0,match
1q6h6ny,0,10,10,0,match
1q6h72a,0,28,28,0,match
1q6h72u,0,28,28,0,match
1q6h73i,0,7,7,0,match
1q6h765,0,28,28,0,match
1q6h7a7,0,7,7,0,match
1q6h7m2,0,28,28,0,match
1q6h7mq,0,28,28,0,match
1q6h7nm,0,12,12,0,match
1q6h7tv,0,28,28,0,match
1q6h7vz,0,28,28,0,match
1q6h8iu,0,28,28,0,match
1q6h8nm,0,8,8,0,match
1q6h94r,0,28,28,0,match
1q6havq,0,9,9,0,match
1q6hbrk,0,10,10,0,match
1q6hc5h,0,28,28,0,match
1q6hcbr,0,28,28,0,match
1q6hcbz,0,28,28,0,match
1q6hcjb,0,28,28,0,match
1q6hcye,0,28,28,0,match
1q6hd0t,0,29,29,0,match
1q6hd4b,0,29,29,0,match
1q6hd8x,0,9,9,0,match
1q6hdga,0,29,29,0,match
1q6hdoq,0,29,29,0,match
1q6hdw6,0,29,29,0,match
1q6hdwg,0,29,29,0,match
1q6hekg,0,29,29,0,match
1q6helt,0,29,29,0,match
1q6hepb,0,29,29,0,match
1q6hf2y,0,29,29,0,match
1q6hf8i,0,29,29,0,match
1q6hfx1,0,29,29,0,match
1q6hg5z,0,29,29,0,match
1q6hg7v,0,29,29,0,match
1q6hgbl,0,29,29,0,match
1q6hghs,0,1,1,0,match
1q6hgkh,0,29,29,0,match
1q6hgsr,0,1,1,0,match
1q6hhau,0,29,29,0,match
1q6hi18,0,29,29,0,match
1q6hibv,0,29,29,0,match
1q6hin4,0,29,29,0,match
1q6hjgw,0,7,7,0,match
1q6hjiw,0,28,28,0,match
1q6hjm4,0,28,28,0,match
1q6hjw1,0,28,28,0,match
1q6hjxf,0,28,28,0,match
1q6hkj5,0,9,9,0,match
1q6hlv1,0,28,28,0,match
1q6hmaj,0,28,28,0,match
1q6hmn1,0,28,28,0,match
1q6hmvd,0,28,28,0,match
1q6hnx4,0,28,28,0,match
1q6hnzr,0,28,28,0,match
1q6ho9f,0,28,28,0,match
1q6hq0e,0,28,28,0,match
1q6hq57,0,8,8,0,match
1q6hqgo,0,28,28,0,match
1q6hqpa,0,8,8,0,match
1q6hr35,0,28,28,0,match
1q6hrnh,0,28,28,0,match
1q6hroj,0,28,28,0,match
1q6hry2,0,28,28,0,match
1q6hs5z,0,28,28,0,match
1q6ht2w,0,1,1,0,match
1q6htla,0,2,2,0,match
1q6hu10,0,28,28,0,match
1q6hu2o,0,29,29,0,match
1q6hu74,0,1,1,0,match
1q6huhz,0,29,29,0,match
1q6hui3,0,29,29,0,match
1q6huu1,0,1,1,0,match
1q6huxr,0,21,21,0,match
1q6hvfn,0,29,29,0,match
1q6hvp4,0,29,29,0,match
1q6hvs8,0,29,29,0,match
1q6hvsb,0,29,29,0,match
1q6hw2r,0,29,29,0,match
1q6hw5w,0,29,29,0,match
1q6hx82,0,7,7,0,match
1q6hx9p,0,13,13,0,match
1q6hxe1,0,1,1,0,match
1q6hxl0,0,28,28,0,match
1q6hxs9,0,28,28,0,match
1q6hxuq,0,28,28,0,match
1q6hxw9,0,28,28,0,match
1q6hxwm,0,28,28,0,match
1q6hyfc,0,28,28,0,match
1q6hyo4,0,28,28,0,match
1q6hyum,0,28,28,0,match
1q6hz22,0,28,28,0,match
1q6hz50,0,28,28,0,match
1q6hzps,0,28,28,0,match
1q6i00g,0,28,28,0,match
1q6i0i1,0,28,28,0,match
1q6i0p2,0,28,28,0,match
1q6i1q3,0,28,28,0,match
1q6i1ql,0,28,28,0,match
1q6i1tn,0,28,28,0,match
1q6i276,0,28,28,0,match
1q6i2nh,0,28,28,0,match
1q6i2ns,0,29,29,0,match
1q6i34m,0,29,29,0,match
1q6i3m0,0,29,29,0,match
1q6i3ml,0,29,29,0,match
1q6i4bd,0,29,29,0,match
1q6i4lz,0,29,29,0,match
1q6i5vj,0,29,29,0,match
1q6i60p,0,29,29,0,match
1q6i65h,0,29,29,0,match
1q6i6qy,0,29,29,0,match
1q6i6wv,0,29,29,0,match
1q6i7rm,0,29,29,0,match
1q6i8mv,0,29,29,0,match
1q6ia4j,0,29,29,0,match
1q6iapo,0,29,29,0,match
1q6ib5c,0,29,29,0,match
1q6ibbm,0,29,29,0,match
1q6ibfa,0,29,29,0,match
1q6ibhk,0,14,14,0,match
1q6ibqa,0,29,29,0,match
1q6icpz,0,28,28,0,match
1q6icq0,0,28,28,0,match
1q6icqk,0,28,28,0,match
1q6ictc,0,28,28,0,match
1q6idtx,0,28,28,0,match
1q6ievp,0,28,28,0,match
1q6ifmh,0,28,28,0,match
1q6igct,0,24,24,0,match
1q6igoq,0,28,28,0,match
1q6ihq5,0,29,29,0,match
1q6ihve,0,29,29,0,match
1q6ihxz,0,29,29,0,match
1q6ii97,0,29,29,0,match
1q6ii9n,0,3,3,0,match
1q6iic1,0,7,7,0,match
1q6iic5,0,6,6,0,match
1q6iip2,0,29,29,0,match
1q6iire,0,29,29,0,match
1q6ijmb,0,20,20,0,match
1q6ik76,0,29,29,0,match
1q6ik8d,0,29,29,0,match
1q6ik9o,0,6,6,0,match
1q6iktw,0,29,29,0,match
1q6il02,0,29,29,0,match
1q6iljc,0,29,29,0,match
1q6iln4,0,29,29,0,match
1q6ilpw,0,29,29,0,match
1q6imib,0,29,29,0,match
1q6imqb,0,29,29,0,match
1q6imtz,0,29,29,0,match
1q6ind1,0,29,29,0,match
1q6infd,0,29,29,0,match
1q6ingh,0,29,29,0,match
1q6inpe,0,29,29,0,match
1q6inpw,0,30,30,0,match
1q6iog0,0,30,30,0,match
1q6ioos,0,30,30,0,match
1q6ipc2,0,30,30,0,match
1q6ipee,0,30,30,0,match
1q6ipjx,0,30,30,0,match
1q6ipup,0,30,30,0,match
1q6iqag,0,1,1,0,match
1q6iqd7,0,30,30,0,match
1q6iqg7,0,30,30,0,match
1q6irmn,0,17,17,0,match
1q6irsq,0,29,29,0,match
1q6isvl,0,29,29,0,match
1q6it24,0,2,2,0,match
1q6itih,0,29,29,0,match
1q6itv4,0,29,29,0,match
1q6iugl,0,29,29,0,match
1q6iulz,0,29,29,0,match
1q6iuto,0,29,29,0,match
1q6ivgq,0,29,29,0,match
1q6iwba,0,29,29,0,match
1q6iwj7,0,29,29,0,match
1q6ixke,0,3,3,0,match
1q6ixoj,0,29,29,0,match
1q6iygu,0,29,29,0,match
1q6iz5i,0,29,29,0,match
1q6izbv,0,29,29,0,match
1q6iziz,0,29,29,0,match
1q6izll,0,29,29,0,match
1q6izmy,0,29,29,0,match
1q6j00z,0,29,29,0,match
1q6j0i7,0,29,29,0,match
1q6j0iu,0,29,29,0,match
1q6j0nd,0,29,29,0,match
1q6j0zn,0,29,29,0,match
1q6j15x,0,6,6,0,match
1q6j163,0,1,1,0,match
1q6j18z,0,30,30,0,match
1q6j19b,0,30,30,0,match
1q6j1eo,0,7,7,0,match
1q6j1q3,0,30,30,0,match
1q6j1vh,0,30,30,0,match
1q6j28f,0,30,30,0,match
1q6j2dk,0,30,30,0,match
1q6j2ha,0,30,30,0,match
1q6j2k2,0,17,17,0,match
1q6j2sr,0,30,30,0,match
1q6j3bg,0,2,2,0,match
1q6j3p8,0,30,30,0,match
1q6j4o1,0,30,30,0,match
1q6j4sm,0,30,30,0,match
1q6j4w6,0,25,25,0,match
1q6j51q,0,30,30,0,match
1q6j5vr,0,29,29,0,match
1q6j61n,0,29,29,0,match
1q6j6kq,0,29,29,0,match
1q6j6r8,0,29,29,0,match
1q6j79t,0,29,29,0,match
1q6j8l8,0,29,29,0,match
1q6j921,0,29,29,0,match
1q6j9nl,0,29,29,0,match
1q6j9zk,0,29,29,0,match
1q6ja5m,0,29,29,0,match
1q6ja82,0,1,1,0,match
1q6jbaw,0,29,29,0,match
1q6jbot,0,1,1,0,match
1q6jbr3,0,30,30,0,match
1q6jc46,0,30,30,0,match
1q6jcdo,0,30,30,0,match
1q6jcij,0,30,30,0,match
1q6jcpa,0,30,30,0,match
1q6jdff,0,23,23,0,match
1q6jdfx,0,30,30,0,match
1q6jdj8,0,15,15,0,match
1q6jdpw,0,30,30,0,match
1q6jdr6,0,30,30,0,match
1q6jdrv,0,30,30,0,match
1q6jdu2,0,3,3,0,match
1q6je71,0,1,1,0,match
1q6jebj,0,30,30,0,match
1q6jex6,0,30,30,0,match
1q6jfa3,0,30,30,0,match
1q6jglg,0,30,30,0,match
1q6jgq4,0,30,30,0,match
1q6jgrb,0,30,30,0,match
1q6jh6g,0,30,30,0,match
1q6jhal,0,30,30,0,match
1q6jhnx,0,30,30,0,match
1q6jhxe,0,30,30,0,match
1q6ji0h,0,30,30,0,match
1q6ji1i,0,30,30,0,match
1q6jirw,0,30,30,0,match
1q6jisl,0,30,30,0,match
1q6jity,0,30,30,0,match
1q6jj30,0,30,30,0,match
1q6jj51,0,30,30,0,match
1q6jjdd,0,1,1,0,match
1q6jjdo,0,8,8,0,match
1q6jjjm,0,1,1,0,match
1q6jjm5,0,30,30,0,match
1q6jjs0,0,30,30,0,match
1q6jk3i,0,30,30,0,match
1q6jk9i,0,31,31,0,match
1q6jky0,0,30,30,0,match
1q6jm7g,0,30,30,0,match
1q6jmaj,0,30,30,0,match
1q6jmri,0,30,30,0,match
1q6jmtr,0,30,30,0,match
1q6jmz2,0,30,30,0,match
1q6jmzh,0,30,30,0,match
1q6jn2x,0,30,30,0,match
1q6jn6u,0,19,19,0,match
1q6jnck,0,4,4,0,match
1q6jnfq,0,30,30,0,match
1q6jnio,0,30,30,0,match
1q6jnl0,0,30,30,0,match
1q6jnw0,0,30,30,0,match
1q6jo9k,0,30,30,0,match
1q6jodo,0,13,13,0,match
1q6jop6,0,30,30,0,match
1q6jp1h,0,30,30,0,match
1q6jp21,0,30,30,0,match
1q6jp3m,0,3,3,0,match
1q6jpr2,0,30,30,0,match
1q6jq9y,0,30,30,0,match
1q6jra8,0,9,9,0,match
1q6jrgk,0,30,30,0,match
1q6jsje,0,30,30,0,match
1q6jtd4,0,30,30,0,match
1q6jtoa,0,30,30,0,match
1q6jue6,0,18,18,0,match
1q6junf,0,30,30,0,match
1q6junq,0,30,30,0,match
1q6jv7w,0,29,29,0,match
1q6jvk2,0,30,30,0,match
1q6jvlr,0,30,30,0,match
1q6jvs7,0,30,30,0,match
1q6jwrh,0,30,30,0,match
1q6jwxp,0,4,4,0,match
1q6jwyi,0,30,30,0,match
1q6jwzx,0,1,1,0,match
1q6jxek,0,30,30,0,match
1q6jxo4,0,30,30,0,match
1q6jxoa,0,30,30,0,match
1q6jy26,0,30,30,0,match
1q6jy5p,0,30,30,0,match
1q6jy7w,0,30,30,0,match
1q6jy99,0,30,30,0,match
1q6jy9g,0,30,30,0,match
1q6jyfk,0,31,31,0,match
1q6jyfx,0,1,1,0,match
1q6jyj4,0,31,31,0,match
1q6jyvq,0,31,31,0,match
1q6jz14,0,31,31,0,match
1q6jz1y,0,9,9,0,match
1q6jz5j,0,31,31,0,match
1q6jzv0,0,30,30,0,match
1q6k0vs,0,30,30,0,match
1q6k11b,0,30,30,0,match
1q6k12e,0,2,2,0,match
1q6k132,0,30,30,0,match
1q6k1pl,0,30,30,0,match
1q6k2nz,0,30,30,0,match
1q6k3o4,0,30,30,0,match
1q6k3tr,0,30,30,0,match
1q6k3xi,0,30,30,0,match
1q6k4nt,0,7,7,0,match
1q6k69h,0,30,30,0,match
1q6k6m4,0,30,30,0,match
1q6k6zi,0,30,30,0,match
1q6k83w,0,30,30,0,match
1q6k90c,0,14,14,0,match
1q6k94o,0,30,30,0,match
1q6k98l,0,30,30,0,match
1q6k99d,0,30,30,0,match
1q6k9m5,0,30,30,0,match
1q6k9q8,0,30,30,0,match
1q6k9yf,0,4,4,0,match
1q6ka3d,0,30,30,0,match
1q6kaow,0,30,30,0,match
1q6kax5,0,30,30,0,match
1q6kb8r,0,30,30,0,match
1q6kcjm,0,30,30,0,match
1q6kd4b,0,30,30,0,match
1q6kdif,0,2,2,0,match
1q6kdw3,0,30,30,0,match
1q6ke2h,0,30,30,0,match
1q6kemi,0,30,30,0,match
1q6kenl,0,30,30,0,match
1q6kf5d,0,30,30,0,match
1q6kff4,0,30,30,0,match
1q6kfgh,0,7,7,0,match
1q6kfn7,0,30,30,0,match
1q6kfom,0,30,30,0,match
1q6kgoe,0,30,30,0,match
1q6kgrx,0,30,30,0,match
1q6kgsx,0,1,1,0,match
1q6kgtn,0,30,30,0,match
1q6kgxf,0,30,30,0,match
1q6khmd,0,30,30,0,match
1q6khnw,0,30,30,0,match
1q6ki2n,0,1,1,0,match
1q6ki5c,0,30,30,0,match
1q6ki6t,0,4,4,0,match
1q6ki7m,0,30,30,0,match
1q6kibq,0,30,30,0,match
1q6kic4,0,30,30,0,match
1q6kj3w,0,30,30,0,match
1q6kjb3,0,1,1,0,match
1q6kjdb,0,30,30,0,match
1q6kjdo,0,30,30,0,match
1q6kjsj,0,30,30,0,match
1q6kjwt,0,30,30,0,match
1q6kjxx,0,30,30,0,match
1q6kk45,0,30,30,0,match
1q6kkuk,0,30,30,0,match
1q6kl9x,0,30,30,0,match
1q6kljv,0,30,30,0,match
1q6klyk,0,30,30,0,match
1q6kmkk,0,30,30,0,match
1q6kmya,0,30,30,0,match
1q6kn50,0,30,30,0,match
1q6knao,0,30,30,0,match
1q6knd0,0,30,30,0,match
1q6knod,0,20,20,0,match
1q6ko6f,0,30,30,0,match
1q6koar,0,30,30,0,match
1q6kozz,0,30,30,0,match
1q6kpf5,0,30,30,0,match
1q6kpve,0,30,30,0,match
1q6kpzv,0,30,30,0,match
1q6kqok,0,30,30,0,match
1q6kr3x,0,30,30,0,match
1q6kr8p,0,30,30,0,match
1q6ks4j,0,1,1,0,match
1q6ksp0,0,30,30,0,match
1q6ksr3,0,30,30,0,match
1q6kswn,0,31,31,0,match
1q6kt4o,0,31,31,0,match
1q6kt6m,0,31,31,0,match
1q6kt8x,0,31,31,0,match
1q6ktc2,0,31,31,0,match
1q6kth9,0,31,31,0,match
1q6kubu,0,30,30,0,match
1q6kulr,0,30,30,0,match
1q6kumo,0,30,30,0,match
1q6kuu4,0,30,30,0,match
1q6kuuv,0,30,30,0,match
1q6kv22,0,30,30,0,match
1q6kvsx,0,30,30,0,match
1q6kvz5,0,8,8,0,match
1q6kw12,0,13,13,0,match
1q6kwho,0,30,30,0,match
1q6kwtu,0,30,30,0,match
1q6kxj5,0,20,20,0,match
1q6kxpr,0,30,30,0,match
1q6kxtw,0,30,30,0,match
1q6ky5c,0,30,30,0,match
1q6kznm,0,30,30,0,match
1q6kzut,0,30,30,0,match
1q6kzzq,0,30,30,0,match
1q6l07b,0,30,30,0,match
1q6l0eu,0,30,30,0,match
1q6l0iy,0,30,30,0,match
1q6l0wo,0,30,30,0,match
1q6l1cs,0,30,30,0,match
1q6l1f8,0,30,30,0,match
1q6l2ve,0,30,30,0,match
1q6l2xs,0,30,30,0,match
1q6l376,0,15,15,0,match
1q6l3ph,0,30,30,0,match
1q6l46k,0,30,30,0,match
1q6l4pi,0,30,30,0,match
1q6l5qk,0,1,1,0,match
1q6l65g,0,30,30,0,match
1q6l6bo,0,30,30,0,match
1q6l6jq,0,30,30,0,match
1q6l6wq,0,15,15,0,match
1q6l7ro,0,30,30,0,match
1q6l95i,0,31,31,0,match
1q6lacg,0,31,31,0,match
1q6ladq,0,31,31,0,match
1q6lap1,0,31,31,0,match
1q6lar0,0,5,5,0,match
1q6lc0g,0,30,30,0,match
1q6lc8l,0,30,30,0,match
1q6lcce,0,30,30,0,match
1q6lck4,0,30,30,0,match
1q6lckb,0,30,30,0,match
1q6lcqf,0,30,30,0,match
1q6ldsf,0,30,30,0,match
1q6lduc,0,30,30,0,match
1q6ldvf,0,5,5,0,match
1q6ldvv,0,30,30,0,match
1q6ldzc,0,30,30,0,match
1q6leef,0,4,4,0,match
1q6len6,0,30,30,0,match
1q6lf4a,0,30,30,0,match
1q6lf4c,0,30,30,0,match
1q6lf4j,0,30,30,0,match
1q6lfo6,0,20,20,0,match
1q6lg02,0,30,30,0,match
1q6lg64,0,30,30,0,match
1q6lgsp,0,30,30,0,match
1q6lgyc,0,30,30,0,match
1q6lhm8,0,30,30,0,match
1q6lhy4,0,30,30,0,match
1q6li19,0,30,30,0,match
1q6li83,0,30,30,0,match
1q6li9d,0,30,30,0,match
1q6lj7u,0,30,30,0,match
1q6ljf1,0,30,30,0,match
1q6ljh0,0,1,1,0,match
1q6ljol,0,30,30,0,match
1q6lkai,0,30,30,0,match
1q6lkiw,0,30,30,0,match
1q6lkld,0,30,30,0,match
1q6lkod,0,30,30,0,match
1q6lkrf,0,30,30,0,match
1q6lks8,0,30,30,0,match
1q6lkxh,0,1,1,0,match
1q6lkxi,0,30,30,0,match
1q6ll21,0,22,22,0,match
1q6ll4l,0,2,2,0,match
1q6llyp,0,30,30,0,match
1q6lmhv,0,11,11,0,match
1q6ln0j,0,31,31,0,match
1q6ln9b,0,31,31,0,match
1q6lnfa,0,31,31,0,match
1q6lnpn,0,31,31,0,match
1q6lnxj,0,31,31,0,match
1q6log4,0,1,1,0,match
1q6logl,0,31,31,0,match
1q6losk,0,19,19,0,match
1q6lqff,0,31,31,0,match
1q6lqgi,0,31,31,0,match
1q6lr6p,0,30,30,0,match
1q6lrot,0,1,1,0,match
1q6lrrq,0,30,30,0,match
1q6lrwf,0,17,17,0,match
1q6ls5e,0,30,30,0,match
1q6lsj8,0,30,30,0,match
1q6lt1s,0,30,30,0,match
1q6ltab,0,30,30,0,match
1q6lthv,0,30,30,0,match
1q6ltia,0,30,30,0,match
1q6lu13,0,30,30,0,match
1q6lucc,0,30,30,0,match
1q6lufp,0,30,30,0,match
1q6lv03,0,30,30,0,match
1q6lvhe,0,30,30,0,match
1q6lw8f,0,30,30,0,match
1q6lwjg,0,30,30,0,match
1q6lwjh,0,30,30,0,match
1q6lxh1,0,30,30,0,match
1q6lyj7,0,30,30,0,match
1q6lyr7,0,30,30,0,match
1q6lyrr,0,30,30,0,match
1q6lzcj,0,30,30,0,match
1q6m0nx,0,30,30,0,match
1q6m0sm,0,30,30,0,match
1q6m0w4,0,30,30,0,match
1q6m19b,0,30,30,0,match
1q6m1yv,0,2,2,0,match
1q6m214,0,30,30,0,match
1q6m2ii,0,30,30,0,match
1q6m2rj,0,30,30,0,match
1q6m2vn,0,30,30,0,match
1q6m2yg,0,3,3,0,match
1q6m3c5,0,4,4,0,match
1q6m3so,0,30,30,0,match
1q6m3t9,0,30,30,0,match
1q6m4dw,0,4,4,0,match
1q6m4gb,0,30,30,0,match
1q6m4oj,0,5,5,0,match
1q6m4um,0,10,10,0,match
1q6m4vj,0,30,30,0,match
1q6m4xy,0,4,4,0,match
1q6m5s8,0,30,30,0,match
1q6m69k,0,30,30,0,match
1q6m6az,0,30,30,0,match
1q6m6h7,0,31,31,0,match
1q6m71g,0,30,30,0,match
1q6m7g3,0,30,30,0,match
1q6m7g4,0,30,30,0,match
1q6m7ia,0,30,30,0,match
1q6m7my,0,30,30,0,match
1q6m82c,0,30,30,0,match
1q6m87f,0,30,30,0,match
1q6m8e6,0,30,30,0,match
1q6m8r6,0,30,30,0,match
1q6m8vo,0,30,30,0,match
1q6m8yf,0,30,30,0,match
1q6m9av,0,30,30,0,match
1q6m9hs,0,30,30,0,match
1q6m9ol,0,1,1,0,match
1q6ma1l,0,2,2,0,match
1q6ma9v,0,30,30,0,match
1q6magi,0,30,30,0,match
1q6mas7,0,30,30,0,match
1q6mb4q,0,3,3,0,match
1q6mbea,0,4,4,0,match
1q6mbnj,0,7,7,0,match
1q6mczn,0,4,4,0,match
1q6mdrv,0,30,30,0,match
1q6mea3,0,30,30,0,match
1q6mezp,0,30,30,0,match
1q6mf68,0,30,30,0,match
1q6mfvu,0,30,30,0,match
1q6mfx5,0,30,30,0,match
1q6mgs9,0,30,30,0,match
1q6mgsu,0,30,30,0,match
1q6mgum,0,4,4,0,match
1q6mh59,0,30,30,0,match
1q6mha2,0,30,30,0,match
1q6mhkx,0,30,30,0,match
1q6mhlk,0,1,1,0,match
1q6mhmw,0,30,30,0,match
1q6mi2d,0,19,19,0,match
1q6mia3,0,31,31,0,match
1q6mik6,0,3,3,0,match
1q6mily,0,31,31,0,match
1q6miu1,0,9,9,0,match
1q6mizz,0,31,31,0,match
1q6mjx3,0,31,31,0,match
1q6mk4o,0,31,31,0,match
1q6mkcd,0,31,31,0,match
1q6mknb,0,31,31,0,match
1q6mky7,0,31,31,0,match
1q6ml9e,0,30,30,0,match
1q6mlj6,0,31,31,0,match
1q6mlul,0,31,31,0,match
1q6mn0j,0,30,30,0,match
1q6mnf7,0,30,30,0,match
1q6mnux,0,30,30,0,match
1q6mobe,0,30,30,0,match
1q6mp3o,0,30,30,0,match
1q6mpf6,0,30,30,0,match
1q6mppg,0,30,30,0,match
1q6mr4s,0,30,30,0,match
1q6mrjr,0,30,30,0,match
1q6msdx,0,30,30,0,match
1q6msyj,0,30,30,0,match
1q6mt0w,0,1,1,0,match
1q6mtgy,0,30,30,0,match
1q6mtkw,0,30,30,0,match
1q6mtol,0,1,1,0,match
1q6mtuf,0,30,30,0,match
1q6mtvv,0,30,30,0,match
1q6mum5,0,30,30,0,match
1q6muxa,0,30,30,0,match
1q6mv1p,0,30,30,0,match
1q6mv4y,0,30,30,0,match
1q6mwpa,0,31,31,0,match
1q6mwyy,0,31,31,0,match
1q6mx17,0,31,31,0,match
1q6mx1t,0,31,31,0,match
1q6mx36,0,31,31,0,match
1q6mxim,0,31,31,0,match
1q6mxpi,0,31,31,0,match
1q6mxvw,0,31,31,0,match
1q6my2v,0,31,31,0,match
1q6mylb,0,31,31,0,match
1q6myum,0,31,31,0,match
1q6myzk,0,2,2,0,match
1q6mzq2,0,31,31,0,match
1q6n0wq,0,31,31,0,match
1q6n2nh,0,31,31,0,match
1q6n3nm,0,30,30,0,match
1q6n3wf,0,30,30,0,match
1q6n4il,0,30,30,0,match
1q6n4pw,0,30,30,0,match
1q6n4ts,0,30,30,0,match
1q6n5dg,0,30,30,0,match
1q6n5vo,0,30,30,0,match
1q6n818,0,30,30,0,match
1q6n8lw,0,30,30,0,match
1q6n8qn,0,30,30,0,match
1q6n95b,0,30,30,0,match
1q6n98h,0,30,30,0,match
1q6n9oh,0,30,30,0,match
1q6na0d,0,30,30,0,match
1q6na4o,0,30,30,0,match
1q6nasj,0,30,30,0,match
1q6nb57,0,30,30,0,match
1q6nbd3,0,30,30,0,match
1q6nbrd,0,30,30,0,match
1q6nbth,0,31,31,0,match
1q6ne0h,0,31,31,0,match
1q6nect,0,31,31,0,match
1q6nedo,0,31,31,0,match
1q6nely,0,31,31,0,match
1q6ner4,0,31,31,0,match
1q6newg,0,31,31,0,match
1q6nfvt,0,2,2,0,match
1q6nfzp,0,6,6,0,match
1q6ngsk,0,31,31,0,match
1q6nh9k,0,31,31,0,match
1q6nhaj,0,31,31,0,match
1q6ni1m,0,31,31,0,match
1q6niur,0,31,31,0,match
1q6njb7,0,30,30,0,match
1q6njs3,0,30,30,0,match
1q6nl2h,0,30,30,0,match
1q6nl9v,0,30,30,0,match
1q6nli1,0,7,7,0,match
1q6nlpi,0,30,30,0,match
1q6nmi6,0,30,30,0,match
1q6nmoo,0,30,30,0,match
1q6nmov,0,30,30,0,match
1q6nnym,0,2,2,0,match
1q6no8p,0,30,30,0,match
1q6norq,0,15,15,0,match
1q6npa8,0,30,30,0,match
1q6npu2,0,1,1,0,match
1q6nr2a,0,30,30,0,match
1q6nrlt,0,30,30,0,match
1q6ns4y,0,30,30,0,match
1q6nsf0,0,30,30,0,match
1q6nsix,0,30,30,0,match
1q6nsxk,0,30,30,0,match
1q6ntep,0,30,30,0,match
1q6nu51,0,30,30,0,match
1q6nu69,0,30,30,0,match
1q6nufb,0,30,30,0,match
1q6nuk7,0,30,30,0,match
1q6nv5x,0,30,30,0,match
1q6nvbs,0,30,30,0,match
1q6nvrh,0,30,30,0,match
1q6nwr6,0,30,30,0,match
1q6nxo9,0,1,1,0,match
1q6ny1g,0,30,30,0,match
1q6nzyh,0,29,29,0,match
1q6o0ae,0,26,26,0,match
1q6o0uf,0,29,29,0,match
1q6o10s,0,29,29,0,match
1q6o12q,0,29,29,0,match
1q6o1rz,0,11,11,0,match
1q6o1xt,0,29,29,0,match
1q6o21m,0,29,29,0,match
1q6o279,0,29,29,0,match
1q6o2ic,0,30,30,0,match
1q6o3im,0,30,30,0,match
1q6o3qg,0,12,12,0,match
1q6o3s1,0,30,30,0,match
1q6o4e7,0,5,5,0,match
1q6o4rk,0,30,30,0,match
1q6o4vg,0,30,30,0,match
1q6o5xi,0,30,30,0,match
1q6o7gj,0,30,30,0,match
1q6o7w6,0,30,30,0,match
1q6o87p,0,30,30,0,match
1q6o8b7,0,30,30,0,match
1q6o8cm,0,30,30,0,match
1q6o8dn,0,30,30,0,match
1q6o8vd,0,4,4,0,match
1q6oagc,0,30,30,0,match
1q6oal4,0,30,30,0,match
1q6oavm,0,30,30,0,match
1q6oaxw,0,30,30,0,match
1q6obee,0,30,30,0,match
1q6obn7,0,30,30,0,match
1q6obug,0,30,30,0,match
1q6oc4d,0,30,30,0,match
1q6ocjq,0,30,30,0,match
1q6od94,0,30,30,0,match
1q6odoa,0,30,30,0,match
1q6oeco,0,30,30,0,match
1q6oene,0,30,30,0,match
1q6oet0,0,30,30,0,match
1q6oevi,0,30,30,0,match
1q6of41,0,1,1,0,match
1q6of8e,0,30,30,0,match
1q6ofd6,0,30,30,0,match
1q6oflj,0,30,30,0,match
1q6ofyl,0,29,29,0,match
1q6ogiv,0,1,1,0,match
1q6ogoh,0,29,29,0,match
1q6oi34,0,29,29,0,match
1q6oiky,0,29,29,0,match
1q6oit0,0,29,29,0,match
1q6ojg0,0,29,29,0,match
1q6ojn9,0,29,29,0,match
1q6ojy2,0,29,29,0,match
1q6okbk,0,29,29,0,match
1q6oknr,0,30,30,0,match
1q6omad,0,30,30,0,match
1q6omin,0,30,30,0,match
1q6omkr,0,30,30,0,match
1q6on4l,0,30,30,0,match
1q6op7b,0,30,30,0,match
1q6oq3j,0,30,30,0,match
1q6oqbg,0,30,30,0,match
1q6oqeu,0,30,30,0,match
1q6oqjt,0,30,30,0,match
1q6os5r,0,30,30,0,match
1q6os8y,0,30,30,0,match
1q6oskc,0,30,30,0,match
1q6oswm,0,30,30,0,match
1q6otih,0,30,30,0,match
1q6ou1k,0,30,30,0,match
1q6oul7,0,30,30,0,match
1q6ouvj,0,30,30,0,match
1q6owjn,0,29,29,0,match
1q6oxai,0,29,29,0,match
1q6oxvs,0,29,29,0,match
1q6oycu,0,29,29,0,match
1q6oyzc,0,5,5,0,match
1q6oz6y,0,29,29,0,match
1q6ozfx,0,29,29,0,match
1q6ozhf,0,29,29,0,match
1q6p018,0,29,29,0,match
1q6p0la,0,29,29,0,match
1q6p0te,0,5,5,0,match
1q6p1nf,0,29,29,0,match
1q6p1zc,0,29,29,0,match
1q6p22u,0,29,29,0,match
1q6p3gg,0,29,29,0,match
1q6p46h,0,29,29,0,match
1q6p4j0,0,29,29,0,match
1q6p4r7,0,29,29,0,match
1q6p5lw,0,29,29,0,match
1q6p67m,0,29,29,0,match
1q6p6x8,0,29,29,0,match
1q6p7gp,0,29,29,0,match
1q6p7nz,0,29,29,0,match
1q6p8xh,0,3,3,0,match
1q6p91v,0,3,3,0,match
1q6p9ae,0,27,27,0,match
1q6p9k6,0,30,30,0,match
1q6p9nb,0,30,30,0,match
1q6pa8f,0,30,30,0,match
1q6pald,0,30,30,0,match
1q6pazr,0,29,29,0,match
1q6pb5c,0,29,29,0,match
1q6pb7c,0,29,29,0,match
1q6pbop,0,29,29,0,match
1q6pbtn,0,29,29,0,match
1q6pbtp,0,29,29,0,match
1q6pcl0,0,29,29,0,match
1q6pcs9,0,29,29,0,match
1q6pcwf,0,29,29,0,match
1q6pd1x,0,29,29,0,match
1q6pd6m,0,29,29,0,match
1q6pdfs,0,29,29,0,match
1q6pdgt,0,29,29,0,match
1q6pe08,0,29,29,0,match
1q6peo5,0,29,29,0,match
1q6pf0q,0,16,16,0,match
1q6pf2x,0,9,9,0,match
1q6pfdk,0,29,29,0,match
1q6pgg1,0,29,29,0,match
1q6pgoi,0,29,29,0,match
1q6pgw1,0,29,29,0,match
1q6ph5i,0,29,29,0,match
1q6phi2,0,29,29,0,match
1q6phkd,0,29,29,0,match
1q6phmh,0,29,29,0,match
1q6phnv,0,29,29,0,match
1q6phtz,0,29,29,0,match
1q6pi1b,0,29,29,0,match
1q6pi8u,0,29,29,0,match
1q6piug,0,29,29,0,match
1q6pj63,0,29,29,0,match
1q6plop,0,11,11,0,match
1q6pmvr,0,29,29,0,match
1q6pn0k,0,29,29,0,match
1q6pnzb,0,29,29,0,match
1q6polg,0,29,29,0,match
1q6ppr6,0,29,29,0,match
1q6pqfn,0,28,28,0,match
1q6pqp1,0,28,28,0,match
1q6pr5m,0,28,28,0,match
1q6pr9b,0,1,1,0,match
1q6prsd,0,28,28,0,match
1q6prsg,0,28,28,0,match
1q6psvg,0,28,28,0,match
1q6psw5,0,28,28,0,match
1q6ptdr,0,28,28,0,match
1q6ptjq,0,28,28,0,match
1q6pudt,0,28,28,0,match
1q6pusw,0,28,28,0,match
1q6pxju,0,28,28,0,match
1q6pxxe,0,1,1,0,match
1q6py8g,0,28,28,0,match
1q6pye2,0,28,28,0,match
1q6pyou,0,28,28,0,match
1q6pywg,0,28,28,0,match
1q6pyxw,0,28,28,0,match
1q6pz6x,0,28,28,0,match
1q6pzoo,0,28,28,0,match
1q6q01d,0,29,29,0,match
1q6q1p0,0,3,3,0,match
1q6q2by,0,29,29,0,match
1q6q3c0,0,29,29,0,match
1q6q4n5,0,29,29,0,match
1q6q4xu,0,29,29,0,match
1q6q599,0,29,29,0,match
1q6q5ce,0,29,29,0,match
1q6q5h3,0,29,29,0,match
1q6q5pu,0,29,29,0,match
1q6q6nx,0,7,7,0,match
1q6q6pp,0,28,28,0,match
1q6q6qa,0,28,28,0,match
1q6q6zl,0,6,6,0,match
1q6q74k,0,28,28,0,match
1q6q76k,0,28,28,0,match
1q6q7mk,0,28,28,0,match
1q6q87f,0,28,28,0,match
1q6q8cm,0,28,28,0,match
1q6q8du,0,28,28,0,match
1q6q8lp,0,28,28,0,match
1q6q8vn,0,7,7,0,match
1q6qc41,0,28,28,0,match
1q6qci1,0,6,6,0,match
1q6qcss,0,28,28,0,match
1q6qcw7,0,28,28,0,match
1q6qei8,0,1,1,0,match
1q6qeqq,0,28,28,0,match
1q6qeur,0,28,28,0,match
1q6qf4q,0,28,28,0,match
1q6qfp8,0,1,1,0,match
1q6qgkn,0,6,6,0,match
1q6qgls,0,28,28,0,match
1q6qh8o,0,28,28,0,match
1q6qhdf,0,28,28,0,match
1q6qhpr,0,28,28,0,match
1q6qhvv,0,28,28,0,match
1q6qifv,0,12,12,0,match
1q6qitg,0,28,28,0,match
1q6qj0h,0,2,2,0,match
1q6qk16,0,28,28,0,match
1q6qki0,0,10,10,0,match
1q6qkok,0,28,28,0,match
1q6qm0o,0,27,27,0,match
1q6qmgc,0,18,18,0,match
1q6qnnp,0,27,27,0,match
1q6qom1,0,6,6,0,match
1q6qovn,0,27,27,0,match
1q6qowy,0,27,27,0,match
1q6qq3c,0,27,27,0,match
1q6qqjg,0,27,27,0,match
1q6qqxm,0,27,27,0,match
1q6qr5k,0,27,27,0,match
1q6qrln,0,2,2,0,match
1q6qspv,0,27,27,0,match
1q6qtmr,0,27,27,0,match
1q6que5,0,27,27,0,match
1q6qums,0,27,27,0,match
1q6quto,0,28,28,0,match
1q6qvcq,0,28,28,0,match
1q6qvgs,0,28,28,0,match
1q6qw5b,0,28,28,0,match
1q6qwdb,0,3,3,0,match
1q6qwh9,0,28,28,0,match
1q6qx7s,0,28,28,0,match
1q6qxee,0,28,28,0,match
1q6qy27,0,28,28,0,match
1q6qyev,0,28,28,0,match
1q6qyte,0,28,28,0,match
1q6qz38,0,28,28,0,match
1q6qz3b,0,28,28,0,match
1q6qzl9,0,28,28,0,match
1q6qzvi,0,28,28,0,match
1q6r0kv,0,28,28,0,match
1q6r1ct,0,3,3,0,match
1q6r1i9,0,8,8,0,match
1q6r1xl,0,27,27,0,match
1q6r22f,0,27,27,0,match
1q6r2l1,0,27,27,0,match
1q6r2r1,0,27,27,0,match
1q6r30h,0,27,27,0,match
1q6r3da,0,27,27,0,match
1q6r4zq,0,8,8,0,match
1q6r6m1,0,27,27,0,match
1q6r6yx,0,4,4,0,match
1q6r7no,0,1,1,0,match
1q6r7sm,0,27,27,0,match
1q6r7sn,0,27,27,0,match
1q6r7t4,0,27,27,0,match
1q6r7yk,0,27,27,0,match
1q6r8bd,0,27,27,0,match
1q6r8pl,0,27,27,0,match
1q6r9vm,0,10,10,0,match
1q6ra5b,0,27,27,0,match
1q6ra77,0,1,1,0,match
1q6rabo,0,27,27,0,match
1q6rb1p,0,27,27,0,match
1q6rbc6,0,10,10,0,match
1q6rciw,0,27,27,0,match
1q6rcl1,0,28,28,0,match
1q6rd8h,0,28,28,0,match
1q6rdev,0,28,28,0,match
1q6rdgk,0,28,28,0,match
1q6rdiu,0,18,18,0,match
1q6rdpx,0,28,28,0,match
1q6refe,0,28,28,0,match
1q6rf1f,0,28,28,0,match
1q6rfdq,0,28,28,0,match
1q6rfg1,0,27,27,0,match
1q6rg5k,0,27,27,0,match
1q6rgj5,0,27,27,0,match
1q6rgum,0,27,27,0,match
1q6rh3j,0,27,27,0,match
1q6rhad,0,20,20,0,match
1q6ri8w,0,27,27,0,match
1q6riub,0,27,27,0,match
1q6rj86,0,27,27,0,match
1q6rjhe,0,27,27,0,match
1q6rjhl,0,27,27,0,match
1q6rjm2,0,27,27,0,match
1q6rjtd,0,27,27,0,match
1q6rk3a,0,27,27,0,match
1q6rl8z,0,27,27,0,match
1q6rlem,0,27,27,0,match
1q6rmp3,0,27,27,0,match
1q6rmxa,0,27,27,0,match
1q6ro89,0,27,27,0,match
1q6rocw,0,27,27,0,match
1q6rodg,0,27,27,0,match
1q6rom3,0,28,28,0,match
1q6rot2,0,4,4,0,match
1q6rotd,0,1,1,0,match
1q6rov2,0,28,28,0,match
1q6rpfx,0,28,28,0,match
1q6rpk0,0,3,3,0,match
1q6rq47,0,28,28,0,match
1q6rrhe,0,28,28,0,match
1q6rrj5,0,28,28,0,match
1q6rrv1,0,28,28,0,match
1q6rt1w,0,28,28,0,match
1q6rt89,0,28,28,0,match
1q6rtgu,0,28,28,0,match
1q6rtjh,0,28,28,0,match
1q6rtra,0,28,28,0,match
1q6rtz0,0,28,28,0,match
1q6ru6e,0,28,28,0,match
1q6ruiq,0,28,28,0,match
1q6rum9,0,28,28,0,match
1q6rv2q,0,27,27,0,match
1q6rvg8,0,6,6,0,match
1q6rw1g,0,27,27,0,match
1q6rwpw,0,28,28,0,match
1q6rx0p,0,28,28,0,match
1q6rx3p,0,28,28,0,match
1q6rxdp,0,28,28,0,match
1q6ryby,0,28,28,0,match
1q6ryet,0,28,28,0,match
1q6ryq4,0,28,28,0,match
1q6ryty,0,28,28,0,match
1q6rz59,0,28,28,0,match
1q6s09a,0,28,28,0,match
1q6s0ia,0,28,28,0,match
1q6s2ab,0,28,28,0,match
1q6s2fz,0,28,28,0,match
1q6s2jb,0,28,28,0,match
1q6s389,0,28,28,0,match
1q6s3c2,0,28,28,0,match
1q6s3hk,0,28,28,0,match
1q6s3q3,0,28,28,0,match
1q6s44y,0,28,28,0,match
1q6s4vm,0,13,13,0,match
1q6s571,0,28,28,0,match
1q6s5g8,0,28,28,0,match
1q6s61e,0,28,28,0,match
1q6s776,0,28,28,0,match
1q6s7et,0,28,28,0,match
1q6s8ei,0,28,28,0,match
1q6s8ow,0,28,28,0,match
1q6s8pw,0,3,3,0,match
1q6s8u3,0,28,28,0,match
1q6s8xx,0,28,28,0,match
1q6s8yb,0,29,29,0,match
1q6s95v,0,3,3,0,match
1q6s9dl,0,29,29,0,match
1q6sa54,0,28,28,0,match
1q6sa9o,0,28,28,0,match
1q6sac7,0,28,28,0,match
1q6saoe,0,28,28,0,match
1q6sbay,0,28,28,0,match
1q6sbfr,0,28,28,0,match
1q6sbmo,0,28,28,0,match
1q6sc5g,0,28,28,0,match
1q6scf8,0,28,28,0,match
1q6scfs,0,28,28,0,match
1q6sd20,0,28,28,0,match
1q6sdf8,0,1,1,0,match
1q6sdw3,0,28,28,0,match
1q6seam,0,28,28,0,match
1q6seph,0,28,28,0,match
1q6sf2l,0,28,28,0,match
1q6sggk,0,28,28,0,match
1q6sgne,0,28,28,0,match
1q6sh85,0,28,28,0,match
1q6sikg,0,28,28,0,match
1q6sk3z,0,28,28,0,match
1q6sk6z,0,1,1,0,match
1q6sknr,0,1,1,0,match
1q6sl6y,0,28,28,0,match
1q6sn6k,0,27,27,0,match
1q6snpf,0,27,27,0,match
1q6so2r,0,27,27,0,match
1q6sofo,0,1,1,0,match
1q6sohr,0,27,27,0,match
1q6sot4,0,9,9,0,match
1q6sp97,0,27,27,0,match
1q6spq2,0,27,27,0,match
1q6spr7,0,27,27,0,match
1q6sqlh,0,27,27,0,match
1q6sqpf,0,27,27,0,match
1q6sqqn,0,27,27,0,match
1q6sriy,0,27,27,0,match
1q6srz1,0,27,27,0,match
1q6ssau,0,27,27,0,match
1q6st8z,0,27,27,0,match
1q6su9t,0,27,27,0,match
1q6suhr,0,1,1,0,match
1q6sulc,0,27,27,0,match
1q6svia,0,27,27,0,match
1q6svsz,0,27,27,0,match
1q6sw0b,0,27,27,0,match
1q6sw44,0,8,8,0,match
1q6sw6z,0,27,27,0,match
1q6swhv,0,27,27,0,match
1q6swin,0,27,27,0,match
1q6swkg,0,27,27,0,match
1q6sx40,0,27,27,0,match
1q6sx6l,0,27,27,0,match
1q6sxbi,0,27,27,0,match
1q6sxql,0,27,27,0,match
1q6sy58,0,27,27,0,match
1q6sybw,0,27,27,0,match
1q6sykd,0,27,27,0,match
1q6sylf,0,27,27,0,match
1q6szhk,0,12,12,0,match
1q6szi2,0,27,27,0,match
1q6szot,0,24,24,0,match
1q6t087,0,27,27,0,match
1q6t0iy,0,27,27,0,match
1q6t0ln,0,27,27,0,match
1q6t0sf,0,27,27,0,match
1q6t0uy,0,27,27,0,match
1q6t0vx,0,27,27,0,match
1q6t15x,0,27,27,0,match
1q6t1dn,0,27,27,0,match
1q6t1x7,0,27,27,0,match
1q6t208,0,1,1,0,match
1q6t20z,0,27,27,0,match
1q6t23q,0,27,27,0,match
1q6t2pd,0,26,26,0,match
1q6t3dp,0,27,27,0,match
1q6t3ob,0,27,27,0,match
1q6t3xk,0,27,27,0,match
1q6t3y0,0,27,27,0,match
1q6t451,0,2,2,0,match
1q6t470,0,27,27,0,match
1q6t4x7,0,27,27,0,match
1q6t4zk,0,27,27,0,match
1q6t5tt,0,27,27,0,match
1q6t5ub,0,27,27,0,match
1q6t5vz,0,1,1,0,match
1q6t6ai,0,27,27,0,match
1q6t6h1,0,27,27,0,match
1q6t6p7,0,27,27,0,match
1q6t6up,0,27,27,0,match
1q6t6wm,0,27,27,0,match
1q6t7ms,0,27,27,0,match
1q6t7r4,0,27,27,0,match
1q6t88k,0,27,27,0,match
1q6t8q1,0,27,27,0,match
1q6t8v3,0,27,27,0,match
1q6t8vn,0,27,27,0,match
1q6t8wb,0,27,27,0,match
1q6tafr,0,27,27,0,match
1q6tb6v,0,3,3,0,match
1q6tb8a,0,27,27,0,match
1q6tbho,0,27,27,0,match
1q6tbs0,0,27,27,0,match
1q6tbtx,0,27,27,0,match
1q6tbzb,0,27,27,0,match
1q6tcj6,0,27,27,0,match
1q6tcw3,0,27,27,0,match
1q6td4h,0,27,27,0,match
1q6tdjv,0,27,27,0,match
1q6tdwd,0,20,20,0,match
1q6teoz,0,27,27,0,match
1q6tf97,0,27,27,0,match
1q6tfbb,0,27,27,0,match
1q6tfqr,0,1,1,0,match
1q6tfze,0,27,27,0,match
1q6tg18,0,8,8,0,match
1q6tgo5,0,27,27,0,match
1q6tgr7,0,27,27,0,match
1q6th0q,0,27,27,0,match
1q6th5f,0,27,27,0,match
1q6thcc,0,27,27,0,match
1q6thsy,0,27,27,0,match
1q6thvo,0,27,27,0,match
1q6tikb,0,26,26,0,match
1q6tizn,0,7,7,0,match
1q6tj2t,0,2,2,0,match
1q6tjhb,0,26,26,0,match
1q6tjji,0,26,26,0,match
1q6tjsb,0,2,2,0,match
1q6tk4g,0,26,26,0,match
1q6tl3r,0,3,3,0,match
1q6tl9q,0,1,1,0,match
1q6tlai,0,26,26,0,match
1q6tlbd,0,26,26,0,match
1q6tlgz,0,26,26,0,match
1q6tmwc,0,26,26,0,match
1q6tmyz,0,26,26,0,match
1q6tn3i,0,26,26,0,match
1q6tn9t,0,26,26,0,match
1q6tnlo,0,2,2,0,match
1q6tno8,0,26,26,0,match
1q6tnt8,0,26,26,0,match
1q6to7i,0,26,26,0,match
1q6toom,0,26,26,0,match
1q6tozg,0,26,26,0,match
1q6tp0g,0,26,26,0,match
1q6tpbu,0,5,5,0,match
1q6tq09,0,26,26,0,match
1q6tq43,0,26,26,0,match
1q6tqfu,0,2,2,0,match
1q6tqge,0,26,26,0,match
1q6tqxq,0,26,26,0,match
1q6trwa,0,2,2,0,match
1q6tshd,0,2,2,0,match
1q6tsrv,0,26,26,0,match
1q6tss9,0,26,26,0,match
1q6tt1h,0,26,26,0,match
1q6ttez,0,26,26,0,match
1q6tu63,0,26,26,0,match
1q6tuhw,0,26,26,0,match
1q6tukh,0,2,2,0,match
1q6twkf,0,26,26,0,match
1q6twwu,0,26,26,0,match
1q6twy0,0,26,26,0,match
1q6tx61,0,26,26,0,match
1q6tx9r,0,26,26,0,match
1q6txkl,0,25,25,0,match
1q6txs9,0,25,25,0,match
1q6ty6f,0,25,25,0,match
1q6tydv,0,25,25,0,match
1q6typi,0,25,25,0,match
1q6tzcj,0,25,25,0,match
1q6tzh0,0,25,25,0,match
1q6tzor,0,25,25,0,match
1q6u0ef,0,25,25,0,match
1q6u0p4,0,25,25,0,match
1q6u0q0,0,25,25,0,match
1q6u1gk,0,25,25,0,match
1q6u25p,0,25,25,0,match
1q6u29w,0,25,25,0,match
1q6u2go,0,25,25,0,match
1q6u2k0,0,25,25,0,match
1q6u48w,0,25,25,0,match
1q6u4d5,0,25,25,0,match
1q6u4ff,0,25,25,0,match
1q6u509,0,25,25,0,match
1q6u5pt,0,3,3,0,match
1q6u5z6,0,25,25,0,match
1q6u61j,0,25,25,0,match
1q6u6p1,0,25,25,0,match
1q6u6q8,0,25,25,0,match
1q6u6wb,0,25,25,0,match
1q6u7s0,0,25,25,0,match
1q6u8mj,0,1,1,0,match
1q6ua06,0,3,3,0,match
1q6ua4x,0,1,1,0,match
1q6ua69,0,25,25,0,match
1q6uc56,0,25,25,0,match
1q6uc92,0,24,24,0,match
1q6ue43,0,24,24,0,match
1q6ueip,0,24,24,0,match
1q6uekl,0,24,24,0,match
1q6uflw,0,24,24,0,match
1q6ug4c,0,24,24,0,match
1q6ugkx,0,24,24,0,match
1q6ugl1,0,24,24,0,match
1q6ugxk,0,24,24,0,match
1q6ugz3,0,24,24,0,match
1q6uh01,0,24,24,0,match
1q6uhbt,0,24,24,0,match
1q6ui4r,0,24,24,0,match
1q6ui7f,0,24,24,0,match
1q6uia2,0,24,24,0,match
1q6uis6,0,24,24,0,match
1q6ukjj,0,24,24,0,match
1q6ukmb,0,24,24,0,match
1q6uks1,0,24,24,0,match
1q6ul74,0,2,2,0,match
1q6ulkr,0,24,24,0,match
1q6ulxi,0,24,24,0,match
1q6ulz0,0,24,24,0,match
1q6um77,0,24,24,0,match
1q6umf6,0,24,24,0,match
1q6umvx,0,7,7,0,match
1q6un09,0,24,24,0,match
1q6un8y,0,24,24,0,match
1q6unyq,0,24,24,0,match
1q6uoht,0,1,1,0,match
1q6uooi,0,24,24,0,match
1q6uoq4,0,24,24,0,match
1q6upf2,0,24,24,0,match
1q6upl7,0,24,24,0,match
1q6uplj,0,24,24,0,match
1q6upog,0,24,24,0,match
1q6uprg,0,12,12,0,match
1q6uqhx,0,24,24,0,match
1q6ur1f,0,24,24,0,match
1q6ur1g,0,1,1,0,match
1q6ur8d,0,1,1,0,match
1q6ure6,0,24,24,0,match
1q6uryz,0,23,23,0,match
1q6us0q,0,1,1,0,match
1q6us78,0,23,23,0,match
1q6usv4,0,23,23,0,match
1q6usz6,0,23,23,0,match
1q6uter,0,23,23,0,match
1q6utw6,0,2,2,0,match
1q6uupu,0,23,23,0,match
1q6uuys,0,23,23,0,match
1q6uv9s,0,23,23,0,match
1q6uvo6,0,23,23,0,match
1q6uw8k,0,23,23,0,match
1q6uw9m,0,23,23,0,match
1q6uwf9,0,23,23,0,match
1q6uz6p,0,23,23,0,match
1q6v1h2,0,23,23,0,match
1q6v20i,0,23,23,0,match
1q6v21x,0,23,23,0,match
1q6v2zd,0,23,23,0,match
1q6v339,0,23,23,0,match
1q6v3k6,0,23,23,0,match
1q6v3kz,0,1,1,0,match
1q6v4z4,0,23,23,0,match
1q6v5fj,0,23,23,0,match
1q6v5n8,0,2,2,0,match
1q6v5yf,0,23,23,0,match
1q6v6f3,0,22,22,0,match
1q6v6j9,0,22,22,0,match
1q6v7ls,0,22,22,0,match
1q6v815,0,22,22,0,match
1q6v827,0,22,22,0,match
1q6v92x,0,22,22,0,match
1q6v9a2,0,1,1,0,match
1q6v9qq,0,22,22,0,match
1q6v9r4,0,22,22,0,match
1q6v9yx,0,22,22,0,match
1q6va9q,0,4,4,0,match
1q6vahd,0,2,2,0,match
1q6vapf,0,4,4,0,match
1q6vb2w,0,22,22,0,match
1q6vc1f,0,22,22,0,match
1q6vc1y,0,22,22,0,match
1q6vc7q,0,22,22,0,match
1q6vcgw,0,22,22,0,match
1q6vcl1,0,22,22,0,match
1q6vcpu,0,22,22,0,match
1q6vcq6,0,22,22,0,match
1q6vd0d,0,22,22,0,match
1q6veor,0,6,6,0,match
1q6vfl0,0,22,22,0,match
1q6vfr8,0,1,1,0,match
1q6vghm,0,22,22,0,match
1q6vgsl,0,22,22,0,match
1q6vgw3,0,22,22,0,match
1q6vh9n,0,22,22,0,match
1q6vi3g,0,22,22,0,match
1q6vid0,0,1,1,0,match
1q6viy4,0,22,22,0,match
1q6vjht,0,22,22,0,match
1q6vjok,0,22,22,0,match
1q6vk7o,0,22,22,0,match
1q6vkqs,0,22,22,0,match
1q6vl2z,0,1,1,0,match
1q6vlcf,0,22,22,0,match
1q6vlkd,0,22,22,0,match
1q6vlxi,0,21,21,0,match
1q6vmyo,0,18,18,0,match
1q6vn3h,0,21,21,0,match
1q6vo3u,0,21,21,0,match
1q6vohx,0,21,21,0,match
1q6volg,0,3,3,0,match
1q6vopk,0,21,21,0,match
1q6voqz,0,21,21,0,match
1q6votx,0,21,21,0,match
1q6vp9m,0,21,21,0,match
1q6vpam,0,21,21,0,match
1q6vpxk,0,21,21,0,match
1q6vq7w,0,21,21,0,match
1q6vr6o,0,21,21,0,match
1q6vr98,0,21,21,0,match
1q6vrfy,0,21,21,0,match
1q6vrm4,0,1,1,0,match
1q6vrma,0,21,21,0,match
1q6vrwr,0,21,21,0,match
1q6vrxl,0,21,21,0,match
1q6vs52,0,21,21,0,match
1q6vtpm,0,21,21,0,match
1q6vu7w,0,21,21,0,match
1q6vuku,0,21,21,0,match
1q6vuo4,0,21,21,0,match
1q6vvl7,0,21,21,0,match
1q6vwed,0,9,9,0,match
1q6vxwc,0,21,21,0,match
1q6vyf1,0,21,21,0,match
1q6vylj,0,21,21,0,match
1q6vzsz,0,20,20,0,match
1q6vzuj,0,20,20,0,match
1q6vzwi,0,4,4,0,match
1q6vzxn,0,20,20,0,match
1q6w0xx,0,20,20,0,match
1q6w1dv,0,20,20,0,match
1q6w22m,0,20,20,0,match
1q6w23z,0,1,1,0,match
1q6w268,0,20,20,0,match
1q6w292,0,10,10,0,match
1q6w3eq,0,20,20,0,match
1q6w3se,0,20,20,0,match
1q6w4am,0,20,20,0,match
1q6w53u,0,20,20,0,match
1q6w56z,0,20,20,0,match
1q6w5ff,0,20,20,0,match
1q6w5ge,0,20,20,0,match
1q6w674,0,20,20,0,match
1q6w6ln,0,20,20,0,match
1q6w6tq,0,20,20,0,match
1q6w7ca,0,20,20,0,match
1q6w7o8,0,20,20,0,match
1q6w8h1,0,20,20,0,match
1q6w8uw,0,1,1,0,match
1q6w8z7,0,20,20,0,match
1q6w9gg,0,20,20,0,match
1q6w9yj,0,20,20,0,match
1q6waar,0,2,2,0,match
1q6wb47,0,20,20,0,match
1q6wbi5,0,20,20,0,match
1q6wc3n,0,20,20,0,match
1q6wd7v,0,2,2,0,match
1q6wdlz,0,20,20,0,match
1q6wea6,0,19,19,0,match
1q6weq1,0,19,19,0,match
1q6wevd,0,1,1,0,match
1q6wewp,0,19,19,0,match
1q6wf49,0,19,19,0,match
1q6wf66,0,19,19,0,match
1q6wfhe,0,19,19,0,match
1q6wfk5,0,19,19,0,match
1q6wfrs,0,19,19,0,match
1q6wfxu,0,19,19,0,match
1q6wg5a,0,19,19,0,match
1q6wg9o,0,19,19,0,match
1q6whcf,0,1,1,0,match
1q6whqa,0,19,19,0,match
1q6why0,0,3,3,0,match
1q6wi14,0,19,19,0,match
1q6wian,0,19,19,0,match
1q6widg,0,4,4,0,match
1q6wija,0,19,19,0,match
1q6wimw,0,19,19,0,match
1q6wja1,0,19,19,0,match
1q6wkim,0,19,19,0,match
1q6wkqd,0,19,19,0,match
1q6wlhs,0,19,19,0,match
1q6wlmn,0,19,19,0,match
1q6wmr6,0,19,19,0,match
1q6wnjf,0,3,3,0,match
1q6wo2k,0,19,19,0,match
1q6wobm,0,19,19,0,match
1q6wown,0,1,1,0,match
1q6wphl,0,19,19,0,match
1q6wpzh,0,4,4,0,match
1q6wqb8,0,19,19,0,match
1q6wqcb,0,19,19,0,match
1q6wqch,0,19,19,0,match
1q6wqp6,0,19,19,0,match
1q6wqvo,0,19,19,0,match
1q6wrac,0,19,19,0,match
1q6wraj,0,19,19,0,match
1q6wrqb,0,19,19,0,match
1q6wrxp,0,19,19,0,match
1q6ws0k,0,19,19,0,match
1q6ws4i,0,19,19,0,match
1q6wstn,0,1,1,0,match
1q6wsuo,0,18,18,0,match
1q6wt3g,0,18,18,0,match
1q6wtmd,0,18,18,0,match
1q6wuqf,0,18,18,0,match
1q6wv8i,0,18,18,0,match
1q6wvmw,0,18,18,0,match
1q6ww4a,0,18,18,0,match
1q6ww82,0,18,18,0,match
1q6wwhn,0,3,3,0,match
1q6wwnh,0,18,18,0,match
1q6wxc8,0,18,18,0,match
1q6wxgu,0,18,18,0,match
1q6wxj0,0,18,18,0,match
1q6wy67,0,18,18,0,match
1q6wydb,0,18,18,0,match
1q6wyet,0,18,18,0,match
1q6wyrk,0,18,18,0,match
1q6wzd5,0,18,18,0,match
1q6wzdm,0,18,18,0,match
1q6wzic,0,18,18,0,match
1q6wzpm,0,18,18,0,match
1q6wzwz,0,18,18,0,match
1q6x0c0,0,18,18,0,match
1q6x0dc,0,18,18,0,match
1q6x0p5,0,18,18,0,match
1q6x0wn,0,18,18,0,match
1q6x12c,0,4,4,0,match
1q6x273,0,2,2,0,match
1q6x2lq,0,18,18,0,match
1q6x2xr,0,18,18,0,match
1q6x3a9,0,18,18,0,match
1q6x3kt,0,18,18,0,match
1q6x4dr,0,18,18,0,match
1q6x4m7,0,18,18,0,match
1q6x4vk,0,18,18,0,match
1q6x58d,0,7,7,0,match
1q6x5i3,0,18,18,0,match
1q6x5tf,0,18,18,0,match
1q6x5zl,0,18,18,0,match
1q6x69z,0,1,1,0,match
1q6x6qp,0,17,17,0,match
1q6x6v4,0,17,17,0,match
1q6x6xr,0,17,17,0,match
1q6x7ia,0,17,17,0,match
1q6x7jc,0,17,17,0,match
1q6x7ss,0,17,17,0,match
1q6x7vg,0,17,17,0,match
1q6x7xi,0,17,17,0,match
1q6x839,0,17,17,0,match
1q6x86q,0,17,17,0,match
1q6x8al,0,17,17,0,match
1q6x8d9,0,17,17,0,match
1q6x8lr,0,14,14,0,match
1q6x8pf,0,17,17,0,match
1q6x8rj,0,2,2,0,match
1q6x9b8,0,17,17,0,match
1q6x9bn,0,17,17,0,match
1q6xa5d,0,17,17,0,match
1q6xadu,0,1,1,0,match
1q6xb41,0,17,17,0,match
1q6xbdg,0,17,17,0,match
1q6xbzu,0,17,17,0,match
1q6xc30,0,17,17,0,match
1q6xcgt,0,17,17,0,match
1q6xdfq,0,17,17,0,match
1q6xdmb,0,17,17,0,match
1q6xdpo,0,17,17,0,match
1q6xduy,0,1,1,0,match
1q6xdxt,0,17,17,0,match
1q6xe14,0,17,17,0,match
1q6xem5,0,5,5,0,match
1q6xf50,0,17,17,0,match
1q6xfih,0,1,1,0,match
1q6xflt,0,17,17,0,match
1q6xfny,0,17,17,0,match
1q6xfun,0,17,17,0,match
1q6xgro,0,3,3,0,match
1q6xh6r,0,17,17,0,match
1q6xhcj,0,17,17,0,match
1q6xhdu,0,1,1,0,match
1q6xhik,0,17,17,0,match
1q6xhk1,0,1,1,0,match
1q6xhkd,0,17,17,0,match
1q6xi3a,0,17,17,0,match
1q6xix2,0,17,17,0,match
1q6xj11,0,17,17,0,match
1q6xjig,0,5,5,0,match
1q6xjq0,0,16,16,0,match
1q6xjqh,0,16,16,0,match
1q6xjv0,0,16,16,0,match
1q6xk2m,0,16,16,0,match
1q6xk91,0,16,16,0,match
1q6xkau,0,16,16,0,match
1q6xkdy,0,16,16,0,match
1q6xkf8,0,16,16,0,match
1q6xkye,0,16,16,0,match
1q6xl8p,0,5,5,0,match
1q6xl9u,0,16,16,0,match
1q6xlg9,0,16,16,0,match
1q6xlh5,0,16,16,0,match
1q6xllx,0,2,2,0,match
1q6xlrz,0,16,16,0,match
1q6xmc8,0,16,16,0,match
1q6xmcm,0,16,16,0,match
1q6xn6g,0,16,16,0,match
1q6xnh4,0,16,16,0,match
1q6xnjg,0,16,16,0,match
1q6xnom,0,16,16,0,match
1q6xnyf,0,16,16,0,match
1q6xodd,0,1,1,0,match
1q6xp30,0,16,16,0,match
1q6xpco,0,16,16,0,match
1q6xpyw,0,1,1,0,match
1q6xq4j,0,16,16,0,match
1q6xqal,0,2,2,0,match
1q6xrcy,0,13,13,0,match
1q6xspr,0,16,16,0,match
1q6xsv4,0,16,16,0,match
1q6xt5z,0,4,4,0,match
1q6xt9k,0,1,1,0,match
1q6xtb6,0,1,1,0,match
1q6xtg3,0,16,16,0,match
1q6xtpf,0,16,16,0,match
1q6xtyi,0,16,16,0,match
1q6xu17,0,16,16,0,match
1q6xu9r,0,16,16,0,match
1q6xul2,0,16,16,0,match
1q6xuvm,0,16,16,0,match
1q6xuz5,0,16,16,0,match
1q6xuz8,0,16,16,0,match
1q6xv98,0,16,16,0,match
1q6xvep,0,16,16,0,match
1q6xvlq,0,5,5,0,match
1q6xvol,0,16,16,0,match
1q6xwok,0,15,15,0,match
1q6xww3,0,15,15,0,match
1q6xx1x,0,15,15,0,match
1q6xxwx,0,15,15,0,match
1q6xy5p,0,15,15,0,match
1q6xy7w,0,15,15,0,match
1q6xz4t,0,15,15,0,match
1q6xza8,0,15,15,0,match
1q6xzqk,0,15,15,0,match
1q6xzrj,0,15,15,0,match
1q6xzw2,0,15,15,0,match
1q6y0ia,0,15,15,0,match
1q6y0mk,0,15,15,0,match
1q6y113,0,15,15,0,match
1q6y1d3,0,9,9,0,match
1q6y2bb,0,15,15,0,match
1q6y2cu,0,15,15,0,match
1q6y2ks,0,15,15,0,match
1q6y2ku,0,15,15,0,match
1q6y2ni,0,15,15,0,match
1q6y3cf,0,15,15,0,match
1q6y3k2,0,15,15,0,match
1q6y45s,0,1,1,0,match
1q6y4bg,0,15,15,0,match
1q6y4c6,0,9,9,0,match
1q6y4fg,0,1,1,0,match
1q6y4tj,0,15,15,0,match
1q6y4xa,0,15,15,0,match
1q6y5mu,0,1,1,0,match
1q6y5p7,0,15,15,0,match
1q6y64y,0,15,15,0,match
1q6y67o,0,15,15,0,match
1q6y6cn,0,15,15,0,match
1q6y759,0,3,3,0,match
1q6y795,0,15,15,0,match
1q6y7o4,0,15,15,0,match
1q6y7tn,0,15,15,0,match
1q6y80c,0,15,15,0,match
1q6y82t,0,4,4,0,match
1q6y862,0,15,15,0,match
1q6y8cb,0,15,15,0,match
1q6y8cy,0,15,15,0,match
1q6y8d0,0,15,15,0,match
1q6y8jo,0,1,1,0,match
1q6y8xs,0,3,3,0,match
1q6y95u,0,15,15,0,match
1q6y975,0,15,15,0,match
1q6y99j,0,15,15,0,match
1q6y9jb,0,14,14,0,match
1q6y9lg,0,14,14,0,match
1q6y9qe,0,14,14,0,match
1q6y9rf,0,14,14,0,match
1q6y9ww,0,14,14,0,match
1q6ya5n,0,14,14,0,match
1q6ya6a,0,14,14,0,match
1q6yaf1,0,14,14,0,match
1q6ybi6,0,14,14,0,match
1q6ybiv,0,14,14,0,match
1q6ybjx,0,14,14,0,match
1q6ybm2,0,14,14,0,match
1q6yc7w,0,14,14,0,match
1q6yc8e,0,14,14,0,match
1q6ycuv,0,14,14,0,match
1q6ycyg,0,14,14,0,match
1q6ydec,0,14,14,0,match
1q6ydpu,0,14,14,0,match
1q6ye0g,0,14,14,0,match
1q6ye68,0,14,14,0,match
1q6yeer,0,14,14,0,match
1q6yeqh,0,14,14,0,match
1q6yf6a,0,14,14,0,match
1q6yf9q,0,1,1,0,match
1q6yfdh,0,14,14,0,match
1q6yfvz,0,14,14,0,match
1q6yfys,0,14,14,0,match
1q6ygu5,0,14,14,0,match
1q6yh5f,0,14,14,0,match
1q6yh8n,0,14,14,0,match
1q6yhap,0,14,14,0,match
1q6yhhj,0,14,14,0,match
1q6yhiv,0,14,14,0,match
1q6yhly,0,2,2,0,match
1q6yidd,0,14,14,0,match
1q6yigi,0,14,14,0,match
1q6yihm,0,14,14,0,match
1q6yij8,0,14,14,0,match
1q6yio0,0,14,14,0,match
1q6yiyt,0,14,14,0,match
1q6yj0r,0,14,14,0,match
1q6yj5h,0,14,14,0,match
1q6yjc6,0,14,14,0,match
1q6yjpq,0,14,14,0,match
1q6yk5e,0,14,14,0,match
1q6ykeo,0,14,14,0,match
1q6ykfc,0,14,14,0,match
1q6yle8,0,14,14,0,match
1q6yliz,0,14,14,0,match
1q6ylk6,0,14,14,0,match
1q6yo6r,0,13,13,0,match
1q6yosf,0,13,13,0,match
1q6yp3h,0,13,13,0,match
1q6yphn,0,13,13,0,match
1q6ypo4,0,13,13,0,match
1q6ypog,0,13,13,0,match
1q6yppf,0,13,13,0,match
1q6ypqr,0,13,13,0,match
1q6ypqy,0,13,13,0,match
1q6yq6l,0,13,13,0,match
1q6yqkb,0,13,13,0,match
1q6yqly,0,13,13,0,match
1q6yqog,0,13,13,0,match
1q6yrxf,0,13,13,0,match
1q6ys7r,0,13,13,0,match
1q6ysez,0,13,13,0,match
1q6yt8t,0,1,1,0,match
1q6ythk,0,13,13,0,match
1q6ytx3,0,13,13,0,match
1q6yu0k,0,13,13,0,match
1q6yu5h,0,13,13,0,match
1q6yua1,0,13,13,0,match
1q6yuah,0,13,13,0,match
1q6yujs,0,13,13,0,match
1q6yvth,0,13,13,0,match
1q6yvul,0,13,13,0,match
1q6yw6q,0,13,13,0,match
1q6yw9e,0,4,4,0,match
1q6ywir,0,13,13,0,match
1q6ywlm,0,1,1,0,match
1q6ywo4,0,13,13,0,match
1q6yy5m,0,2,2,0,match
1q6yyj8,0,13,13,0,match
1q6yzij,0,12,12,0,match
1q6yzqo,0,12,12,0,match
1q6yzw4,0,12,12,0,match
1q6z01s,0,12,12,0,match
1q6z048,0,12,12,0,match
1q6z0di,0,12,12,0,match
1q6z1yb,0,12,12,0,match
1q6z24t,0,12,12,0,match
1q6z2wz,0,12,12,0,match
1q6z2yf,0,12,12,0,match
1q6z3ie,0,12,12,0,match
1q6z3u4,0,3,3,0,match
1q6z4a4,0,12,12,0,match
1q6z4bk,0,12,12,0,match
1q6z4c4,0,12,12,0,match
1q6z4ez,0,12,12,0,match
1q6z4j7,0,12,12,0,match
1q6z4qv,0,12,12,0,match
1q6z556,0,12,12,0,match
1q6z5v9,0,12,12,0,match
1q6z641,0,12,12,0,match
1q6z687,0,12,12,0,match
1q6z6hl,0,12,12,0,match
1q6z6xw,0,1,1,0,match
1q6z73y,0,1,1,0,match
1q6z7ar,0,12,12,0,match
1q6z7vb,0,12,12,0,match
1q6z7xd,0,12,12,0,match
1q6z8kh,0,12,12,0,match
1q6z8z5,0,2,2,0,match
1q6z9ow,0,12,12,0,match
1q6z9s1,0,12,12,0,match
1q6za40,0,12,12,0,match
1q6zb5t,0,1,1,0,match
1q6zba4,0,12,12,0,match
1q6zbld,0,12,12,0,match
1q6zbqe,0,12,12,0,match
1q6zc0o,0,12,12,0,match
1q6zc45,0,12,12,0,match
1q6zcy7,0,10,10,0,match
1q6zdcu,0,11,11,0,match
1q6zdkq,0,11,11,0,match
1q6zdqj,0,11,11,0,match
1q6zefs,0,11,11,0,match
1q6zemq,0,11,11,0,match
1q6zenq,0,11,11,0,match
1q6zf1u,0,11,11,0,match
1q6zf5h,0,11,11,0,match
1q6zf5w,0,11,11,0,match
1q6zfax,0,11,11,0,match
1q6zfbq,0,11,11,0,match
1q6zfd4,0,3,3,0,match
1q6zfkd,0,11,11,0,match
1q6zfm4,0,11,11,0,match
1q6zfvt,0,11,11,0,match
1q6zg8s,0,11,11,0,match
1q6zgu0,0,11,11,0,match
1q6zgz0,0,11,11,0,match
1q6zhni,0,10,10,0,match
1q6zhpl,0,11,11,0,match
1q6zhtk,0,11,11,0,match
1q6zhwk,0,11,11,0,match
1q6zie9,0,11,11,0,match
1q6zj0a,0,11,11,0,match
1q6zj5f,0,11,11,0,match
1q6zj7b,0,11,11,0,match
1q6zja7,0,11,11,0,match
1q6zkjx,0,11,11,0,match
1q6zknh,0,11,11,0,match
1q6zlbq,0,11,11,0,match
1q6zli9,0,11,11,0,match
1q6zlpv,0,8,8,0,match
1q6zmri,0,11,11,0,match
1q6zn3e,0,11,11,0,match
1q6zn9h,0,11,11,0,match
1q6znjz,0,1,1,0,match
1q6znpm,0,11,11,0,match
1q6znyy,0,11,11,0,match
1q6zo6d,0,11,11,0,match
1q6zost,0,11,11,0,match
1q6zpkg,0,10,10,0,match
1q6zpln,0,10,10,0,match
1q6zpmx,0,2,2,0,match
1q6zptc,0,10,10,0,match
1q6zpw4,0,10,10,0,match
1q6zq6q,0,10,10,0,match
1q6zqdi,0,10,10,0,match
1q6zqju,0,10,10,0,match
1q6zrci,0,10,10,0,match
1q6zreb,0,10,10,0,match
1q6zrrt,0,10,10,0,match
1q6zrzv,0,10,10,0,match
1q6zs8f,0,10,10,0,match
1q6zs93,0,10,10,0,match
1q6ztep,0,10,10,0,match
1q6ztur,0,10,10,0,match
1q6zu33,0,10,10,0,match
1q6zus1,0,10,10,0,match
1q6zv2p,0,10,10,0,match
1q6zv9n,0,10,10,0,match
1q6zvg4,0,10,10,0,match
1q6zvj0,0,2,2,0,match
1q6zvu9,0,10,10,0,match
1q6zw3w,0,10,10,0,match
1q6zw4x,0,10,10,0,match
1q6zw5b,0,10,10,0,match
1q6zwcl,0,7,7,0,match
1q6zwen,0,10,10,0,match
1q6zwjp,0,3,3,0,match
1q6zwkm,0,10,10,0,match
1q6zx3y,0,10,10,0,match
1q6zx5r,0,10,10,0,match
1q6zx6r,0,10,10,0,match
1q6zxmh,0,10,10,0,match
1q6zxtp,0,10,10,0,match
1q6zyxd,0,10,10,0,match
1q6zyz6,0,10,10,0,match
1q6zz5c,0,10,10,0,match
1q6zzaa,0,1,1,0,match
1q6zzeu,0,2,2,0,match
1q6zzh0,0,10,10,0,match
1q6zzrn,0,10,10,0,match
1q6zzvs,0,10,10,0,match
1q6zzwj,0,10,10,0,match
1q7000y,0,10,10,0,match
1q7008c,0,10,10,0,match
1q700h5,0,10,10,0,match
1q700lg,0,10,10,0,match
1q700uw,0,10,10,0,match
1q7010w,0,10,10,0,match
1q701lv,0,10,10,0,match
1q701m0,0,10,10,0,match
1q701rb,0,10,10,0,match
1q702bi,0,9,9,0,match
1q702fx,0,9,9,0,match
1q702h9,0,9,9,0,match
1q703ih,0,2,2,0,match
1q703no,0,9,9,0,match
1q704b3,0,9,9,0,match
1q704h8,0,3,3,0,match
1q704yd,0,6,6,0,match
1q705bp,0,9,9,0,match
1q705h8,0,9,9,0,match
1q705no,0,9,9,0,match
1q705s7,0,9,9,0,match
1q705yr,0,9,9,0,match
1q706rj,0,9,9,0,match
1q706vh,0,9,9,0,match
1q7076m,0,9,9,0,match
1q7076r,0,9,9,0,match
1q70796,0,9,9,0,match
1q707pi,0,9,9,0,match
1q7080k,0,1,1,0,match
1q7086a,0,9,9,0,match
1q7095w,0,9,9,0,match
1q709yw,0,9,9,0,match
1q70a1g,0,9,9,0,match
1q70aeg,0,9,9,0,match
1q70am6,0,9,9,0,match
1q70arp,0,9,9,0,match
1q70atk,0,9,9,0,match
1q70bay,0,9,9,0,match
1q70byz,0,9,9,0,match
1q70c0j,0,9,9,0,match
1q70c3r,0,9,9,0,match
1q70cce,0,9,9,0,match
1q70cfn,0,9,9,0,match
1q70cw4,0,9,9,0,match
1q70d4a,0,9,9,0,match
1q70da4,0,9,9,0,match
1q70dp9,0,4,4,0,match
1q70dyr,0,9,9,0,match
1q70el3,0,8,8,0,match
1q70er8,0,9,9,0,match
1q70fmf,0,8,8,0,match
1q70fv3,0,8,8,0,match
1q70g6x,0,8,8,0,match
1q70g9e,0,8,8,0,match
1q70gjh,0,8,8,0,match
1q70gx2,0,8,8,0,match
1q70ht3,0,8,8,0,match
1q70i0w,0,8,8,0,match
1q70i3w,0,8,8,0,match
1q70ibc,0,8,8,0,match
1q70ic9,0,8,8,0,match
1q70ilf,0,8,8,0,match
1q70ize,0,8,8,0,match
1q70j6f,0,8,8,0,match
1q70jhm,0,8,8,0,match
1q70jw3,0,8,8,0,match
1q70jx4,0,8,8,0,match
1q70kkj,0,8,8,0,match
1q70kt3,0,8,8,0,match
1q70l3p,0,8,8,0,match
1q70l81,0,3,3,0,match
1q70lv3,0,8,8,0,match
1q70mc3,0,8,8,0,match
1q70mz2,0,8,8,0,match
1q70n0x,0,4,4,0,match
1q70n25,0,8,8,0,match
1q70n8c,0,8,8,0,match
1q70n8u,0,8,8,0,match
1q70nr7,0,8,8,0,match
1q70nwy,0,8,8,0,match
1q70q6w,0,4,4,0,match
1q70qdp,0,8,8,0,match
1q70qga,0,8,8,0,match
1q70qgt,0,8,8,0,match
1q70qnc,0,8,8,0,match
1q70qo5,0,8,8,0,match
1q70qum,0,8,8,0,match
1q70qxq,0,8,8,0,match
1q70rae,0,8,8,0,match
1q70rfa,0,3,3,0,match
1q70rii,0,8,8,0,match
1q70rjw,0,8,8,0,match
1q70rku,0,8,8,0,match
1q70s65,0,7,7,0,match
1q70s8l,0,7,7,0,match
1q70sjb,0,7,7,0,match
1q70soi,0,7,7,0,match
1q70stt,0,7,7,0,match
1q70swn,0,2,2,0,match
1q70t2w,0,7,7,0,match
1q70ts0,0,7,7,0,match
1q70tub,0,7,7,0,match
1q70un6,0,7,7,0,match
1q70uo8,0,3,3,0,match
1q70v2a,0,7,7,0,match
1q70vlq,0,7,7,0,match
1q70vp4,0,7,7,0,match
1q70w7m,0,7,7,0,match
1q70wa5,0,7,7,0,match
1q70wuh,0,7,7,0,match
1q70wxr,0,7,7,0,match
1q70x14,0,7,7,0,match
1q70x4e,0,7,7,0,match
1q70xb1,0,7,7,0,match
1q70xej,0,7,7,0,match
1q70xi4,0,7,7,0,match
1q70xsb,0,7,7,0,match
1q70y0d,0,7,7,0,match
1q70y19,0,5,5,0,match
1q70y4e,0,7,7,0,match
1q70y80,0,1,1,0,match
1q70yfq,0,7,7,0,match
1q70ymr,0,7,7,0,match
1q70yo0,0,7,7,0,match
1q70zal,0,7,7,0,match
1q70zc2,0,7,7,0,match
1q70zcy,0,7,7,0,match
1q70zr7,0,7,7,0,match
1q70zuj,0,7,7,0,match
1q70zw0,0,7,7,0,match
1q71087,0,7,7,0,match
1q710gj,0,7,7,0,match
1q710ix,0,7,7,0,match
1q710lp,0,7,7,0,match
1q710lt,0,7,7,0,match
1q710ql,0,7,7,0,match
1q710u4,0,7,7,0,match
1q7112w,0,5,5,0,match
1q71130,0,1,1,0,match
1q7113f,0,7,7,0,match
1q711in,0,7,7,0,match
1q711om,0,7,7,0,match
1q7121j,0,7,7,0,match
1q712e7,0,7,7,0,match
1q712ee,0,7,7,0,match
1q712er,0,1,1,0,match
1q712to,0,7,7,0,match
1q712vh,0,7,7,0,match
1q712xr,0,7,7,0,match
1q7130q,0,7,7,0,match
1q71336,0,7,7,0,match
1q7133y,0,1,1,0,match
1q713nz,0,6,6,0,match
1q7140p,0,6,6,0,match
1q7149f,0,1,1,0,match
1q7149r,0,6,6,0,match
1q714fm,0,6,6,0,match
1q714nf,0,6,6,0,match
1q714q8,0,1,1,0,match
1q714r9,0,3,3,0,match
1q714w9,0,6,6,0,match
1q715js,0,6,6,0,match
1q715jw,0,6,6,0,match
1q715nt,0,6,6,0,match
1q715t1,0,6,6,0,match
1q715ue,0,6,6,0,match
1q715vu,0,6,6,0,match
1q715yj,0,6,6,0,match
1q715z7,0,6,6,0,match
1q7161j,0,3,3,0,match
1q7164h,0,6,6,0,match
1q71694,0,6,6,0,match
1q716fc,0,1,1,0,match
1q716ku,0,6,6,0,match
1q7172z,0,6,6,0,match
1q717ie,0,6,6,0,match
1q7181v,0,6,6,0,match
1q718fh,0,6,6,0,match
1q718hi,0,6,6,0,match
1q718lw,0,6,6,0,match
1q7198c,0,6,6,0,match
1q719gx,0,5,5,0,match
1q719hh,0,6,6,0,match
1q719ub,0,3,3,0,match
1q719zs,0,5,5,0,match
1q71a1b,0,6,6,0,match
1q71a55,0,6,6,0,match
1q71aht,0,6,6,0,match
1q71aiq,0,6,6,0,match
1q71ajg,0,6,6,0,match
1q71at2,0,6,6,0,match
1q71awm,0,5,5,0,match
1q71b4h,0,6,6,0,match
1q71c60,0,3,3,0,match
1q71ca8,0,3,3,0,match
1q71czx,0,6,6,0,match
1q71ddg,0,6,6,0,match
1q71egc,0,6,6,0,match
1q71ehy,0,6,6,0,match
1q71es5,0,6,6,0,match
1q71ezl,0,3,3,0,match
1q71f7x,0,1,1,0,match
1q71fog,0,3,3,0,match
1q71fxj,0,2,2,0,match
1q71fy2,0,5,5,0,match
1q71g6t,0,5,5,0,match
1q71g81,0,5,5,0,match
1q71ggp,0,5,5,0,match
1q71gtp,0,1,1,0,match
1q71gxp,0,5,5,0,match
1q71hgi,0,2,2,0,match
1q71hjo,0,5,5,0,match
1q71hta,0,5,5,0,match
1q71hu4,0,4,4,0,match
1q71hxx,0,5,5,0,match
1q71ij0,0,5,5,0,match
1q71izk,0,5,5,0,match
1q71j0c,0,5,5,0,match
1q71j4x,0,2,2,0,match
1q71jhj,0,5,5,0,match
1q71jjk,0,5,5,0,match
1q71jjq,0,5,5,0,match
1q71jq6,0,5,5,0,match
1q71k8v,0,5,5,0,match
1q71kc7,0,5,5,0,match
1q71knc,0,2,2,0,match
1q71ksg,0,5,5,0,match
1q71l36,0,5,5,0,match
1q71l7c,0,5,5,0,match
1q71lae,0,5,5,0,match
1q71lio,0,5,5,0,match
1q71mwo,0,5,5,0,match
1q71mxl,0,5,5,0,match
1q71n5l,0,5,5,0,match
1q71n98,0,5,5,0,match
1q71nc8,0,5,5,0,match
1q71op2,0,2,2,0,match
1q71ouu,0,5,5,0,match
1q71qcp,0,1,1,0,match
1q71r2u,0,5,5,0,match
1q71r42,0,4,4,0,match
1q71rvz,0,4,4,0,match
1q71rw3,0,4,4,0,match
1q71rx3,0,4,4,0,match
1q71s07,0,4,4,0,match
1q71s9p,0,3,3,0,match
1q71sgb,0,4,4,0,match
1q71t7b,0,4,4,0,match
1q71t7q,0,4,4,0,match
1q71u4c,0,3,3,0,match
1q71u8t,0,4,4,0,match
1q71upy,0,4,4,0,match
1q71vks,0,4,4,0,match
1q71w77,0,4,4,0,match
1q71wit,0,4,4,0,match
1q71wu4,0,4,4,0,match
1q71x1e,0,4,4,0,match
1q71y23,0,4,4,0,match
1q71y46,0,4,4,0,match
1q71z6c,0,4,4,0,match
1q71zc5,0,4,4,0,match
1q71zeg,0,4,4,0,match
1q71zpb,0,4,4,0,match
1q71zt8,0,1,1,0,match
1q7200n,0,4,4,0,match
1q72046,0,4,4,0,match
1q720du,0,4,4,0,match
1q720hm,0,4,4,0,match
1q7213l,0,4,4,0,match
1q72161,0,4,4,0,match
1q721nn,0,4,4,0,match
1q721nw,0,4,4,0,match
1q7228y,0,4,4,0,match
1q723a3,0,3,3,0,match
1q723nb,0,3,3,0,match
1q724e1,0,3,3,0,match
1q724lw,0,3,3,0,match
1q724up,0,3,3,0,match
1q7254d,0,3,3,0,match
1q725kg,0,3,3,0,match
1q725mq,0,3,3,0,match
1q72638,0,3,3,0,match
1q7273w,0,3,3,0,match
1q7275t,0,3,3,0,match
1q727eg,0,3,3,0,match
1q727jr,0,3,3,0,match
1q727o3,0,3,3,0,match
1q7282k,0,3,3,0,match
1q728gl,0,3,3,0,match
1q728nz,0,3,3,0,match
1q7292h,0,3,3,0,match
1q7292h,1,1,1,0,match
1q72963,0,3,3,0,match
1q72963,1,1,1,0,match
1q729rq,0,3,3,0,match
1q729rq,1,1,1,0,match
1q72a0e,0,3,3,0,match
1q72a0e,1,1,1,0,match
1q72a24,0,3,3,0,match
1q72a24,1,1,1,0,match
1q72a4n,0,3,3,0,match
1q72a4n,1,1,1,0,match
1q72afw,0,3,3,0,match
1q72afw,1,1,1,0,match
1q72b75,0,3,3,0,match
1q72bh7,0,2,2,0,match
1q72bnm,0,3,3,0,match
1q72bnm,1,1,1,0,match
1q72cam,0,3,3,0,match
1q72cam,1,1,1,0,match
1q72cfo,0,3,3,0,match
1q72cu1,0,2,2,0,match
1q72cyg,0,3,3,0,match
1q72cyg,1,1,1,0,match
1q72cyq,0,1,1,0,match
1q72dk1,0,3,3,0,match
1q72dk1,1,1,1,0,match
1q72e7s,0,1,1,0,match
1q72eby,0,3,3,0,match
1q72eby,1,1,1,0,match
1q72emp,0,2,2,0,match
1q72emp,1,1,1,0,match
1q72eos,0,2,2,0,match
1q72eos,1,1,1,0,match
1q72f63,0,2,2,0,match
1q72f63,1,1,1,0,match
1q72fay,0,2,2,0,match
1q72fay,1,1,1,0,match
1q72g8u,0,2,2,0,match
1q72g8u,1,1,1,0,match
1q72gb1,0,2,2,0,match
1q72gb1,1,1,1,0,match
1q72gf6,0,2,2,0,match
1q72gf6,1,1,1,0,match
1q72hn5,0,2,2,0,match
1q72hn5,1,1,1,0,match
1q72i30,0,2,2,0,match
1q72i30,1,1,1,0,match
1q72i3v,0,2,2,0,match
1q72i3v,1,1,1,0,match
1q72iad,0,2,2,0,match
1q72iad,1,1,1,0,match
1q72j4z,0,2,2,0,match
1q72j4z,1,1,1,0,match
1q72keo,0,2,2,0,match
1q72keo,1,1,1,0,match
1q72kia,0,2,2,0,match
1q72kia,1,1,1,0,match
1q72kma,0,2,2,0,match
1q72kma,1,1,1,0,match
1q72kme,0,2,2,0,match
1q72kme,1,1,1,0,match
1q72kod,0,2,2,0,match
1q72kod,1,1,1,0,match
1q72l6f,0,2,2,0,match
1q72l6f,1,1,1,0,match
1q72l6k,0,2,2,0,match
1q72l6k,1,1,1,0,match
1q72l8e,0,2,2,0,match
1q72l8e,1,1,1,0,match
1q72lmn,0,2,2,0,match
1q72lmn,1,1,1,0,match
1q72lzc,0,2,2,0,match
1q72lzc,1,1,1,0,match
1q72mdl,0,2,2,0,match
1q72mdl,1,1,1,0,match
1q72mo9,0,2,2,0,match
1q72mo9,1,1,1,0,match
1q72nbl,0,2,2,0,match
1q72nbl,1,1,1,0,match
1q72nem,0,2,2,0,match
1q72nem,1,1,1,0,match
1q72nj6,0,2,2,0,match
1q72nj6,1,1,1,0,match
1q72nwu,0,2,2,0,match
1q72nwu,1,1,1,0,match
1q72nxd,0,2,2,0,match
1q72nxd,1,1,1,0,match
1q72o1f,0,2,2,0,match
1q72o1f,1,1,1,0,match
1q72oc2,0,2,2,0,match
1q72olh,0,2,2,0,match
1q72olh,1,2,2,0,match
1q72oy5,0,2,2,0,match
1q72oy5,1,3,3,0,match
1q72pbv,0,2,2,0,match
1q72pfw,0,2,2,0,match
1q72pfw,1,3,3,0,match
1q72qg2,0,1,1,0,match
1q72qg2,1,3,3,0,match
1q72qxj,0,1,1,0,match
1q72qxj,1,3,3,0,match
1q72r28,0,1,1,0,match
1q72r28,1,3,3,0,match
1q72rej,0,1,1,0,match
1q72rej,1,3,3,0,match
1q72s4c,0,1,1,0,match
1q72s4c,1,3,3,0,match
1q72s8d,0,1,1,0,match
1q72s8d,1,3,3,0,match
1q72tn9,0,1,1,0,match
1q72tn9,1,3,3,0,match
1q72utc,0,1,1,0,match
1q72utc,1,3,3,0,match
1q72v7v,0,1,1,0,match
1q72v7v,1,3,3,0,match
1q72vaq,0,1,1,0,match
1q72vaq,1,3,3,0,match
1q72vbk,0,1,1,0,match
1q72vbk,1,3,3,0,match
1q72vmn,0,1,1,0,match
1q72vmn,1,3,3,0,match
1q72w5v,0,1,1,0,match
1q72w5v,1,3,3,0,match
1q72wbv,0,1,1,0,match
1q72wbv,1,3,3,0,match
1q72whc,0,1,1,0,match
1q72whc,1,3,3,0,match
1q72wjs,0,1,1,0,match
1q72wjs,1,3,3,0,match
1q72wl2,0,1,1,0,match
1q72wl2,1,3,3,0,match
1q72wn3,0,1,1,0,match
1q72wn3,1,3,3,0,match
1q72wyp,0,1,1,0,match
1q72wyp,1,3,3,0,match
1q72xat,0,1,1,0,match
1q72xat,1,3,3,0,match
1q72xbv,0,1,1,0,match
1q72xbv,1,3,3,0,match
1q72xg1,0,1,1,0,match
1q72xmj,0,1,1,0,match
1q72xmj,1,3,3,0,match
1q72xsd,0,1,1,0,match
1q72xsd,1,3,3,0,match
1q72y7f,0,1,1,0,match
1q72y7f,1,3,3,0,match
1q72ygf,0,1,1,0,match
1q72ygf,1,3,3,0,match
1q72yil,0,1,1,0,match
1q72yil,1,3,3,0,match
1q72yiu,0,1,1,0,match
1q72yiu,1,3,3,0,match
1q72ymm,0,1,1,0,match
1q72ymm,1,3,3,0,match
1q72ytn,0,1,1,0,match
1q72ytn,1,3,3,0,match
1q72yvb,0,1,1,0,match
1q72yvb,1,3,3,0,match
1q72zle,0,1,1,0,match
1q72zo1,0,1,1,0,match
1q72zo1,1,3,3,0,match
1q72zpb,0,1,1,0,match
1q72zpb,1,4,4,0,match
1q72zq9,0,1,1,0,match
1q72zq9,1,4,4,0,match
1q7301n,0,1,1,0,match
1q7301n,1,4,4,0,match
1q730bq,0,1,1,0,match
1q730bq,1,4,4,0,match
1q730du,0,1,1,0,match
1q730du,1,4,4,0,match
1q730ga,0,1,1,0,match
1q730ga,1,4,4,0,match
1q730iv,0,1,1,0,match
1q730lj,0,1,1,0,match
1q730lj,1,4,4,0,match
1q730rf,0,1,1,0,match
1q730rf,1,4,4,0,match
1q73177,0,1,1,0,match
1q73177,1,4,4,0,match
1q731f7,0,1,1,0,match
1q731fn,0,1,1,0,match
1q731fn,1,4,4,0,match
1q731wj,0,1,1,0,match
1q731wj,1,4,4,0,match
1q732i2,0,1,1,0,match
1q732i2,1,4,4,0,match
1q732ps,0,1,1,0,match
1q732ps,1,4,4,0,match
1q7340r,0,1,1,0,match
1q7340r,1,4,4,0,match
1q7346n,0,1,1,0,match
1q7346n,1,4,4,0,match
1q734gt,0,1,1,0,match
1q734gt,1,4,4,0,match
1q734zr,0,1,1,0,match
1q734zr,1,4,4,0,match
1q735gb,0,1,1,0,match
1q735gb,1,4,4,0,match
1q7365x,0,1,1,0,match
1q7365x,1,4,4,0,match
1q736bf,0,1,1,0,match
1q736bf,1,4,4,0,match
1q736ja,0,1,1,0,match
1q736ja,1,4,4,0,match
1q7376j,0,1,1,0,match
1q7376j,1,4,4,0,match
1q7377u,0,1,1,0,match
1q7377u,1,4,4,0,match
1q737cb,0,1,1,0,match
1q737cb,1,4,4,0,match
1q737w8,0,1,1,0,match
1q737w8,1,4,4,0,match
1q7382k,0,1,1,0,match
1q7382k,1,4,4,0,match
1q738jh,0,1,1,0,match
1q738jh,1,5,5,0,match
1q73952,0,1,1,0,match
1q7398r,0,1,1,0,match
1q7398r,1,5,5,0,match
1q7399n,0,1,1,0,match
1q739of,0,1,1,0,match
1q739of,1,5,5,0,match
1q739pn,0,1,1,0,match
1q739pn,1,5,5,0,match
1q739qs,0,1,1,0,match
1q739qs,1,5,5,0,match
1q739w5,0,1,1,0,match
1q739w5,1,5,5,0,match
1q73a4c,0,1,1,0,match
1q73a4c,1,5,5,0,match
1q73a5f,0,1,1,0,match
1q73a5f,1,5,5,0,match
1q73ais,0,1,1,0,match
1q73ais,1,5,5,0,match
1q73ak5,0,1,1,0,match
1q73ak5,1,5,5,0,match
1q73amo,0,1,1,0,match
1q73amo,1,5,5,0,match
1q73ana,0,1,1,0,match
1q73ana,1,5,5,0,match
1q73bhl,0,1,1,0,match
1q73bhl,1,5,5,0,match
1q73bnj,1,5,5,0,match
1q73bo4,1,5,5,0,match
1q73bsi,1,5,5,0,match
1q73c1z,1,5,5,0,match
1q73cmh,1,5,5,0,match
1q73d0m,1,5,5,0,match
1q73d2p,1,5,5,0,match
1q73e1p,1,5,5,0,match
1q73fj1,1,5,5,0,match
1q73foa,1,5,5,0,match
1q73fr6,1,5,5,0,match
1q73g2r,1,6,6,0,match
1q73gb4,1,6,6,0,match
1q73gnx,1,6,6,0,match
1q73gxv,1,6,6,0,match
1q73hdh,1,6,6,0,match
1q73i58,1,6,6,0,match
1q73iho,1,6,6,0,match
1q73ikg,1,6,6,0,match
1q73iox,1,6,6,0,match
1q73irp,1,6,6,0,match
1q73is6,1,6,6,0,match
1q73j75,1,6,6,0,match
1q73k2h,1,6,6,0,match
1q73kfq,1,6,6,0,match
1q73kl1,1,6,6,0,match
1q73kpm,1,6,6,0,match
1q73m4v,1,6,6,0,match
1q73m5z,1,6,6,0,match
1q73nmm,1,6,6,0,match
1q73ntc,1,6,6,0,match
1q73o6w,1,6,6,0,match
1q73og4,1,6,6,0,match
1q73oo9,1,6,6,0,match
1q73piq,1,6,6,0,match
1q73pny,1,6,6,0,match
1q73qb0,1,6,6,0,match
1q73qju,1,6,6,0,match
1q73qwu,1,6,6,0,match
1q73qyj,1,6,6,0,match
1q73rka,1,6,6,0,match
1q73rxz,1,6,6,0,match
1q73s5r,1,6,6,0,match
1q73sp3,1,6,6,0,match
1q73t7y,1,6,6,0,match
1q73tah,1,7,7,0,match
1q73ttd,1,7,7,0,match
1q73ufn,1,7,7,0,match
1q73v5z,1,7,7,0,match
1q73va4,1,7,7,0,match
1q73vaa,1,7,7,0,match
1q73vfw,1,7,7,0,match
1q73w2n,1,7,7,0,match
1q73w6a,1,7,7,0,match
1q73x18,1,7,7,0,match
1q73xie,1,7,7,0,match
1q73xs7,1,7,7,0,match
1q73y7b,1,7,7,0,match
1q73y7h,1,7,7,0,match
1q73yof,1,7,7,0,match
1q7400l,1,7,7,0,match
1q7405y,1,7,7,0,match
1q740lr,1,7,7,0,match
1q741ep,1,7,7,0,match
1q741gt,1,7,7,0,match
1q742v7,1,7,7,0,match
1q74375,1,7,7,0,match
1q743ic,1,7,7,0,match
1q743jl,1,7,7,0,match
1q743nt,1,8,8,0,match
1q7442v,1,8,8,0,match
1q7443n,1,8,8,0,match
1q744c2,1,8,8,0,match
1q744hw,1,8,8,0,match
1q744rs,1,8,8,0,match
1q744zt,1,8,8,0,match
1q745bp,1,8,8,0,match
1q745hk,1,8,8,0,match
1q745px,1,8,8,0,match
1q7461d,1,8,8,0,match
1q74634,1,8,8,0,match
1q746pc,1,8,8,0,match
1q746yp,1,8,8,0,match
1q746za,1,8,8,0,match
1q747bc,1,8,8,0,match
1q747e6,1,8,8,0,match
1q747f8,1,8,8,0,match
1q7489y,1,8,8,0,match
1q748fx,1,8,8,0,match
1q748kq,1,8,8,0,match
1q748r8,1,8,8,0,match
1q748uc,1,8,8,0,match
1q7494g,1,8,8,0,match
1q749rp,1,8,8,0,match
1q74auj,1,8,8,0,match
1q74avg,1,8,8,0,match
1q74ayc,1,8,8,0,match
1q74bdj,1,8,8,0,match
1q74cfz,1,8,8,0,match
1q74cq4,1,8,8,0,match
1q74cw7,1,8,8,0,match
1q74d8f,1,8,8,0,match
1q74dm5,1,8,8,0,match
1q74dsg,1,8,8,0,match
1q74dua,1,8,8,0,match
1q74duk,1,8,8,0,match
1q74dz8,1,8,8,0,match
1q74eaz,1,8,8,0,match
1q74ebw,1,8,8,0,match
1q74el0,1,8,8,0,match
1q74f4e,1,8,8,0,match
1q74f7l,1,8,8,0,match
1q74fc5,1,9,9,0,match
1q74fyp,1,9,9,0,match
1q74g3y,1,9,9,0,match
1q74g40,1,9,9,0,match
1q74gd2,1,10,10,0,match
1q74gdo,1,10,10,0,match
1q74hew,1,10,10,0,match
1q74hrw,1,10,10,0,match
1q74i51,1,10,10,0,match
1q74ixo,1,10,10,0,match
1q74iyg,1,10,10,0,match
1q74jiz,1,10,10,0,match
1q74jkm,1,10,10,0,match
1q74k5y,1,10,10,0,match
1q74k8k,1,10,10,0,match
1q74kdu,1,10,10,0,match
1q74kja,1,10,10,0,match
1q74l0j,1,10,10,0,match
1q74lh4,1,10,10,0,match
1q74ln3,1,10,10,0,match
1q74lpl,1,10,10,0,match
1q74mdh,1,10,10,0,match
1q74ng3,1,10,10,0,match
1q74nmy,1,10,10,0,match
1q74npr,1,10,10,0,match
1q74nzu,1,10,10,0,match
1q74o45,1,10,10,0,match
1q74oeo,1,10,10,0,match
1q74ost,1,10,10,0,match
1q74owd,1,11,11,0,match
1q74pcx,1,11,11,0,match
1q74phw,1,11,11,0,match
1q74pra,1,11,11,0,match
1q74pt8,1,11,11,0,match
1q74qb2,1,11,11,0,match
1q74r4m,1,11,11,0,match
1q74rhz,1,11,11,0,match
1q74rqp,1,11,11,0,match
1q74seg,1,11,11,0,match
1q74sqm,1,11,11,0,match
1q74swm,1,11,11,0,match
1q74t3i,1,11,11,0,match
1q74t5q,1,11,11,0,match
1q74tjs,1,11,11,0,match
1q74tkp,1,11,11,0,match
1q74tow,1,11,11,0,match
1q74tz6,1,11,11,0,match
1q74up2,1,11,11,0,match
1q74usj,1,11,11,0,match
1q74vz7,1,11,11,0,match
1q74w3v,1,11,11,0,match
1q74wfh,1,11,11,0,match
1q74wnz,1,11,11,0,match
1q74wy0,1,12,12,0,match
1q74x4n,1,12,12,0,match
1q74xo8,1,12,12,0,match
1q74xtz,1,12,12,0,match
1q74xzm,1,12,12,0,match
1q74yeh,1,12,12,0,match
1q74yfc,1,12,12,0,match
1q74yu5,1,12,12,0,match
1q74z1m,1,12,12,0,match
1q74z6l,1,12,12,0,match
1q74zmq,1,12,12,0,match
1q750ax,1,12,12,0,match
1q750cg,1,12,12,0,match
1q750su,1,12,12,0,match
1q750tb,1,12,12,0,match
1q7521x,1,12,12,0,match
1q752b5,1,12,12,0,match
1q752fm,1,12,12,0,match
1q752o3,1,12,12,0,match
1q752xi,1,12,12,0,match
1q754mu,1,12,12,0,match
1q7559s,1,12,12,0,match
1q755e1,1,12,12,0,match
1q755u4,1,12,12,0,match
1q75613,1,12,12,0,match
1q756jj,1,12,12,0,match
1q756mi,1,12,12,0,match
1q756rk,1,12,12,0,match
1q756t8,1,12,12,0,match
1q7570g,1,5,5,0,match
1q75728,1,13,13,0,match
1q757g2,1,13,13,0,match
1q757kz,1,13,13,0,match
1q7582p,1,13,13,0,match
1q7586y,1,13,13,0,match
1q758cv,1,13,13,0,match
1q758nc,1,13,13,0,match
1q758ys,1,13,13,0,match
1q759h5,1,13,13,0,match
1q759i5,1,13,13,0,match
1q759u5,1,13,13,0,match
1q75a1x,1,13,13,0,match
1q75alu,1,13,13,0,match
1q75ax6,1,13,13,0,match
1q75b2a,1,13,13,0,match
1q75b62,1,13,13,0,match
1q75bdi,1,13,13,0,match
1q75bfu,1,13,13,0,match
1q75bi0,1,13,13,0,match
1q75bl3,1,13,13,0,match
1q75bln,1,13,13,0,match
1q75bnc,1,13,13,0,match
1q75ce4,1,13,13,0,match
1q75ceq,1,13,13,0,match
1q75ct6,1,13,13,0,match
1q75d13,1,13,13,0,match
1q75d6i,1,13,13,0,match
1q75d71,1,13,13,0,match
1q75dax,1,13,13,0,match
1q75e8t,1,13,13,0,match
1q75emb,1,13,13,0,match
1q75eyp,1,13,13,0,match
1q75f53,1,13,13,0,match
1q75flk,1,13,13,0,match
1q75g2f,1,13,13,0,match
1q75glb,1,13,13,0,match
1q75gz6,1,13,13,0,match
1q75h4z,1,13,13,0,match
1q75hf5,1,13,13,0,match
1q75hiw,1,13,13,0,match
1q75hzu,1,13,13,0,match
1q75iwa,1,13,13,0,match
1q75ixo,1,13,13,0,match
1q75jzt,1,13,13,0,match
1q75k7v,1,13,13,0,match
1q75kbv,1,13,13,0,match
1q75kyh,1,13,13,0,match
1q75l14,1,13,13,0,match
1q75lcp,1,13,13,0,match
1q75llt,1,13,13,0,match
1q75lrs,1,13,13,0,match
1q75mee,1,13,13,0,match
1q75mfr,1,13,13,0,match
1q75mn6,1,14,14,0,match
1q75msb,1,14,14,0,match
1q75mx5,1,14,14,0,match
1q75myf,1,14,14,0,match
1q75mzp,1,14,14,0,match
1q75mzz,1,14,14,0,match
1q75n1o,1,14,14,0,match
1q75n5y,1,4,4,0,match
1q75nsf,1,14,14,0,match
1q75o27,1,14,14,0,match
1q75o5c,1,14,14,0,match
1q75oyz,1,14,14,0,match
1q75p2t,1,14,14,0,match
1q75p8g,1,14,14,0,match
1q75pko,1,14,14,0,match
1q75pl7,1,14,14,0,match
1q75pnb,1,14,14,0,match
1q75ptb,1,14,14,0,match
1q75puf,1,15,15,0,match
1q75pvz,1,15,15,0,match
1q75pxa,1,15,15,0,match
1q75q2i,1,14,14,0,match
1q75qpx,1,15,15,0,match
1q75rcn,1,15,15,0,match
1q75rfg,1,15,15,0,match
1q75rii,1,15,15,0,match
1q75rmh,1,15,15,0,match
1q75ro0,1,15,15,0,match
1q75s2s,1,15,15,0,match
1q75shr,1,15,15,0,match
1q75shu,1,15,15,0,match
1q75sot,1,15,15,0,match
1q75t3s,1,15,15,0,match
1q75t7c,1,15,15,0,match
1q75tdk,1,15,15,0,match
1q75tlq,1,15,15,0,match
1q75trv,1,15,15,0,match
1q75u4q,1,15,15,0,match
1q75ugp,1,15,15,0,match
1q75ux1,1,15,15,0,match
1q75xg7,1,15,15,0,match
1q75xog,1,15,15,0,match
1q75y5l,1,15,15,0,match
1q75y8c,1,15,15,0,match
1q75yci,1,15,15,0,match
1q75ye9,1,15,15,0,match
1q75ykx,1,15,15,0,match
1q75yww,1,16,16,0,match
1q75yxw,1,16,16,0,match
1q75z9e,1,16,16,0,match
1q75zwk,1,16,16,0,match
1q7601x,1,16,16,0,match
1q760me,1,16,16,0,match
1q760r7,1,16,16,0,match
1q7612u,1,16,16,0,match
1q76144,1,16,16,0,match
1q7616i,1,16,16,0,match
1q761go,1,11,11,0,match
1q761ky,1,16,16,0,match
1q761s8,1,14,14,0,match
1q762k6,1,16,16,0,match
1q762oh,1,16,16,0,match
1q762s2,1,16,16,0,match
1q762x8,1,16,16,0,match
1q762xf,1,16,16,0,match
1q7633q,1,16,16,0,match
1q7634b,1,16,16,0,match
1q76359,1,16,16,0,match
1q763t1,1,16,16,0,match
1q764cp,1,16,16,0,match
1q764gk,1,16,16,0,match
1q764ks,1,16,16,0,match
1q7657c,1,16,16,0,match
1q765wu,1,16,16,0,match
1q765x0,1,16,16,0,match
1q766di,1,16,16,0,match
1q767pv,1,16,16,0,match
1q767tv,1,16,16,0,match
1q767zr,1,16,16,0,match
1q7683b,1,16,16,0,match
1q768dg,1,16,16,0,match
1q768pw,1,16,16,0,match
1q768r5,1,16,16,0,match
1q768zz,1,16,16,0,match
1q76972,1,16,16,0,match
1q769hl,1,16,16,0,match
1q769j6,1,17,17,0,match
1q769s7,1,17,17,0,match
1q76acl,1,17,17,0,match
1q76b0d,1,17,17,0,match
1q76bhe,1,17,17,0,match
1q76bkh,1,17,17,0,match
1q76c0d,1,17,17,0,match
1q76c6q,1,17,17,0,match
1q76d13,1,17,17,0,match
1q76d4w,1,17,17,0,match
1q76eag,1,17,17,0,match
1q76eam,1,17,17,0,match
1q76eqp,1,17,17,0,match
1q76f3q,1,17,17,0,match
1q76fjv,1,17,17,0,match
1q76fkx,1,17,17,0,match
1q76h6s,1,17,17,0,match
1q76h7x,1,17,17,0,match
1q76hfy,1,17,17,0,match
1q76hht,1,17,17,0,match
1q76hhy,1,17,17,0,match
1q76hw2,1,17,17,0,match
1q76ibv,1,17,17,0,match
1q76it6,1,11,11,0,match
1q76ith,1,17,17,0,match
1q76j1l,1,12,12,0,match
1q76j1x,1,17,17,0,match
1q76k6q,1,17,17,0,match
1q76k9o,1,17,17,0,match
1q76khe,1,17,17,0,match
1q76l9r,1,17,17,0,match
1q76lgz,1,17,17,0,match
1q76lt8,1,18,18,0,match
1q76m9u,1,18,18,0,match
1q76mmd,1,18,18,0,match
1q76mqs,1,18,18,0,match
1q76n8c,1,18,18,0,match
1q76nb1,1,18,18,0,match
1q76nbo,1,18,18,0,match
1q76nne,1,18,18,0,match
1q76ost,1,18,18,0,match
1q76p6k,1,18,18,0,match
1q76pv2,1,18,18,0,match
1q76qct,1,18,18,0,match
1q76qex,1,18,18,0,match
1q76rda,1,18,18,0,match
1q76rkl,1,18,18,0,match
1q76rnd,1,18,18,0,match
1q76s09,1,18,18,0,match
1q76s57,1,18,18,0,match
1q76shh,1,18,18,0,match
1q76skj,1,18,18,0,match
1q76srm,1,5,5,0,match
1q76svl,1,18,18,0,match
1q76t6i,1,18,18,0,match
1q76toj,1,18,18,0,match
1q76ubk,1,18,18,0,match
1q76uok,1,3,3,0,match
1q76vlr,1,18,18,0,match
1q76vml,1,18,18,0,match
1q76vwi,1,18,18,0,match
1q76wkn,1,8,8,0,match
1q76wo8,1,18,18,0,match
1q76x17,1,18,18,0,match
1q76xg8,1,18,18,0,match
1q76xgm,1,18,18,0,match
1q76xv8,1,18,18,0,match
1q76xv9,1,18,18,0,match
1q76y22,1,18,18,0,match
1q76y7j,1,18,18,0,match
1q76y9n,1,18,18,0,match
1q76ym3,1,18,18,0,match
1q76zn6,1,19,19,0,match
1q76zry,1,19,19,0,match
1q76ztt,1,19,19,0,match
1q770dm,1,19,19,0,match
1q771n0,1,19,19,0,match
1q771u1,1,19,19,0,match
1q772af,1,19,19,0,match
1q7734u,1,19,19,0,match
1q7739c,1,19,19,0,match
1q773nv,1,19,19,0,match
1q773se,1,19,19,0,match
1q774s9,1,14,14,0,match
1q774wy,1,19,19,0,match
1q77599,1,19,19,0,match
1q7759x,1,19,19,0,match
1q775dt,1,19,19,0,match
1q775hv,1,19,19,0,match
1q775sx,1,19,19,0,match
1q7765s,1,19,19,0,match
1q776gn,1,19,19,0,match
1q776tc,1,19,19,0,match
1q776uy,1,19,19,0,match
1q777m9,1,6,6,0,match
1q777nc,1,19,19,0,match
1q777tf,1,19,19,0,match
1q778or,1,19,19,0,match
1q7795d,1,19,19,0,match
1q7795v,1,19,19,0,match
1q779bq,1,19,19,0,match
1q779eq,1,19,19,0,match
1q77ate,1,19,19,0,match
1q77az9,1,17,17,0,match
1q77bgg,1,20,20,0,match
1q77bre,1,20,20,0,match
1q77c7j,1,20,20,0,match
1q77cqu,1,20,20,0,match
1q77dqg,1,20,20,0,match
1q77e46,1,20,20,0,match
1q77ecn,1,20,20,0,match
1q77epv,1,20,20,0,match
1q77eti,1,20,20,0,match
1q77ffs,1,20,20,0,match
1q77fjb,1,20,20,0,match
1q77g7y,1,20,20,0,match
1q77ggz,1,20,20,0,match
1q77gi9,1,20,20,0,match
1q77gio,1,20,20,0,match
1q77ha6,1,20,20,0,match
1q77he2,1,20,20,0,match
1q77hh5,1,20,20,0,match
1q77hnt,1,20,20,0,match
1q77iaa,1,20,20,0,match
1q77j17,1,20,20,0,match
1q77jm2,1,20,20,0,match
1q77jq3,1,20,20,0,match
1q77jxw,1,20,20,0,match
1q77k60,1,20,20,0,match
1q77kci,1,20,20,0,match
1q77kxp,1,20,20,0,match
1q77lmz,1,20,20,0,match
1q77lqw,1,20,20,0,match
1q77lxj,1,20,20,0,match
1q77mch,1,20,20,0,match
1q77n1m,1,20,20,0,match
1q77n4g,1,20,20,0,match
1q77n66,1,20,20,0,match
1q77q3t,1,20,20,0,match
1q77q6l,1,20,20,0,match
1q77q8h,1,20,20,0,match
1q77qms,1,5,5,0,match
1q77qoj,1,20,20,0,match
1q77qrc,1,20,20,0,match
1q77rh4,1,20,20,0,match
1q77rj2,1,20,20,0,match
1q77rva,1,20,20,0,match
1q77sgf,1,20,20,0,match
1q77sye,1,20,20,0,match
1q77t2a,1,5,5,0,match
1q77t44,1,20,20,0,match
1q77ta4,1,20,20,0,match
1q77tdg,1,21,21,0,match
1q77te0,1,21,21,0,match
1q77u0d,1,21,21,0,match
1q77u49,1,21,21,0,match
1q77u74,1,21,21,0,match
1q77uir,1,21,21,0,match
1q77uqc,1,21,21,0,match
1q77uue,1,21,21,0,match
1q77uvp,1,21,21,0,match
1q77uxb,1,21,21,0,match
1q77vvi,1,21,21,0,match
1q77vzt,1,21,21,0,match
1q77w83,1,21,21,0,match
1q77wow,1,21,21,0,match
1q77wsq,1,21,21,0,match
1q77x6i,1,21,21,0,match
1q77xd5,1,21,21,0,match
1q77xrh,1,21,21,0,match
1q77xxb,1,21,21,0,match
1q77xzs,1,21,21,0,match
1q77yhr,1,21,21,0,match
1q77yuf,1,21,21,0,match
1q77z3z,1,21,21,0,match
1q77zdy,1,21,21,0,match
1q77zjx,1,21,21,0,match
1q780gm,1,21,21,0,match
1q780ja,1,21,21,0,match
1q780k7,1,21,21,0,match
1q780wp,1,21,21,0,match
1q780ws,1,21,21,0,match
1q7814a,1,21,21,0,match
1q781jo,1,21,21,0,match
1q781t6,1,21,21,0,match
1q782gk,1,21,21,0,match
1q782jy,1,21,21,0,match
1q782lw,1,21,21,0,match
1q782nl,1,21,21,0,match
1q782tv,1,21,21,0,match
1q783jl,1,21,21,0,match
1q783tn,1,21,21,0,match
1q7842i,1,21,21,0,match
1q784gv,1,18,18,0,match
1q784pm,1,21,21,0,match
1q784xy,1,21,21,0,match
1q784zb,1,21,21,0,match
1q78541,1,21,21,0,match
1q785ck,1,22,22,0,match
1q785fa,1,22,22,0,match
1q786us,1,22,22,0,match
1q786y8,1,22,22,0,match
1q7871q,1,22,22,0,match
1q7872n,1,22,22,0,match
1q787lh,1,22,22,0,match
1q787ln,1,22,22,0,match
1q787yz,1,22,22,0,match
1q78854,1,22,22,0,match
1q788k6,1,22,22,0,match
1q788zq,1,22,22,0,match
1q7890s,1,22,22,0,match
1q78974,1,22,22,0,match
1q7899j,1,22,22,0,match
1q78arc,1,22,22,0,match
1q78ava,1,22,22,0,match
1q78c8s,1,18,18,0,match
1q78c9d,1,22,22,0,match
1q78cjl,1,22,22,0,match
1q78cuy,1,18,18,0,match
1q78d9p,1,22,22,0,match
1q78egi,1,22,22,0,match
1q78ej9,1,22,22,0,match
1q78faj,1,22,22,0,match
1q78fav,1,22,22,0,match
1q78fck,1,22,22,0,match
1q78fpv,1,17,17,0,match
1q78frq,1,22,22,0,match
1q78gno,1,22,22,0,match
1q78gw2,1,22,22,0,match
1q78gwc,1,22,22,0,match
1q78gwq,1,22,22,0,match
1q78gzq,1,22,22,0,match
1q78hdu,1,22,22,0,match
1q78he6,1,22,22,0,match
1q78hf3,1,22,22,0,match
1q78hly,1,22,22,0,match
1q78hoj,1,22,22,0,match
1q78hyb,1,22,22,0,match
1q78iig,1,22,22,0,match
1q78jby,1,22,22,0,match
1q78jrb,1,22,22,0,match
1q78jzr,1,22,22,0,match
1q78k94,1,22,22,0,match
1q78k9h,1,22,22,0,match
1q78kir,1,22,22,0,match
1q78kux,1,22,22,0,match
1q78kvs,1,22,22,0,match
1q78lqa,1,23,23,0,match
1q78m4c,1,23,23,0,match
1q78mb3,1,23,23,0,match
1q78mh8,1,23,23,0,match
1q78mpo,1,23,23,0,match
1q78mud,1,23,23,0,match
1q78n1h,1,23,23,0,match
1q78nj1,1,23,23,0,match
1q78njm,1,23,23,0,match
1q78nph,1,23,23,0,match
1q78nu9,1,23,23,0,match
1q78opw,1,23,23,0,match
1q78p36,1,23,23,0,match
1q78p4g,1,23,23,0,match
1q78qkg,1,23,23,0,match
1q78qp9,1,23,23,0,match
1q78r33,1,23,23,0,match
1q78r6q,1,23,23,0,match
1q78rp6,1,23,23,0,match
1q78rqp,1,23,23,0,match
1q78rut,1,23,23,0,match
1q78scg,1,23,23,0,match
1q78som,1,23,23,0,match
1q78ss4,1,23,23,0,match
1q78syc,1,23,23,0,match
1q78t56,1,23,23,0,match
1q78t57,1,23,23,0,match
1q78tkp,1,23,23,0,match
1q78ub1,1,24,24,0,match
1q78uha,1,24,24,0,match
1q78uo0,1,24,24,0,match
1q78ure,1,24,24,0,match
1q78vis,1,24,24,0,match
1q78vv2,1,24,24,0,match
1q78wah,1,24,24,0,match
1q78war,1,24,24,0,match
1q78wls,1,24,24,0,match
1q78x1b,1,24,24,0,match
1q78xs6,1,24,24,0,match
1q78zpj,1,24,24,0,match
1q790ar,1,24,24,0,match
1q7915a,1,24,24,0,match
1q791r9,1,24,24,0,match
1q791v9,1,24,24,0,match
1q791za,1,24,24,0,match
1q79262,1,24,24,0,match
1q7929i,1,24,24,0,match
1q792am,1,24,24,0,match
1q792pd,1,24,24,0,match
1q792q5,1,24,24,0,match
1q7932x,1,24,24,0,match
1q793ad,1,24,24,0,match
1q793l2,1,24,24,0,match
1q793lu,1,24,24,0,match
1q7940t,1,24,24,0,match
1q794t4,1,24,24,0,match
1q794up,1,24,24,0,match
1q7953j,1,21,21,0,match
1q7954d,1,24,24,0,match
1q7954l,1,13,13,0,match
1q795jc,1,24,24,0,match
1q795lu,1,24,24,0,match
1q7961q,1,24,24,0,match
1q7966l,1,24,24,0,match
1q7966n,1,24,24,0,match
1q796en,1,24,24,0,match
1q796tk,1,24,24,0,match
1q79731,1,24,24,0,match
1q7974d,1,24,24,0,match
1q7974o,1,24,24,0,match
1q7978q,1,24,24,0,match
1q797c1,1,24,24,0,match
1q798x3,1,25,25,0,match
1q799gi,1,25,25,0,match
1q799jt,1,25,25,0,match
1q799qf,1,25,25,0,match
1q799s4,1,25,25,0,match
1q79a0h,1,25,25,0,match
1q79a2q,1,5,5,0,match
1q79aai,1,25,25,0,match
1q79aiq,1,25,25,0,match
1q79aka,1,25,25,0,match
1q79az9,1,25,25,0,match
1q79bkk,1,25,25,0,match
1q79bkr,1,25,25,0,match
1q79bxo,1,25,25,0,match
1q79c92,1,25,25,0,match
1q79cu3,1,25,25,0,match
1q79d5i,1,25,25,0,match
1q79drq,1,25,25,0,match
1q79e1l,1,25,25,0,match
1q79e47,1,25,25,0,match
1q79ebw,1,23,23,0,match
1q79ers,1,25,25,0,match
1q79f3z,1,25,25,0,match
1q79fpq,1,25,25,0,match
1q79gak,1,5,5,0,match
1q79ggd,1,25,25,0,match
1q79glz,1,25,25,0,match
1q79gqt,1,25,25,0,match
1q79gt2,1,25,25,0,match
1q79gva,1,25,25,0,match
1q79hz2,1,13,13,0,match
1q79i18,1,25,25,0,match
1q79ibw,1,25,25,0,match
1q79ik2,1,25,25,0,match
1q79inh,1,25,25,0,match
1q79jca,1,6,6,0,match
1q79jla,1,25,25,0,match
1q79jxh,1,25,25,0,match
1q79jxs,1,25,25,0,match
1q79k3t,1,25,25,0,match
1q79k57,1,25,25,0,match
1q79k6a,1,25,25,0,match
1q79ktq,1,25,25,0,match
1q79m7c,1,25,25,0,match
1q79m7t,1,25,25,0,match
1q79mku,1,25,25,0,match
1q79mxn,1,25,25,0,match
1q79n5n,1,25,25,0,match
1q79nai,1,25,25,0,match
1q79ns8,1,25,25,0,match
1q79nwm,1,26,26,0,match
1q79o57,1,26,26,0,match
1q79qbz,1,26,26,0,match
1q79qoh,1,26,26,0,match
1q79r5o,1,26,26,0,match
1q79r73,1,5,5,0,match
1q79rh0,1,26,26,0,match
1q79rwu,1,26,26,0,match
1q79sg7,1,26,26,0,match
1q79sla,1,26,26,0,match
1q79tlr,1,26,26,0,match
1q79tmd,1,26,26,0,match
1q79tsb,1,26,26,0,match
1q79u0o,1,26,26,0,match
1q79u41,1,13,13,0,match
1q79up0,1,26,26,0,match
1q79uu4,1,26,26,0,match
1q79uy4,1,26,26,0,match
1q79v0k,1,26,26,0,match
1q79vls,1,26,26,0,match
1q79wa6,1,26,26,0,match
1q79wmo,1,26,26,0,match
1q79wy3,1,26,26,0,match
1q79xby,1,26,26,0,match
1q79xfd,1,26,26,0,match
1q79xlq,1,26,26,0,match
1q79xr5,1,26,26,0,match
1q79xuj,1,26,26,0,match
1q79xzj,1,6,6,0,match
1q79y16,1,26,26,0,match
1q79y40,1,26,26,0,match
1q79yan,1,26,26,0,match
1q79yiw,1,26,26,0,match
1q79z7a,1,26,26,0,match
1q79zpl,1,26,26,0,match
1q79zqh,1,26,26,0,match
1q79zs6,1,26,26,0,match
1q7a00i,1,26,26,0,match
1q7a0af,1,26,26,0,match
1q7a0ks,1,26,26,0,match
1q7a127,1,26,26,0,match
1q7a17u,1,26,26,0,match
1q7a1xy,1,26,26,0,match
1q7a22i,1,26,26,0,match
1q7a26n,1,26,26,0,match
1q7a2hs,1,26,26,0,match
1q7a2l6,1,26,26,0,match
1q7a2s7,1,26,26,0,match
1q7a2x6,1,26,26,0,match
1q7a2z2,1,26,26,0,match
1q7a38o,1,26,26,0,match
1q7a3fn,1,26,26,0,match
1q7a3v3,1,26,26,0,match
1q7a4wa,1,26,26,0,match
1q7a540,1,26,26,0,match
1q7a5ic,1,26,26,0,match
1q7a5uc,1,26,26,0,match
1q7a6a6,1,27,27,0,match
1q7a6cr,1,27,27,0,match
1q7a6wz,1,27,27,0,match
1q7a7ct,1,27,27,0,match
1q7a7rd,1,27,27,0,match
1q7a7s4,1,27,27,0,match
1q7a7yq,1,27,27,0,match
1q7a87w,1,27,27,0,match
1q7a8zx,1,27,27,0,match
1q7a9du,1,27,27,0,match
1q7a9tm,1,27,27,0,match
1q7a9wn,1,4,4,0,match
1q7aaj2,1,27,27,0,match
1q7aawg,1,27,27,0,match
1q7ab9g,1,4,4,0,match
1q7abco,1,17,17,0,match
1q7abu3,1,27,27,0,match
1q7ac3j,1,7,7,0,match
1q7ac9a,1,27,27,0,match
1q7acie,1,27,27,0,match
1q7acoe,1,27,27,0,match
1q7adlr,1,27,27,0,match
1q7adoc,1,27,27,0,match
1q7aecd,1,27,27,0,match
1q7af14,1,27,27,0,match
1q7af43,1,27,27,0,match
1q7afv5,1,27,27,0,match
1q7afyq,1,5,5,0,match
1q7ag94,1,27,27,0,match
1q7ag99,1,27,27,0,match
1q7ah5h,1,27,27,0,match
1q7ahjd,1,27,27,0,match
1q7ahvk,1,27,27,0,match
1q7ai29,1,27,27,0,match
1q7ai8g,1,27,27,0,match
1q7aib2,1,27,27,0,match
1q7aidr,1,27,27,0,match
1q7aifq,1,27,27,0,match
1q7aimq,1,27,27,0,match
1q7aivb,1,27,27,0,match
1q7aiw0,1,27,27,0,match
1q7aj35,1,27,27,0,match
1q7aj9m,1,27,27,0,match
1q7ajcp,1,13,13,0,match
1q7ajp0,1,27,27,0,match
1q7ajqm,1,27,27,0,match
1q7ajsb,1,27,27,0,match
1q7ak88,1,27,27,0,match
1q7akr2,1,27,27,0,match
1q7akyu,1,27,27,0,match
1q7al66,1,27,27,0,match
1q7alei,1,19,19,0,match
1q7alqw,1,27,27,0,match
1q7alve,1,27,27,0,match
1q7am24,1,14,14,0,match
1q7am8b,1,28,28,0,match
1q7an2q,1,28,28,0,match
1q7an44,1,28,28,0,match
1q7an7b,1,15,15,0,match
1q7anhw,1,28,28,0,match
1q7anpt,1,28,28,0,match
1q7anqc,1,28,28,0,match
1q7aom7,1,28,28,0,match
1q7aot6,1,4,4,0,match
1q7aoy0,1,28,28,0,match
1q7aqdo,1,28,28,0,match
1q7aqrv,1,28,28,0,match
1q7aqv4,1,28,28,0,match
1q7at0o,1,28,28,0,match
1q7atir,1,5,5,0,match
1q7au9p,1,5,5,0,match
1q7av5v,1,28,28,0,match
1q7av9g,1,28,28,0,match
1q7avp4,1,28,28,0,match
1q7aw87,1,28,28,0,match
1q7axcg,1,28,28,0,match
1q7axue,1,29,29,0,match
1q7az9i,1,28,28,0,match
1q7azra,1,28,28,0,match
1q7azw3,1,28,28,0,match
1q7b0qy,1,28,28,0,match
1q7b1g6,1,28,28,0,match
1q7b1uh,1,28,28,0,match
1q7b2qf,1,28,28,0,match
1q7b3e0,1,28,28,0,match
1q7b48p,1,28,28,0,match
1q7b4kc,1,28,28,0,match
1q7b5b5,1,28,28,0,match
1q7b5ca,1,28,28,0,match
1q7b66i,1,28,28,0,match
1q7b68j,1,12,12,0,match
1q7b6am,1,28,28,0,match
1q7b6gs,1,28,28,0,match
1q7b6lh,1,28,28,0,match
1q7b6si,1,28,28,0,match
1q7b79p,1,28,28,0,match
1q7b7qj,1,28,28,0,match
1q7b7sa,1,28,28,0,match
1q7b7ti,1,11,11,0,match
1q7b7ua,1,28,28,0,match
1q7b7yc,1,28,28,0,match
1q7b806,1,28,28,0,match
1q7b882,1,29,29,0,match
1q7b89h,1,29,29,0,match
1q7b89r,1,5,5,0,match
1q7b8bc,1,1,1,0,match
1q7b9a7,1,29,29,0,match
1q7b9lh,1,29,29,0,match
1q7b9tt,1,29,29,0,match
1q7b9yl,1,5,5,0,match
1q7ba3s,1,29,29,0,match
1q7ba6t,1,29,29,0,match
1q7baew,1,29,29,0,match
1q7baft,1,29,29,0,match
1q7bafy,1,29,29,0,match
1q7bat5,1,29,29,0,match
1q7bazj,1,29,29,0,match
1q7bb1m,1,1,1,0,match
1q7bbwg,1,28,28,0,match
1q7bby7,1,28,28,0,match
1q7bcf7,1,5,5,0,match
1q7bdcp,1,4,4,0,match
1q7bdue,1,28,28,0,match
1q7be6d,1,28,28,0,match
1q7bf38,1,5,5,0,match
1q7bfdg,1,4,4,0,match
1q7bfk3,1,4,4,0,match
1q7bfom,1,28,28,0,match
1q7bg3y,1,4,4,0,match
1q7bggz,1,4,4,0,match
1q7bgxw,1,4,4,0,match
1q7bhot,1,28,28,0,match
1q7bhq4,1,4,4,0,match
1q7bhva,1,28,28,0,match
1q7bhxs,1,4,4,0,match
1q7bics,1,28,28,0,match
1q7bit2,1,4,4,0,match
1q7bk40,1,28,28,0,match
1q7bkh3,1,28,28,0,match
1q7bknj,1,28,28,0,match
1q7blqo,1,28,28,0,match
1q7blvo,1,28,28,0,match
1q7bmbp,1,28,28,0,match
1q7bmcl,1,28,28,0,match
1q7bmhu,1,4,4,0,match
1q7bmo3,1,28,28,0,match
1q7bmu3,1,4,4,0,match
1q7bmu5,1,28,28,0,match
1q7bnht,1,4,4,0,match
1q7bnou,1,28,28,0,match
1q7bokt,1,28,28,0,match
1q7boml,1,4,4,0,match
1q7bowu,1,28,28,0,match
1q7bp9p,1,2,2,0,match
1q7bpbe,1,28,28,0,match
1q7bppa,1,4,4,0,match
1q7bpxx,1,28,28,0,match
1q7bq2q,1,4,4,0,match
1q7bq5u,1,29,29,0,match
1q7bq8t,1,4,4,0,match
1q7bq9a,1,13,13,0,match
1q7bqj1,1,28,28,0,match
1q7brcq,1,27,27,0,match
1q7brpm,1,27,27,0,match
1q7bruj,1,27,27,0,match
1q7bs5g,1,27,27,0,match
1q7bsdh,1,2,2,0,match
1q7bsnp,1,2,2,0,match
1q7bst8,1,2,2,0,match
1q7bt1m,1,27,27,0,match
1q7bt4a,1,2,2,0,match
1q7bt7z,1,2,2,0,match
1q7btcz,1,4,4,0,match
1q7bth0,1,27,27,0,match
1q7busf,1,27,27,0,match
1q7buwc,1,27,27,0,match
1q7buy4,1,27,27,0,match
1q7bv38,1,27,27,0,match
1q7bv8r,1,27,27,0,match
1q7bwb4,1,1,1,0,match
1q7bwfa,1,27,27,0,match
1q7bwxc,1,27,27,0,match
1q7bx15,1,27,27,0,match
1q7bx2o,1,27,27,0,match
1q7bxf8,1,27,27,0,match
1q7bxv8,1,27,27,0,match
1q7byoc,1,27,27,0,match
1q7bzwh,1,27,27,0,match
1q7c01j,1,27,27,0,match
1q7c0f9,1,27,27,0,match
1q7c0q7,1,27,27,0,match
1q7c17f,1,27,27,0,match
1q7c247,1,27,27,0,match
1q7c2ao,1,27,27,0,match
1q7c2vx,1,27,27,0,match
1q7c2xy,1,27,27,0,match
1q7c30r,1,5,5,0,match
1q7c3ov,1,26,26,0,match
1q7c486,1,26,26,0,match
1q7c4be,1,26,26,0,match
1q7c5im,1,26,26,0,match
1q7c5wd,1,26,26,0,match
1q7c6go,1,26,26,0,match
1q7c6ns,1,26,26,0,match
1q7c6zr,1,26,26,0,match
1q7c76h,1,26,26,0,match
1q7c7ou,1,26,26,0,match
1q7c86n,1,1,1,0,match
1q7c8ez,1,27,27,0,match
1q7c8s7,1,27,27,0,match
1q7c99j,1,27,27,0,match
1q7c9kb,1,27,27,0,match
1q7c9wo,1,26,26,0,match
1q7ca0k,1,27,27,0,match
1q7ca4d,1,27,27,0,match
1q7cbqn,1,1,1,0,match
1q7cc65,1,1,1,0,match
1q7cctf,1,27,27,0,match
1q7ccti,1,27,27,0,match
1q7ccv7,1,17,17,0,match
1q7cdae,1,27,27,0,match
1q7cdmc,1,4,4,0,match
1q7cdo3,1,27,27,0,match
1q7cdsp,1,27,27,0,match
1q7cdz1,1,27,27,0,match
1q7ce0z,1,27,27,0,match
1q7ceiq,1,3,3,0,match
1q7cevp,1,27,27,0,match
1q7cf3j,1,27,27,0,match
1q7cfjx,1,26,26,0,match
1q7cfuj,1,26,26,0,match
1q7cg7x,1,26,26,0,match
1q7cgb9,1,17,17,0,match
1q7cgbv,1,26,26,0,match
1q7cgnj,1,26,26,0,match
1q7chdd,1,13,13,0,match
1q7chpn,1,26,26,0,match
1q7ci2y,1,26,26,0,match
1q7ci7l,1,26,26,0,match
1q7cimv,1,26,26,0,match
1q7cj56,1,26,26,0,match
1q7cjws,1,1,1,0,match
1q7ck9t,1,26,26,0,match
1q7ckok,1,26,26,0,match
1q7ckst,1,26,26,0,match
1q7clao,1,26,26,0,match
1q7clyj,1,26,26,0,match
1q7cm1v,1,10,10,0,match
1q7cm4x,1,26,26,0,match
1q7cmi1,1,26,26,0,match
1q7cmiq,1,26,26,0,match
1q7cml6,1,26,26,0,match
1q7cmn4,1,26,26,0,match
1q7cmqw,1,26,26,0,match
1q7cmu9,1,26,26,0,match
1q7cmwh,1,26,26,0,match
1q7cnbm,1,26,26,0,match
1q7cnc4,1,26,26,0,match
1q7cnrk,1,2,2,0,match
1q7coic,1,26,26,0,match
1q7cong,1,26,26,0,match
1q7coon,1,26,26,0,match
1q7cpco,1,27,27,0,match
1q7cpdr,1,1,1,0,match
1q7cpri,1,5,5,0,match
1q7cprj,1,27,27,0,match
1q7cq46,1,27,27,0,match
1q7cq72,1,27,27,0,match
1q7cq74,1,27,27,0,match
1q7cqde,1,27,27,0,match
1q7cqm2,1,27,27,0,match
1q7cr2g,1,27,27,0,match
1q7cr92,1,27,27,0,match
1q7cre4,1,27,27,0,match
1q7crp9,1,27,27,0,match
1q7cruk,1,27,27,0,match
1q7cruz,1,27,27,0,match
1q7csk2,1,27,27,0,match
1q7csm1,1,27,27,0,match
1q7csqr,1,27,27,0,match
1q7csss,1,27,27,0,match
1q7cssz,1,26,26,0,match
1q7ct4v,1,26,26,0,match
1q7cva8,1,11,11,0,match
1q7cvdn,1,26,26,0,match
1q7cvlf,1,26,26,0,match
1q7cw12,1,16,16,0,match
1q7cw9r,1,26,26,0,match
1q7cwau,1,22,22,0,match
1q7cwh2,1,26,26,0,match
1q7cwhh,1,26,26,0,match
1q7cx49,1,26,26,0,match
1q7cxd4,1,26,26,0,match
1q7cy45,1,26,26,0,match
1q7cy8c,1,26,26,0,match
1q7cy8d,1,26,26,0,match
1q7cydd,1,26,26,0,match
1q7cyhb,1,26,26,0,match
1q7cys4,1,26,26,0,match
1q7cz0m,1,26,26,0,match
1q7czoe,1,2,2,0,match
1q7czsb,1,26,26,0,match
1q7czte,1,5,5,0,match
1q7czts,1,26,26,0,match
1q7czue,1,6,6,0,match
1q7d075,1,26,26,0,match
1q7d0jb,1,26,26,0,match
1q7d0t0,1,26,26,0,match
1q7d0u2,1,26,26,0,match
1q7d181,1,26,26,0,match
1q7d1k1,1,27,27,0,match
1q7d1qj,1,27,27,0,match
1q7d23s,1,27,27,0,match
1q7d2j5,1,6,6,0,match
1q7d2py,1,1,1,0,match
1q7d2ys,1,27,27,0,match
1q7d437,1,15,15,0,match
1q7d4g4,1,27,27,0,match
1q7d4nu,1,27,27,0,match
1q7d51i,1,14,14,0,match
1q7d5oj,1,27,27,0,match
1q7d5uq,1,27,27,0,match
1q7d600,1,26,26,0,match
1q7d64l,1,5,5,0,match
1q7d6hv,1,26,26,0,match
1q7d6if,1,26,26,0,match
1q7d6je,1,26,26,0,match
1q7d6qe,1,26,26,0,match
1q7d7g0,1,26,26,0,match
1q7d7iy,1,26,26,0,match
1q7d8bz,1,26,26,0,match
1q7d9kw,1,26,26,0,match
1q7d9tc,1,26,26,0,match
1q7dcfz,1,26,26,0,match
1q7dd7m,1,26,26,0,match
1q7ddld,1,26,26,0,match
1q7ddok,1,26,26,0,match
1q7ddsc,1,26,26,0,match
1q7de41,1,26,26,0,match
1q7de4t,1,26,26,0,match
1q7de6l,1,26,26,0,match
1q7de7n,1,26,26,0,match
1q7df7i,1,26,26,0,match
1q7dfdl,1,26,26,0,match
1q7dg8y,1,26,26,0,match
1q7dgho,1,3,3,0,match
1q7dgtj,1,26,26,0,match
1q7dh6o,1,26,26,0,match
1q7di6d,1,26,26,0,match
1q7dip1,1,26,26,0,match
1q7dixd,1,26,26,0,match
1q7dixw,1,26,26,0,match
1q7djah,1,1,1,0,match
1q7djt4,1,25,25,0,match
1q7djt7,1,25,25,0,match
1q7dk0f,1,25,25,0,match
1q7dk1k,1,25,25,0,match
1q7dk4z,1,25,25,0,match
1q7dk9o,1,25,25,0,match
1q7dkbf,1,26,26,0,match
1q7dkjf,1,26,26,0,match
1q7dkxs,1,26,26,0,match
1q7dlwe,1,12,12,0,match
1q7dmcc,1,26,26,0,match
1q7dn5d,1,26,26,0,match
1q7dnf4,1,26,26,0,match
1q7dnfs,1,12,12,0,match
1q7dnh1,1,26,26,0,match
1q7dnno,1,26,26,0,match
1q7dnwl,1,26,26,0,match
1q7do03,1,26,26,0,match
1q7do1s,1,26,26,0,match
1q7dodt,1,26,26,0,match
1q7dp9k,1,4,4,0,match
1q7dpbm,1,26,26,0,match
1q7dq2i,1,26,26,0,match
1q7dq6a,1,26,26,0,match
1q7dqnz,1,26,26,0,match
1q7dr7j,1,26,26,0,match
1q7drhx,1,26,26,0,match
1q7dsgw,1,26,26,0,match
1q7dspb,1,26,26,0,match
1q7dt8v,1,26,26,0,match
1q7dtb3,1,3,3,0,match
1q7dtim,1,26,26,0,match
1q7dts8,1,26,26,0,match
1q7du4x,1,26,26,0,match
1q7dudi,1,26,26,0,match
1q7dugg,1,26,26,0,match
1q7dult,1,26,26,0,match
1q7dunn,1,26,26,0,match
1q7dupw,1,26,26,0,match
1q7dv9l,1,13,13,0,match
1q7dvc1,1,26,26,0,match
1q7dvu4,1,26,26,0,match
1q7dw5a,1,3,3,0,match
1q7dwnw,1,26,26,0,match
1q7dwpi,1,26,26,0,match
1q7dwzu,1,26,26,0,match
1q7dx9k,1,11,11,0,match
1q7dxb9,1,25,25,0,match
1q7dxgq,1,25,25,0,match
1q7dxrk,1,26,26,0,match
1q7dxv4,1,26,26,0,match
1q7dy3v,1,25,25,0,match
1q7dyal,1,25,25,0,match
1q7dyt9,1,25,25,0,match
1q7dz2t,1,25,25,0,match
1q7dzxo,1,25,25,0,match
1q7dzzx,1,25,25,0,match
1q7e0mx,1,25,25,0,match
1q7e0pp,1,25,25,0,match
1q7e11c,1,25,25,0,match
1q7e2ly,1,25,25,0,match
1q7e2z5,1,25,25,0,match
1q7e3aj,1,2,2,0,match
1q7e3or,1,25,25,0,match
1q7e62h,1,25,25,0,match
1q7e665,1,25,25,0,match
1q7e6f8,1,25,25,0,match
1q7e6ry,1,2,2,0,match
1q7e7ey,1,25,25,0,match
1q7e7ge,1,25,25,0,match
1q7e7qu,1,1,1,0,match
1q7e8fe,1,25,25,0,match
1q7e8jw,1,25,25,0,match
1q7e9rd,1,26,26,0,match
1q7e9vj,1,1,1,0,match
1q7ea4p,1,26,26,0,match
1q7eazc,1,26,26,0,match
1q7eboq,1,2,2,0,match
1q7ec3s,1,1,1,0,match
1q7ed5m,1,25,25,0,match
1q7ed8m,1,25,25,0,match
1q7ed9v,1,25,25,0,match
1q7edix,1,25,25,0,match
1q7edui,1,25,25,0,match
1q7ee0y,1,25,25,0,match
1q7ef4d,1,25,25,0,match
1q7ef6z,1,25,25,0,match
1q7ef9u,1,25,25,0,match
1q7egc9,1,25,25,0,match
1q7ehce,1,11,11,0,match
1q7ehdy,1,25,25,0,match
1q7ehfz,1,18,18,0,match
1q7ehgw,1,1,1,0,match
1q7ehw5,1,25,25,0,match
1q7ehx4,1,25,25,0,match
1q7ehxg,1,25,25,0,match
1q7ejhc,1,25,25,0,match
1q7ejk8,1,25,25,0,match
1q7ejp0,1,25,25,0,match
1q7ejso,1,25,25,0,match
1q7ek6b,1,25,25,0,match
1q7el0o,1,25,25,0,match
1q7elaz,1,1,1,0,match
1q7elmf,1,25,25,0,match
1q7em1z,1,3,3,0,match
1q7emj1,1,25,25,0,match
1q7emjr,1,25,25,0,match
1q7envn,1,25,25,0,match
1q7eoid,1,25,25,0,match
1q7ep08,1,25,25,0,match
1q7epw0,1,19,19,0,match
1q7eq57,1,25,25,0,match
1q7er1n,1,24,24,0,match
1q7er83,1,24,24,0,match
1q7erxg,1,8,8,0,match
1q7ery1,1,24,24,0,match
1q7es6e,1,24,24,0,match
1q7esi6,1,24,24,0,match
1q7et1n,1,24,24,0,match
1q7etlx,1,25,25,0,match
1q7euhz,1,25,25,0,match
1q7eupy,1,2,2,0,match
1q7evjp,1,25,25,0,match
1q7evmi,1,25,25,0,match
1q7evnd,1,25,25,0,match
1q7evwc,1,1,1,0,match
1q7evzi,1,25,25,0,match
1q7ewtj,1,25,25,0,match
1q7exdl,1,25,25,0,match
1q7exm4,1,25,25,0,match
1q7eycn,1,5,5,0,match
1q7eyqh,1,25,25,0,match
1q7ez5t,1,25,25,0,match
1q7eznw,1,14,14,0,match
1q7f01v,1,6,6,0,match
1q7f0cx,1,25,25,0,match
1q7f0o5,1,25,25,0,match
1q7f0ob,1,2,2,0,match
1q7f1ch,1,25,25,0,match
1q7f1xn,1,25,25,0,match
1q7f226,1,25,25,0,match
1q7f23l,1,14,14,0,match
1q7f2tz,1,25,25,0,match
1q7f2yb,1,25,25,0,match
1q7f31f,1,25,25,0,match
1q7f3as,1,25,25,0,match
1q7f3po,1,25,25,0,match
1q7f3sj,1,25,25,0,match
1q7f3vg,1,25,25,0,match
1q7f4id,1,25,25,0,match
1q7f4kf,1,25,25,0,match
1q7f4rx,1,24,24,0,match
1q7f4ws,1,24,24,0,match
1q7f533,1,24,24,0,match
1q7f5j5,1,24,24,0,match
1q7f5o0,1,24,24,0,match
1q7f62b,1,24,24,0,match
1q7f67b,1,15,15,0,match
1q7f6dk,1,2,2,0,match
1q7f6go,1,24,24,0,match
1q7f6t0,1,24,24,0,match
1q7f7a2,1,2,2,0,match
1q7f7d1,1,1,1,0,match
1q7f7mj,1,24,24,0,match
1q7f7nz,1,24,24,0,match
1q7f7sb,1,24,24,0,match
1q7f7wd,1,24,24,0,match
1q7f82i,1,24,24,0,match
1q7f8tp,1,24,24,0,match
1q7f8u4,1,24,24,0,match
1q7f8zi,1,24,24,0,match
1q7f9nx,1,24,24,0,match
1q7f9u2,1,24,24,0,match
1q7f9ue,1,24,24,0,match
1q7f9wr,1,24,24,0,match
1q7f9x7,1,24,24,0,match
1q7f9yp,1,25,25,0,match
1q7fa08,1,25,25,0,match
1q7faay,1,25,25,0,match
1q7faks,1,25,25,0,match
1q7fbaf,1,25,25,0,match
1q7fbo5,1,25,25,0,match
1q7fbsc,1,25,25,0,match
1q7fcg7,1,2,2,0,match
1q7fcnx,1,25,25,0,match
1q7fdap,1,25,25,0,match
1q7fdq5,1,25,25,0,match
1q7fe7t,1,25,25,0,match
1q7fee6,1,25,25,0,match
1q7fehg,1,25,25,0,match
1q7fep8,1,25,25,0,match
1q7fepm,1,25,25,0,match
1q7ff3l,1,2,2,0,match
1q7ff68,1,25,25,0,match
1q7ff7x,1,1,1,0,match
1q7ffgb,1,25,25,0,match
1q7ffra,1,25,25,0,match
1q7ffx9,1,25,25,0,match
1q7fgdk,1,25,25,0,match
1q7fgn8,1,25,25,0,match
1q7fgqv,1,25,25,0,match
1q7fh1e,1,25,25,0,match
1q7fh1n,1,25,25,0,match
1q7fhgz,1,25,25,0,match
1q7ficg,1,7,7,0,match
1q7fik6,1,5,5,0,match
1q7fj3o,1,24,24,0,match
1q7fj77,1,24,24,0,match
1q7fjop,1,20,20,0,match
1q7fk3n,1,24,24,0,match
1q7flr0,1,6,6,0,match
1q7fneq,1,24,24,0,match
1q7fnjs,1,24,24,0,match
1q7ford,1,4,4,0,match
1q7fqe1,1,24,24,0,match
1q7fr7v,1,24,24,0,match
1q7frm4,1,25,25,0,match
1q7fs1z,1,25,25,0,match
1q7ft5q,1,25,25,0,match
1q7ftbp,1,8,8,0,match
1q7fti2,1,25,25,0,match
1q7ftin,1,25,25,0,match
1q7ftoa,1,25,25,0,match
1q7ftoi,1,1,1,0,match
1q7funb,1,25,25,0,match
1q7fuw6,1,25,25,0,match
1q7fuzd,1,25,25,0,match
1q7fv16,1,2,2,0,match
1q7fvjg,1,25,25,0,match
1q7fwzs,1,25,25,0,match
1q7fx1p,1,25,25,0,match
1q7fx29,1,25,25,0,match
1q7fxnd,1,25,25,0,match
1q7fxnw,1,25,25,0,match
1q7fxvf,1,25,25,0,match
1q7fxyp,1,24,24,0,match
1q7fy4n,1,24,24,0,match
1q7fzhq,1,24,24,0,match
1q7fzne,1,3,3,0,match
1q7fzrx,1,24,24,0,match
1q7fzwt,1,24,24,0,match
1q7g0f2,1,24,24,0,match
1q7g0vp,1,24,24,0,match
1q7g1bu,1,24,24,0,match
1q7g1lf,1,24,24,0,match
1q7g1nj,1,24,24,0,match
1q7g28k,1,24,24,0,match
1q7g29r,1,24,24,0,match
1q7g2bw,1,24,24,0,match
1q7g2jb,1,24,24,0,match
1q7g2v8,1,24,24,0,match
1q7g3hs,1,24,24,0,match
1q7g3or,1,24,24,0,match
1q7g5g2,1,24,24,0,match
1q7g6m7,1,24,24,0,match
1q7g72g,1,24,24,0,match
1q7g7o4,1,24,24,0,match
1q7g7oo,1,24,24,0,match
1q7g7w7,1,3,3,0,match
1q7g8eo,1,24,24,0,match
1q7g8o5,1,25,25,0,match
1q7g8vx,1,25,25,0,match
1q7g97b,1,25,25,0,match
1q7g9nn,1,25,25,0,match
1q7g9v6,1,25,25,0,match
1q7g9xo,1,25,25,0,match
1q7ga7e,1,25,25,0,match
1q7garh,1,3,3,0,match
1q7gavu,1,25,25,0,match
1q7gccr,1,25,25,0,match
1q7gcn1,1,25,25,0,match
1q7gcn9,1,25,25,0,match
1q7gd3g,1,24,24,0,match
1q7gd4m,1,24,24,0,match
1q7gdr0,1,24,24,0,match
1q7gdu9,1,2,2,0,match
1q7gdz2,1,2,2,0,match
1q7geht,1,24,24,0,match
1q7gf1d,1,24,24,0,match
1q7gfjf,1,24,24,0,match
1q7gfmf,1,24,24,0,match
1q7gg1d,1,2,2,0,match
1q7ggiw,1,24,24,0,match
1q7ggm3,1,24,24,0,match
1q7gi1m,1,24,24,0,match
1q7gigm,1,24,24,0,match
1q7givm,1,24,24,0,match
1q7gje5,1,24,24,0,match
1q7gjn7,1,24,24,0,match
1q7gjns,1,24,24,0,match
1q7gjpg,1,24,24,0,match
1q7gk2e,1,3,3,0,match
1q7gk6l,1,24,24,0,match
1q7gkrj,1,24,24,0,match
1q7gm9j,1,24,24,0,match
1q7gmru,1,24,24,0,match
1q7gn03,1,1,1,0,match
1q7gn6w,1,24,24,0,match
1q7goda,1,24,24,0,match
1q7gomo,1,24,24,0,match
1q7goqh,1,24,24,0,match
1q7gp5a,1,24,24,0,match
1q7gpau,1,7,7,0,match
1q7gpes,1,24,24,0,match
1q7gpk0,1,24,24,0,match
1q7gq8i,1,24,24,0,match
1q7gq8v,1,24,24,0,match
1q7gqky,1,24,24,0,match
1q7gr6s,1,24,24,0,match
1q7greh,1,24,24,0,match
1q7grrm,1,23,23,0,match
1q7gs6z,1,24,24,0,match
1q7gsgk,1,24,24,0,match
1q7gtjc,1,24,24,0,match
1q7gtqn,1,24,24,0,match
1q7gtwd,1,24,24,0,match
1q7gtzv,1,24,24,0,match
1q7guex,1,24,24,0,match
1q7guf8,1,24,24,0,match
1q7guxu,1,24,24,0,match
1q7gvfd,1,24,24,0,match
1q7gw2p,1,24,24,0,match
1q7gw4j,1,1,1,0,match
1q7gybn,1,24,24,0,match
1q7gys0,1,24,24,0,match
1q7gz8g,1,24,24,0,match
1q7gzpn,1,24,24,0,match
1q7gzvh,1,24,24,0,match
1q7h04v,1,24,24,0,match
1q7h0lb,1,8,8,0,match
1q7h100,1,3,3,0,match
1q7h24v,1,24,24,0,match
1q7h29h,1,24,24,0,match
1q7h2dp,1,24,24,0,match
1q7h2hg,1,24,24,0,match
1q7h2s3,1,24,24,0,match
1q7h30f,1,24,24,0,match
1q7h30h,1,1,1,0,match
1q7h3j9,1,24,24,0,match
1q7h3lc,1,7,7,0,match
1q7h3st,1,1,1,0,match
1q7h4m1,1,24,24,0,match
1q7h57h,1,23,23,0,match
1q7h65b,1,24,24,0,match
1q7h6el,1,24,24,0,match
1q7h6f9,1,24,24,0,match
1q7h6n0,1,24,24,0,match
1q7h72y,1,23,23,0,match
1q7h7x1,1,23,23,0,match
1q7h84k,1,23,23,0,match
1q7h8j1,1,23,23,0,match
1q7h8vo,1,8,8,0,match
1q7h9ax,1,23,23,0,match
1q7h9bj,1,23,23,0,match
1q7h9eo,1,23,23,0,match
1q7ha43,1,23,23,0,match
1q7ha6b,1,23,23,0,match
1q7hae0,1,24,24,0,match
1q7haug,1,24,24,0,match
1q7hb52,1,24,24,0,match
1q7hbgi,1,3,3,0,match
1q7hboe,1,3,3,0,match
1q7hboi,1,11,11,0,match
1q7hbs6,1,24,24,0,match
1q7hbyk,1,3,3,0,match
1q7hcos,1,24,24,0,match
1q7hd58,1,24,24,0,match
1q7hdq1,1,24,24,0,match
1q7he3u,1,24,24,0,match
1q7he9m,1,1,1,0,match
1q7hec8,1,24,24,0,match
1q7hefx,1,24,24,0,match
1q7heu5,1,24,24,0,match
1q7hf7i,1,24,24,0,match
1q7hfkx,1,24,24,0,match
1q7hg1h,1,24,24,0,match
1q7hgk3,1,24,24,0,match
1q7hgqv,1,24,24,0,match
1q7hgt0,1,10,10,0,match
1q7hhav,1,4,4,0,match
1q7hhdw,1,24,24,0,match
1q7hho6,1,24,24,0,match
1q7hi13,1,24,24,0,match
1q7hifl,1,24,24,0,match
1q7hifm,1,24,24,0,match
1q7hj63,1,24,24,0,match
1q7hja7,1,8,8,0,match
1q7hjtj,1,24,24,0,match
1q7hjyn,1,24,24,0,match
1q7hk53,1,24,24,0,match
1q7hkyy,1,24,24,0,match
1q7hlcs,1,24,24,0,match
1q7hlfj,1,1,1,0,match
1q7hlfn,1,24,24,0,match
1q7hlwr,1,24,24,0,match
1q7hm3e,1,23,23,0,match
1q7hm3v,1,23,23,0,match
1q7hmeh,1,16,16,0,match
1q7hmqk,1,23,23,0,match
1q7houh,1,11,11,0,match
1q7hoxa,1,23,23,0,match
1q7hp0u,1,13,13,0,match
1q7hp4e,1,23,23,0,match
1q7hpc8,1,23,23,0,match
1q7hpdk,1,23,23,0,match
1q7hq4i,1,23,23,0,match
1q7hq7u,1,23,23,0,match
1q7hqmq,1,23,23,0,match
1q7hqzy,1,23,23,0,match
1q7hreh,1,3,3,0,match
1q7hrhl,1,23,23,0,match
1q7hrjm,1,23,23,0,match
1q7hrnc,1,23,23,0,match
1q7hscd,1,23,23,0,match
1q7hstb,1,23,23,0,match
1q7hsts,1,23,23,0,match
1q7ht5a,1,23,23,0,match
1q7htg2,1,24,24,0,match
1q7hudq,1,24,24,0,match
1q7hufu,1,24,24,0,match
1q7huhv,1,24,24,0,match
1q7huib,1,24,24,0,match
1q7hv85,1,24,24,0,match
1q7hwxk,1,24,24,0,match
1q7hwxu,1,24,24,0,match
1q7hxd4,1,10,10,0,match
1q7hxlv,1,10,10,0,match
1q7hxmm,1,24,24,0,match
1q7hxms,1,7,7,0,match
1q7hyrl,1,24,24,0,match
1q7hzez,1,24,24,0,match
1q7hzvl,1,24,24,0,match
1q7i0xj,1,15,15,0,match
1q7i1tw,1,23,23,0,match
1q7i2g9,1,23,23,0,match
1q7i2ho,1,23,23,0,match
1q7i2jr,1,23,23,0,match
1q7i2sc,1,23,23,0,match
1q7i2zg,1,23,23,0,match
1q7i35l,1,23,23,0,match
1q7i3ii,1,23,23,0,match
1q7i3op,1,23,23,0,match
1q7i3t7,1,3,3,0,match
1q7i47r,1,23,23,0,match
1q7i4u5,1,23,23,0,match
1q7i57m,1,23,23,0,match
1q7i596,1,3,3,0,match
1q7i59q,1,23,23,0,match
1q7i5gn,1,23,23,0,match
1q7i5p2,1,23,23,0,match
1q7i5wi,1,23,23,0,match
1q7i5x5,1,23,23,0,match
1q7i5zx,1,23,23,0,match
1q7i64u,1,23,23,0,match
1q7i6bf,1,23,23,0,match
1q7i6lk,1,23,23,0,match
1q7i76k,1,23,23,0,match
1q7i7j1,1,24,24,0,match
1q7i7po,1,24,24,0,match
1q7i7s0,1,24,24,0,match
1q7i7yo,1,24,24,0,match
1q7i8ky,1,24,24,0,match
1q7i8pu,1,24,24,0,match
1q7i93h,1,24,24,0,match
1q7i96b,1,24,24,0,match
1q7i9pt,1,24,24,0,match
1q7i9ze,1,24,24,0,match
1q7iacr,1,24,24,0,match
1q7iapu,1,24,24,0,match
1q7ib0f,1,24,24,0,match
1q7ibub,1,24,24,0,match
1q7icgu,1,24,24,0,match
1q7id8p,1,24,24,0,match
1q7idcy,1,24,24,0,match
1q7idil,1,24,24,0,match
1q7idoa,1,22,22,0,match
1q7iea3,1,24,24,0,match
1q7iekm,1,24,24,0,match
1q7iel7,1,24,24,0,match
1q7ieq9,1,24,24,0,match
1q7ihfj,1,7,7,0,match
1q7ii4n,1,23,23,0,match
1q7iip3,1,23,23,0,match
1q7iip4,1,23,23,0,match
1q7iirw,1,2,2,0,match
1q7ik0y,1,23,23,0,match
1q7ikde,1,23,23,0,match
1q7ikeq,1,23,23,0,match
1q7ikj6,1,23,23,0,match
1q7iktr,1,23,23,0,match
1q7ikys,1,23,23,0,match
1q7ilbr,1,23,23,0,match
1q7illx,1,23,23,0,match
1q7imnx,1,23,23,0,match
1q7inxv,1,23,23,0,match
1q7io0o,1,2,2,0,match
1q7io2x,1,17,17,0,match
1q7io4o,1,23,23,0,match
1q7io65,1,23,23,0,match
1q7ioiz,1,24,24,0,match
1q7iojd,1,24,24,0,match
1q7iom2,1,24,24,0,match
1q7iosb,1,24,24,0,match
1q7ioui,1,24,24,0,match
1q7iozs,1,24,24,0,match
1q7ip57,1,24,24,0,match
1q7ip5a,1,24,24,0,match
1q7ip6h,1,24,24,0,match
1q7ip6m,1,24,24,0,match
1q7ipc9,1,24,24,0,match
1q7ipdd,1,1,1,0,match
1q7ipez,1,7,7,0,match
1q7ipgb,1,24,24,0,match
1q7ipj2,1,24,24,0,match
1q7ipjt,1,2,2,0,match
1q7ipz7,1,2,2,0,match
1q7iq47,1,24,24,0,match
1q7iqi0,1,24,24,0,match
1q7iqoi,1,24,24,0,match
1q7iqp8,1,24,24,0,match
1q7iqvn,1,12,12,0,match
1q7irxm,1,24,24,0,match
1q7iryk,1,2,2,0,match
1q7is1g,1,24,24,0,match
1q7is2p,1,24,24,0,match
1q7is8a,1,24,24,0,match
1q7isav,1,2,2,0,match
1q7ise5,1,24,24,0,match
1q7ist2,1,24,24,0,match
1q7isux,1,24,24,0,match
1q7it2p,1,2,2,0,match
1q7ituo,1,24,24,0,match
1q7itwn,1,24,24,0,match
1q7ity0,1,7,7,0,match
1q7iv3u,1,25,25,0,match
1q7iv4w,1,12,12,0,match
1q7iv97,1,25,25,0,match
1q7ivkq,1,6,6,0,match
1q7iw9a,1,25,25,0,match
1q7iwk7,1,24,24,0,match
1q7ix65,1,24,24,0,match
1q7ix6m,1,1,1,0,match
1q7ix90,1,24,24,0,match
1q7ixed,1,24,24,0,match
1q7ixor,1,24,24,0,match
1q7iyhr,1,1,1,0,match
1q7iyue,1,24,24,0,match
1q7iz68,1,24,24,0,match
1q7iziv,1,24,24,0,match
1q7izlm,1,24,24,0,match
1q7izpg,1,24,24,0,match
1q7izse,1,24,24,0,match
1q7j01h,1,22,22,0,match
1q7j0gu,1,24,24,0,match
1q7j0mg,1,24,24,0,match
1q7j1hn,1,24,24,0,match
1q7j1jx,1,1,1,0,match
1q7j22e,1,24,24,0,match
1q7j2d2,1,24,24,0,match
1q7j3ek,1,24,24,0,match
1q7j479,1,24,24,0,match
1q7j47c,1,24,24,0,match
1q7j52g,1,24,24,0,match
1q7j53o,1,24,24,0,match
1q7j573,1,3,3,0,match
1q7j5ig,1,24,24,0,match
1q7j5nv,1,24,24,0,match
1q7j607,1,24,24,0,match
1q7j68f,1,24,24,0,match
1q7j6iu,1,24,24,0,match
1q7j6r8,1,1,1,0,match
1q7j7g2,1,2,2,0,match
1q7j7qk,1,24,24,0,match
1q7j7su,1,1,1,0,match
1q7j80d,1,24,24,0,match
1q7j8h9,1,24,24,0,match
1q7j8hb,1,24,24,0,match
1q7j8y1,1,25,25,0,match
1q7j90o,1,25,25,0,match
1q7j9f9,1,11,11,0,match
1q7j9ku,1,25,25,0,match
1q7j9or,1,25,25,0,match
1q7j9rq,1,25,25,0,match
1q7ja39,1,25,25,0,match
1q7ja45,1,25,25,0,match
1q7jaos,1,25,25,0,match
1q7jb8z,1,25,25,0,match
1q7jbi2,1,1,1,0,match
1q7jbn4,1,25,25,0,match
1q7jc06,1,1,1,0,match
1q7jca0,1,23,23,0,match
1q7jcdw,1,24,24,0,match
1q7jcz6,1,24,24,0,match
1q7jd4x,1,24,24,0,match
1q7jd7x,1,24,24,0,match
1q7jda7,1,24,24,0,match
1q7jema,1,24,24,0,match
1q7jeq7,1,24,24,0,match
1q7jf9l,1,24,24,0,match
1q7jfl4,1,24,24,0,match
1q7jfyw,1,21,21,0,match
1q7jg1y,1,24,24,0,match
1q7jglm,1,24,24,0,match
1q7jhh7,1,24,24,0,match
1q7jhv1,1,25,25,0,match
1q7ji49,1,25,25,0,match
1q7jiiw,1,25,25,0,match
1q7jinm,1,1,1,0,match
1q7jj37,1,25,25,0,match
1q7jjdb,1,25,25,0,match
1q7jjr1,1,25,25,0,match
1q7jjss,1,25,25,0,match
1q7jk1s,1,25,25,0,match
1q7jkz0,1,25,25,0,match
1q7jmq6,1,1,1,0,match
1q7jmzj,1,25,25,0,match
1q7jnck,1,25,25,0,match
1q7jndk,1,2,2,0,match
1q7jnh4,1,25,25,0,match
1q7jnl0,1,1,1,0,match
1q7jnrv,1,25,25,0,match
1q7jnuw,1,25,25,0,match
1q7jnze,1,25,25,0,match
1q7jomj,1,25,25,0,match
1q7joon,1,25,25,0,match
1q7josl,1,3,3,0,match
1q7jou8,1,25,25,0,match
1q7jp69,1,25,25,0,match
1q7jp9t,1,25,25,0,match
1q7jpcc,1,25,25,0,match
1q7jplb,1,25,25,0,match
1q7jpyd,1,25,25,0,match
1q7jq12,1,25,25,0,match
1q7jqqh,1,25,25,0,match
1q7jqty,1,9,9,0,match
1q7jr11,1,25,25,0,match
1q7jr76,1,25,25,0,match
1q7jrjp,1,25,25,0,match
1q7js65,1,2,2,0,match
1q7js80,1,25,25,0,match
1q7jsi8,1,24,24,0,match
1q7jswl,1,24,24,0,match
1q7jtr6,1,24,24,0,match
1q7ju3h,1,24,24,0,match
1q7jukw,1,24,24,0,match
1q7jv7r,1,24,24,0,match
1q7jvd7,1,24,24,0,match
1q7jvvq,1,24,24,0,match
1q7jvyd,1,24,24,0,match
1q7jw5l,1,24,24,0,match
1q7jw7c,1,24,24,0,match
1q7jwav,1,4,4,0,match
1q7jwsa,1,24,24,0,match
1q7jwxl,1,18,18,0,match
1q7jy0l,1,1,1,0,match
1q7jy3u,1,24,24,0,match
1q7jyfr,1,24,24,0,match
1q7jyhn,1,24,24,0,match
1q7jyly,1,11,11,0,match
1q7jz8d,1,24,24,0,match
1q7jz9p,1,3,3,0,match
1q7jzrg,1,24,24,0,match
1q7jzsg,1,24,24,0,match
1q7jzve,1,24,24,0,match
1q7k06i,1,24,24,0,match
1q7k0po,1,24,24,0,match
1q7k0y2,1,24,24,0,match
1q7k0yi,1,24,24,0,match
1q7k18a,1,24,24,0,match
1q7k19u,1,24,24,0,match
1q7k2iu,1,24,24,0,match
1q7k3cc,1,24,24,0,match
1q7k3gx,1,11,11,0,match
1q7k3vh,1,2,2,0,match
1q7k418,1,11,11,0,match
1q7k4nb,1,24,24,0,match
1q7k4oa,1,1,1,0,match
1q7k4sp,1,24,24,0,match
1q7k5e6,1,17,17,0,match
1q7k66l,1,24,24,0,match
1q7k6bl,1,24,24,0,match
1q7k6bx,1,2,2,0,match
1q7k6e8,1,25,25,0,match
1q7k6ma,1,25,25,0,match
1q7k6qx,1,25,25,0,match
1q7k6u9,1,25,25,0,match
1q7k7l8,1,24,24,0,match
1q7k7q8,1,5,5,0,match
1q7k7ue,1,24,24,0,match
1q7k888,1,24,24,0,match
1q7k8n3,1,24,24,0,match
1q7k9e4,1,24,24,0,match
1q7ka1t,1,24,24,0,match
1q7kadk,1,10,10,0,match
1q7kave,1,24,24,0,match
1q7kbfw,1,24,24,0,match
1q7kboa,1,24,24,0,match
1q7kbsq,1,24,24,0,match
1q7kbyf,1,24,24,0,match
1q7kc6b,1,24,24,0,match
1q7kc8i,1,24,24,0,match
1q7kcav,1,24,24,0,match
1q7kccu,1,24,24,0,match
1q7kcxm,1,24,24,0,match
1q7kd11,1,25,25,0,match
1q7kdvf,1,25,25,0,match
1q7ke1u,1,3,3,0,match
1q7kfau,1,10,10,0,match
1q7kfjs,1,10,10,0,match
1q7kfxc,1,25,25,0,match
1q7kfxu,1,10,10,0,match
1q7kfzy,1,25,25,0,match
1q7kg01,1,25,25,0,match
1q7kg61,1,25,25,0,match
1q7khhl,1,25,25,0,match
1q7khos,1,25,25,0,match
1q7khpj,1,25,25,0,match
1q7ki3i,1,25,25,0,match
1q7ki73,1,25,25,0,match
1q7kics,1,1,1,0,match
1q7kiu1,1,25,25,0,match
1q7kiu3,1,25,25,0,match
1q7kjg1,1,25,25,0,match
1q7kjmm,1,25,25,0,match
1q7kk2r,1,1,1,0,match
1q7kk99,1,1,1,0,match
1q7kkhf,1,2,2,0,match
1q7kl1r,1,1,1,0,match
1q7kl4q,1,25,25,0,match
1q7kl8g,1,4,4,0,match
1q7klar,1,16,16,0,match
1q7klev,1,25,25,0,match
1q7klgx,1,25,25,0,match
1q7klqt,1,25,25,0,match
1q7kluo,1,25,25,0,match
1q7klvq,1,25,25,0,match
1q7km70,1,25,25,0,match
1q7kmsa,1,24,24,0,match
1q7kmzc,1,24,24,0,match
1q7kn6h,1,9,9,0,match
1q7kng8,1,24,24,0,match
1q7knif,1,24,24,0,match
1q7kntq,1,24,24,0,match
1q7kocv,1,24,24,0,match
1q7kogp,1,24,24,0,match
1q7kp6g,1,24,24,0,match
1q7kpcp,1,1,1,0,match
1q7kpxi,1,24,24,0,match
1q7kq01,1,25,25,0,match
1q7kq0o,1,25,25,0,match
1q7kq5q,1,25,25,0,match
1q7kqdh,1,25,25,0,match
1q7kqhg,1,25,25,0,match
1q7kqoe,1,25,25,0,match
1q7kqyz,1,9,9,0,match
1q7kr0h,1,25,25,0,match
1q7kraq,1,25,25,0,match
1q7krb4,1,25,25,0,match
1q7kriv,1,25,25,0,match
1q7krjx,1,9,9,0,match
1q7krkz,1,25,25,0,match
1q7krqi,1,25,25,0,match
1q7ks2k,1,9,9,0,match
1q7ksdq,1,25,25,0,match
1q7ksfa,1,25,25,0,match
1q7ksnf,1,9,9,0,match
1q7kt13,1,25,25,0,match
1q7kts0,1,25,25,0,match
1q7kuam,1,25,25,0,match
1q7kuks,1,13,13,0,match
1q7kv0g,1,25,25,0,match
1q7kv55,1,25,25,0,match
1q7kvcr,1,25,25,0,match
1q7kvlf,1,25,25,0,match
1q7kvlx,1,8,8,0,match
1q7kvoe,1,25,25,0,match
1q7kvwt,1,9,9,0,match
1q7kvxk,1,4,4,0,match
1q7kw2c,1,1,1,0,match
1q7kw5d,1,25,25,0,match
1q7kwkr,1,25,25,0,match
1q7kwn8,1,25,25,0,match
1q7kx0v,1,9,9,0,match
1q7kx84,1,9,9,0,match
1q7kxm8,1,25,25,0,match
1q7kxmn,1,25,25,0,match
1q7kxsj,1,25,25,0,match
1q7kxwm,1,25,25,0,match
1q7ky3n,1,9,9,0,match
1q7kya3,1,1,1,0,match
1q7kyek,1,25,25,0,match
1q7kyt6,1,25,25,0,match
1q7kyx4,1,9,9,0,match
1q7kz4l,1,9,9,0,match
1q7kz8c,1,25,25,0,match
1q7kzfh,1,25,25,0,match
1q7kzhv,1,25,25,0,match
1q7kzns,1,25,25,0,match
1q7kzou,1,25,25,0,match
1q7kzq2,1,25,25,0,match
1q7l0br,1,9,9,0,match
1q7l0cv,1,5,5,0,match
1q7l0ti,1,25,25,0,match
1q7l1c6,1,25,25,0,match
1q7l1gd,1,25,25,0,match
1q7l1o6,1,25,25,0,match
1q7l1ul,1,26,26,0,match
1q7l1wc,1,1,1,0,match
1q7l351,1,25,25,0,match
1q7l39h,1,25,25,0,match
1q7l3b9,1,25,25,0,match
1q7l3iy,1,25,25,0,match
1q7l4x8,1,2,2,0,match
1q7l564,1,25,25,0,match
1q7l56u,1,25,25,0,match
1q7l5fg,1,25,25,0,match
1q7l5iw,1,25,25,0,match
1q7l5q5,1,25,25,0,match
1q7l5wm,1,25,25,0,match
1q7l65s,1,25,25,0,match
1q7l6cn,1,25,25,0,match
1q7l6it,1,25,25,0,match
1q7l6m6,1,25,25,0,match
1q7l6u2,1,25,25,0,match
1q7l7ax,1,25,25,0,match
1q7l7fd,1,25,25,0,match
1q7l7vl,1,25,25,0,match
1q7l8nq,1,8,8,0,match
1q7l8oi,1,25,25,0,match
1q7l93k,1,25,25,0,match
1q7l9o7,1,25,25,0,match
1q7l9uj,1,1,1,0,match
1q7l9vl,1,25,25,0,match
1q7l9wo,1,25,25,0,match
1q7l9xs,1,8,8,0,match
1q7la9f,1,25,25,0,match
1q7labn,1,16,16,0,match
1q7lali,1,25,25,0,match
1q7laph,1,25,25,0,match
1q7lar0,1,25,25,0,match
1q7lb7j,1,25,25,0,match
1q7lbat,1,24,24,0,match
1q7lbce,1,25,25,0,match
1q7lbjc,1,25,25,0,match
1q7lbkg,1,1,1,0,match
1q7lboj,1,25,25,0,match
1q7lcap,1,25,25,0,match
1q7lchs,1,25,25,0,match
1q7lcqg,1,2,2,0,match
1q7ld41,1,1,1,0,match
1q7ld6h,1,25,25,0,match
1q7ldrb,1,25,25,0,match
1q7ldvx,1,1,1,0,match
1q7le0c,1,25,25,0,match
1q7leds,1,4,4,0,match
1q7leny,1,25,25,0,match
1q7lf04,1,25,25,0,match
1q7lfen,1,1,1,0,match
1q7lfih,1,25,25,0,match
1q7lg6a,1,25,25,0,match
1q7lgbm,1,2,2,0,match
1q7lgc7,1,25,25,0,match
1q7lh3k,1,25,25,0,match
1q7lhbx,1,25,25,0,match
1q7lhfx,1,25,25,0,match
1q7lin0,1,2,2,0,match
1q7liqn,1,25,25,0,match
1q7ljp7,1,25,25,0,match
1q7ljq5,1,25,25,0,match
1q7lk2m,1,25,25,0,match
1q7lkq9,1,25,25,0,match
1q7lksk,1,25,25,0,match
1q7lktk,1,25,25,0,match
1q7llui,1,25,25,0,match
1q7lm18,1,25,25,0,match
1q7lm67,1,25,25,0,match
1q7lm7s,1,1,1,0,match
1q7lmjg,1,25,25,0,match
1q7lmm9,1,25,25,0,match
1q7lmoa,1,25,25,0,match
1q7lmqt,1,25,25,0,match
1q7lned,1,25,25,0,match
1q7lns8,1,24,24,0,match
1q7loqa,1,25,25,0,match
1q7lor6,1,1,1,0,match
1q7louf,1,1,1,0,match
1q7lp2y,1,25,25,0,match
1q7lp4m,1,25,25,0,match
1q7lp7y,1,25,25,0,match
1q7lpji,1,25,25,0,match
1q7lq8o,1,25,25,0,match
1q7lqhg,1,25,25,0,match
1q7lqp2,1,25,25,0,match
1q7lr11,1,25,25,0,match
1q7lrcx,1,25,25,0,match
1q7lroz,1,1,1,0,match
1q7ls4b,1,25,25,0,match
1q7ls67,1,25,25,0,match
1q7lser,1,2,2,0,match
1q7lsg1,1,25,25,0,match
1q7lsx7,1,25,25,0,match
1q7ltmz,1,25,25,0,match
1q7ltni,1,25,25,0,match
1q7ltyp,1,25,25,0,match
1q7lu0i,1,1,1,0,match
1q7lu1t,1,25,25,0,match
1q7lube,1,25,25,0,match
1q7luc0,1,25,25,0,match
1q7lutq,1,25,25,0,match
1q7lvam,1,26,26,0,match
1q7lvej,1,25,25,0,match
1q7lvia,1,26,26,0,match
1q7lvj5,1,26,26,0,match
1q7lvmx,1,26,26,0,match
1q7lvsl,1,26,26,0,match
1q7lvv6,1,26,26,0,match
1q7lw7b,1,25,25,0,match
1q7lw9p,1,25,25,0,match
1q7lx8z,1,25,25,0,match
1q7ly5h,1,25,25,0,match
1q7lybr,1,25,25,0,match
1q7lyf4,1,25,25,0,match
1q7lyrl,1,25,25,0,match
1q7lyyk,1,25,25,0,match
1q7lz5y,1,25,25,0,match
1q7lzvy,1,25,25,0,match
1q7m08c,1,3,3,0,match
1q7m08u,1,25,25,0,match
1q7m0uw,1,25,25,0,match
1q7m1al,1,25,25,0,match
1q7m1km,1,25,25,0,match
1q7m1ng,1,25,25,0,match
1q7m1u5,1,25,25,0,match
1q7m2jd,1,25,25,0,match
1q7m2ov,1,25,25,0,match
1q7m41j,1,25,25,0,match
1q7m4v6,1,25,25,0,match
1q7m53x,1,25,25,0,match
1q7m54h,1,25,25,0,match
1q7m572,1,2,2,0,match
1q7m5nj,1,25,25,0,match
1q7m5tn,1,25,25,0,match
1q7m5vz,1,25,25,0,match
1q7m5x4,1,25,25,0,match
1q7m6d1,1,25,25,0,match
1q7m6gr,1,25,25,0,match
1q7m7a2,1,25,25,0,match
1q7m8a0,1,25,25,0,match
1q7m8b3,1,25,25,0,match
1q7m8r1,1,25,25,0,match
1q7m8va,1,25,25,0,match
1q7m95n,1,25,25,0,match
1q7m9kx,1,19,19,0,match
1q7m9pf,1,26,26,0,match
1q7m9pn,1,26,26,0,match
1q7m9wo,1,26,26,0,match
1q7mah9,1,26,26,0,match
1q7mb90,1,26,26,0,match
1q7mbce,1,25,25,0,match
1q7mbci,1,25,25,0,match
1q7mbjj,1,25,25,0,match
1q7mbtb,1,1,1,0,match
1q7mbv4,1,25,25,0,match
1q7mc3j,1,25,25,0,match
1q7mcg7,1,25,25,0,match
1q7mcmb,1,25,25,0,match
1q7mct1,1,25,25,0,match
1q7mcy5,1,25,25,0,match
1q7mdcy,1,25,25,0,match
1q7mdpc,1,25,25,0,match
1q7medi,1,25,25,0,match
1q7megy,1,25,25,0,match
1q7mewq,1,25,25,0,match
1q7meyf,1,25,25,0,match
1q7mf7o,1,4,4,0,match
1q7mfe2,1,25,25,0,match
1q7mfk4,1,5,5,0,match
1q7mfkc,1,25,25,0,match
1q7mft2,1,25,25,0,match
1q7mg34,1,25,25,0,match
1q7mg9k,1,25,25,0,match
1q7mglh,1,25,25,0,match
1q7mgo7,1,25,25,0,match
1q7mh02,1,25,25,0,match
1q7mha4,1,25,25,0,match
1q7mhvh,1,26,26,0,match
1q7mij7,1,26,26,0,match
1q7mjfc,1,26,26,0,match
1q7mjie,1,26,26,0,match
1q7ml15,1,26,26,0,match
1q7ml7l,1,1,1,0,match
1q7mljn,1,26,26,0,match
1q7mlqk,1,26,26,0,match
1q7mlzn,1,26,26,0,match
1q7mmbt,1,26,26,0,match
1q7mnrp,1,26,26,0,match
1q7mnto,1,26,26,0,match
1q7mnz8,1,26,26,0,match
1q7moo3,1,26,26,0,match
1q7moqy,1,26,26,0,match
1q7motd,1,26,26,0,match
1q7mp11,1,4,4,0,match
1q7mp3k,1,26,26,0,match
1q7mpjr,1,1,1,0,match
1q7mpo7,1,26,26,0,match
1q7mpp0,1,26,26,0,match
1q7mpz8,1,26,26,0,match
1q7mqir,1,25,25,0,match
1q7ms4b,1,25,25,0,match
1q7ms4x,1,25,25,0,match
1q7mshz,1,25,25,0,match
1q7msw8,1,25,25,0,match
1q7mtf6,1,25,25,0,match
1q7mtf7,1,1,1,0,match
1q7mtlo,1,25,25,0,match
1q7muc6,1,1,1,0,match
1q7mun9,1,25,25,0,match
1q7mura,1,25,25,0,match
1q7mv70,1,1,1,0,match
1q7mvmx,1,25,25,0,match
1q7mvnw,1,25,25,0,match
1q7mvvz,1,25,25,0,match
1q7mwgi,1,25,25,0,match
1q7mwln,1,26,26,0,match
1q7mxba,1,26,26,0,match
1q7mxbi,1,2,2,0,match
1q7mxjp,1,26,26,0,match
1q7mxli,1,26,26,0,match
1q7mxp2,1,26,26,0,match
1q7mxp3,1,26,26,0,match
1q7my40,1,26,26,0,match
1q7my6b,1,3,3,0,match
1q7myvr,1,26,26,0,match
1q7mzi0,1,26,26,0,match
1q7mzkf,1,26,26,0,match
1q7n043,1,26,26,0,match
1q7n0mv,1,26,26,0,match
1q7n11s,1,26,26,0,match
1q7n13q,1,26,26,0,match
1q7n1vl,1,26,26,0,match
1q7n201,1,2,2,0,match
1q7n22v,1,26,26,0,match
1q7n23f,1,26,26,0,match
1q7n26s,1,26,26,0,match
1q7n28u,1,1,1,0,match
1q7n33c,1,26,26,0,match
1q7n35y,1,1,1,0,match
1q7n38j,1,27,27,0,match
1q7n3e7,1,1,1,0,match
1q7n3gh,1,27,27,0,match
1q7n3sn,1,1,1,0,match
1q7n40z,1,27,27,0,match
1q7n46b,1,27,27,0,match
1q7n48x,1,27,27,0,match
1q7n49w,1,27,27,0,match
1q7n4a1,1,27,27,0,match
1q7n4ed,1,27,27,0,match
1q7n4kw,1,27,27,0,match
1q7n51o,1,26,26,0,match
1q7n58i,1,26,26,0,match
1q7n5f0,1,26,26,0,match
1q7n5gh,1,26,26,0,match
1q7n5v1,1,26,26,0,match
1q7n6lp,1,26,26,0,match
1q7n6u4,1,26,26,0,match
1q7n85i,1,26,26,0,match
1q7n89b,1,26,26,0,match
1q7n8jv,1,26,26,0,match
1q7n8nu,1,26,26,0,match
1q7n8pu,1,26,26,0,match
1q7n95m,1,26,26,0,match
1q7n961,1,26,26,0,match
1q7n9un,1,26,26,0,match
1q7na0h,1,26,26,0,match
1q7na8j,1,26,26,0,match
1q7nap7,1,26,26,0,match
1q7nbpl,1,26,26,0,match
1q7ncft,1,26,26,0,match
1q7nczf,1,26,26,0,match
1q7nczo,1,1,1,0,match
1q7nd6p,1,26,26,0,match
1q7ndjw,1,26,26,0,match
1q7ndky,1,26,26,0,match
1q7ndpw,1,27,27,0,match
1q7ndrp,1,27,27,0,match
1q7ndv3,1,27,27,0,match
1q7ne12,1,27,27,0,match
1q7neg7,1,27,27,0,match
1q7nesy,1,27,27,0,match
1q7nev5,1,27,27,0,match
1q7nfzu,1,27,27,0,match
1q7ng0i,1,1,1,0,match
1q7ng94,1,27,27,0,match
1q7nghx,1,27,27,0,match
1q7nhoo,1,27,27,0,match
1q7nhsx,1,27,27,0,match
1q7ni5r,1,27,27,0,match
1q7ni8c,1,1,1,0,match
1q7nifg,1,12,12,0,match
1q7nijv,1,10,10,0,match
1q7nirz,1,27,27,0,match
1q7nj1f,1,27,27,0,match
1q7nj52,1,27,27,0,match
1q7njcw,1,27,27,0,match
1q7njen,1,27,27,0,match
1q7njf2,1,27,27,0,match
1q7njr4,1,1,1,0,match
1q7njwg,1,26,26,0,match
1q7njya,1,26,26,0,match
1q7nk9r,1,26,26,0,match
1q7nklm,1,26,26,0,match
1q7nl09,1,26,26,0,match
1q7nl4g,1,26,26,0,match
1q7nla9,1,26,26,0,match
1q7nllj,1,26,26,0,match
1q7nlso,1,26,26,0,match
1q7nn5o,1,26,26,0,match
1q7nop5,1,26,26,0,match
1q7nopn,1,26,26,0,match
1q7np45,1,26,26,0,match
1q7np5j,1,1,1,0,match
1q7npms,1,5,5,0,match
1q7npr0,1,1,1,0,match
1q7nqdk,1,26,26,0,match
1q7nqev,1,26,26,0,match
1q7nqfp,1,26,26,0,match
1q7nqj3,1,26,26,0,match
1q7nqts,1,26,26,0,match
1q7nqym,1,26,26,0,match
1q7nr1l,1,26,26,0,match
1q7nr7g,1,26,26,0,match
1q7nrb2,1,26,26,0,match
1q7nrck,1,26,26,0,match
1q7nsml,1,26,26,0,match
1q7nt0i,1,7,7,0,match
1q7ntbr,1,26,26,0,match
1q7ntdo,1,26,26,0,match
1q7ntg0,1,26,26,0,match
1q7ntjm,1,27,27,0,match
1q7ntnb,1,27,27,0,match
1q7nttd,1,27,27,0,match
1q7nu4b,1,27,27,0,match
1q7nui6,1,27,27,0,match
1q7nuxs,1,27,27,0,match
1q7nuyg,1,27,27,0,match
1q7nuyt,1,1,1,0,match
1q7nv84,1,1,1,0,match
1q7nvet,1,5,5,0,match
1q7nwrb,1,1,1,0,match
1q7nwsq,1,27,27,0,match
1q7nwxj,1,27,27,0,match
1q7nx2k,1,27,27,0,match
1q7nxth,1,27,27,0,match
1q7nyck,1,26,26,0,match
1q7nyoj,1,26,26,0,match
1q7nytn,1,26,26,0,match
1q7nytq,1,26,26,0,match
1q7nyzf,1,26,26,0,match
1q7nzb7,1,26,26,0,match
1q7nzny,1,26,26,0,match
1q7nzpq,1,26,26,0,match
1q7nzym,1,26,26,0,match
1q7o0ic,1,1,1,0,match
1q7o0ys,1,26,26,0,match
1q7o11e,1,26,26,0,match
1q7o1d4,1,26,26,0,match
1q7o1pl,1,26,26,0,match
1q7o246,1,26,26,0,match
1q7o2wu,1,26,26,0,match
1q7o39c,1,26,26,0,match
1q7o3mw,1,26,26,0,match
1q7o40l,1,27,27,0,match
1q7o4cz,1,27,27,0,match
1q7o4s4,1,27,27,0,match
1q7o541,1,27,27,0,match
1q7o5n2,1,27,27,0,match
1q7o6a5,1,27,27,0,match
1q7o6qm,1,2,2,0,match
1q7o6r3,1,27,27,0,match
1q7o6yd,1,27,27,0,match
1q7o6z9,1,27,27,0,match
1q7o7ck,1,27,27,0,match
1q7o7n0,1,1,1,0,match
1q7o7x0,1,27,27,0,match
1q7o8n0,1,27,27,0,match
1q7o928,1,27,27,0,match
1q7o9l1,1,27,27,0,match
1q7o9le,1,1,1,0,match
1q7o9nl,1,2,2,0,match
1q7o9va,1,27,27,0,match
1q7oa2c,1,27,27,0,match
1q7ob03,1,27,27,0,match
1q7obcn,1,27,27,0,match
1q7obcs,1,10,10,0,match
1q7obkd,1,27,27,0,match
1q7obqy,1,27,27,0,match
1q7obt9,1,27,27,0,match
1q7oceo,1,1,1,0,match
1q7och2,1,27,27,0,match
1q7ocwd,1,27,27,0,match
1q7od1c,1,27,27,0,match
1q7od24,1,27,27,0,match
1q7odb6,1,26,26,0,match
1q7odhg,1,26,26,0,match
1q7odid,1,26,26,0,match
1q7odmu,1,26,26,0,match
1q7odwq,1,2,2,0,match
1q7oe0q,1,26,26,0,match
1q7oed0,1,9,9,0,match
1q7oeje,1,26,26,0,match
1q7oekp,1,26,26,0,match
1q7oem5,1,26,26,0,match
1q7oen7,1,26,26,0,match
1q7oet5,1,26,26,0,match
1q7oew0,1,26,26,0,match
1q7of12,1,27,27,0,match
1q7of7y,1,27,27,0,match
1q7oh96,1,27,27,0,match
1q7ohb7,1,27,27,0,match
1q7ohg4,1,27,27,0,match
1q7oi6e,1,27,27,0,match
1q7oi85,1,27,27,0,match
1q7oirh,1,27,27,0,match
1q7oj1z,1,27,27,0,match
1q7ojsg,1,27,27,0,match
1q7ojuz,1,27,27,0,match
1q7ojzz,1,27,27,0,match
1q7ok54,1,27,27,0,match
1q7okhl,1,27,27,0,match
1q7okmj,1,27,27,0,match
1q7okn7,1,1,1,0,match
1q7oly8,1,27,27,0,match
1q7on5l,1,27,27,0,match
1q7onlv,1,27,27,0,match
1q7onth,1,27,27,0,match
1q7onx3,1,5,5,0,match
1q7ooc1,1,27,27,0,match
1q7oocg,1,1,1,0,match
1q7oofr,1,27,27,0,match
1q7oq4i,1,27,27,0,match
1q7oqhp,1,27,27,0,match
1q7oqv2,1,27,27,0,match
1q7or7m,1,27,27,0,match
1q7orpl,1,27,27,0,match
1q7os4z,1,10,10,0,match
1q7os9w,1,2,2,0,match
1q7osa9,1,26,26,0,match
1q7osgo,1,2,2,0,match
1q7otmq,1,26,26,0,match
1q7ouup,1,26,26,0,match
1q7ovnq,1,26,26,0,match
1q7ovpl,1,26,26,0,match
1q7ovwy,1,26,26,0,match
1q7ovxb,1,26,26,0,match
1q7ow3c,1,3,3,0,match
1q7ow65,1,26,26,0,match
1q7owf5,1,27,27,0,match
1q7oxcs,1,4,4,0,match
1q7oxe1,1,27,27,0,match
1q7oxus,1,27,27,0,match
1q7oxw7,1,27,27,0,match
1q7oy3m,1,27,27,0,match
1q7oyoa,1,27,27,0,match
1q7oyxi,1,27,27,0,match
1q7oyy7,1,27,27,0,match
1q7oz5m,1,27,27,0,match
1q7ozac,1,27,27,0,match
1q7ozo4,1,15,15,0,match
1q7p0mm,1,27,27,0,match
1q7p0pk,1,27,27,0,match
1q7p0vp,1,27,27,0,match
1q7p1eh,1,27,27,0,match
1q7p1gm,1,27,27,0,match
1q7p1jc,1,27,27,0,match
1q7p1ur,1,27,27,0,match
1q7p240,1,2,2,0,match
1q7p25t,1,27,27,0,match
1q7p2fa,1,27,27,0,match
1q7p2jn,1,27,27,0,match
1q7p3jw,1,27,27,0,match
1q7p418,1,27,27,0,match
1q7p41d,1,27,27,0,match
1q7p49l,1,2,2,0,match
1q7p4fc,1,27,27,0,match
1q7p59p,1,27,27,0,match
1q7p5w2,1,27,27,0,match
1q7p61h,1,27,27,0,match
1q7p63n,1,27,27,0,match
1q7p6e0,1,27,27,0,match
1q7p709,1,26,26,0,match
1q7p78h,1,26,26,0,match
1q7p8n6,1,26,26,0,match
1q7p8o0,1,27,27,0,match
1q7p98e,1,27,27,0,match
1q7p9c8,1,3,3,0,match
1q7pa3l,1,27,27,0,match
1q7pa7j,1,27,27,0,match
1q7paar,1,27,27,0,match
1q7paia,1,27,27,0,match
1q7paq2,1,27,27,0,match
1q7pbe1,1,27,27,0,match
1q7pbpf,1,27,27,0,match
1q7pbum,1,27,27,0,match
1q7pc31,1,27,27,0,match
1q7pcc2,1,27,27,0,match
1q7pdcv,1,27,27,0,match
1q7pdfo,1,27,27,0,match
1q7pdgk,1,27,27,0,match
1q7pdka,1,27,27,0,match
1q7pe3k,1,16,16,0,match
1q7pf1k,1,28,28,0,match
1q7pf4w,1,28,28,0,match
1q7pf7c,1,28,28,0,match
1q7pg22,1,28,28,0,match
1q7pgfe,1,28,28,0,match
1q7pgfg,1,6,6,0,match
1q7pgjb,1,28,28,0,match
1q7pgnp,1,28,28,0,match
1q7pgyb,1,28,28,0,match
1q7phk6,1,1,1,0,match
1q7phns,1,28,28,0,match
1q7phpu,1,14,14,0,match
1q7pics,1,28,28,0,match
1q7pikj,1,28,28,0,match
1q7pimb,1,27,27,0,match
1q7pivk,1,28,28,0,match
1q7pk0t,1,28,28,0,match
1q7pkdq,1,28,28,0,match
1q7pkfr,1,28,28,0,match
1q7pkq1,1,24,24,0,match
1q7pkr9,1,3,3,0,match
1q7pl5e,1,28,28,0,match
1q7plbn,1,28,28,0,match
1q7pll9,1,28,28,0,match
1q7plpz,1,1,1,0,match
1q7plvr,1,4,4,0,match
1q7pm0f,1,27,27,0,match
1q7pmhv,1,27,27,0,match
1q7pmwd,1,27,27,0,match
1q7pn7t,1,27,27,0,match
1q7po1s,1,27,27,0,match
1q7pom9,1,27,27,0,match
1q7ponc,1,27,27,0,match
1q7pp12,1,27,27,0,match
1q7pp3y,1,27,27,0,match
1q7pp61,1,27,27,0,match
1q7pp6c,1,27,27,0,match
1q7ppy2,1,27,27,0,match
1q7pqko,1,27,27,0,match
1q7ps6i,1,27,27,0,match
1q7pt0e,1,27,27,0,match
1q7ptno,1,28,28,0,match
1q7pu2u,1,28,28,0,match
1q7puae,1,28,28,0,match
1q7pufr,1,28,28,0,match
1q7pvxr,1,28,28,0,match
1q7pw0s,1,28,28,0,match
1q7pw3p,1,28,28,0,match
1q7pw5k,1,28,28,0,match
1q7pwb5,1,3,3,0,match
1q7pwkm,1,28,28,0,match
1q7pwwq,1,17,17,0,match
1q7px31,1,28,28,0,match
1q7pxy7,1,28,28,0,match
1q7py6e,1,28,28,0,match
1q7py9n,1,28,28,0,match
1q7pycj,1,28,28,0,match
1q7pyj9,1,28,28,0,match
1q7pyp6,1,28,28,0,match
1q7pyr0,1,28,28,0,match
1q7pyrq,1,28,28,0,match
1q7pz18,1,28,28,0,match
1q7q0bt,1,28,28,0,match
1q7q0f3,1,5,5,0,match
1q7q0xy,1,27,27,0,match
1q7q1m1,1,27,27,0,match
1q7q2dy,1,27,27,0,match
1q7q2ev,1,2,2,0,match
1q7q2q9,1,27,27,0,match
1q7q325,1,4,4,0,match
1q7q3c4,1,27,27,0,match
1q7q3rq,1,27,27,0,match
1q7q3wm,1,27,27,0,match
1q7q4i3,1,27,27,0,match
1q7q4u0,1,27,27,0,match
1q7q4yw,1,27,27,0,match
1q7q53c,1,9,9,0,match
1q7q5rz,1,27,27,0,match
1q7q7x1,1,28,28,0,match
1q7q8bf,1,3,3,0,match
1q7q8i7,1,28,28,0,match
1q7q8km,1,28,28,0,match
1q7q8kv,1,2,2,0,match
1q7q8ry,1,28,28,0,match
1q7q9d2,1,28,28,0,match
1q7q9jp,1,28,28,0,match
1q7q9t5,1,28,28,0,match
1q7qaa1,1,28,28,0,match
1q7qahx,1,28,28,0,match
1q7qalp,1,28,28,0,match
1q7qao3,1,28,28,0,match
1q7qap8,1,28,28,0,match
1q7qau6,1,28,28,0,match
1q7qav8,1,28,28,0,match
1q7qbc7,1,28,28,0,match
1q7qbsl,1,2,2,0,match
1q7qbsq,1,28,28,0,match
1q7qbt9,1,28,28,0,match
1q7qc22,1,3,3,0,match
1q7qc4l,1,28,28,0,match
1q7qcju,1,28,28,0,match
1q7qcvw,1,28,28,0,match
1q7qd7j,1,28,28,0,match
1q7qd8o,1,28,28,0,match
1q7qd9v,1,28,28,0,match
1q7qdeb,1,28,28,0,match
1q7qdmv,1,28,28,0,match
1q7qe58,1,28,28,0,match
1q7qek6,1,27,27,0,match
1q7qep5,1,27,27,0,match
1q7qezg,1,28,28,0,match
1q7qf3f,1,28,28,0,match
1q7qf3h,1,28,28,0,match
1q7qf4c,1,28,28,0,match
1q7qfbz,1,28,28,0,match
1q7qfe5,1,28,28,0,match
1q7qfen,1,28,28,0,match
1q7qfuw,1,28,28,0,match
1q7qgcr,1,28,28,0,match
1q7qgkw,1,28,28,0,match
1q7qh55,1,28,28,0,match
1q7qhh5,1,28,28,0,match
1q7qhrt,1,28,28,0,match
1q7qhxo,1,28,28,0,match
1q7qi7u,1,28,28,0,match
1q7qifb,1,28,28,0,match
1q7qins,1,1,1,0,match
1q7qivc,1,28,28,0,match
1q7qixm,1,28,28,0,match
1q7qjcm,1,28,28,0,match
1q7qjnx,1,28,28,0,match
1q7qkgo,1,28,28,0,match
1q7qkh2,1,28,28,0,match
1q7qkqq,1,28,28,0,match
1q7qkyp,1,28,28,0,match
1q7ql1y,1,1,1,0,match
1q7qle1,1,28,28,0,match
1q7qlsw,1,28,28,0,match
1q7qlxt,1,28,28,0,match
1q7qm40,1,28,28,0,match
1q7qmbk,1,29,29,0,match
1q7qmnw,1,3,3,0,match
1q7qmsm,1,29,29,0,match
1q7qnnm,1,29,29,0,match
1q7qo93,1,29,29,0,match
1q7qomf,1,29,29,0,match
1q7qoou,1,29,29,0,match
1q7qpgp,1,29,29,0,match
1q7qpnq,1,29,29,0,match
1q7qq6u,1,29,29,0,match
1q7qq8k,1,29,29,0,match
1q7qr3u,1,29,29,0,match
1q7qrey,1,29,29,0,match
1q7qrhx,1,29,29,0,match
1q7qrwn,1,29,29,0,match
1q7qs38,1,29,29,0,match
1q7qsmm,1,28,28,0,match
1q7qsxi,1,12,12,0,match
1q7qt6b,1,28,28,0,match
1q7qt84,1,28,28,0,match
1q7qti2,1,28,28,0,match
1q7qtih,1,3,3,0,match
1q7qtnw,1,29,29,0,match
1q7qtzv,1,29,29,0,match
1q7qugs,1,29,29,0,match
1q7qve3,1,1,1,0,match
1q7qvut,1,29,29,0,match
1q7qw3g,1,29,29,0,match
1q7qw6t,1,29,29,0,match
1q7qxk0,1,29,29,0,match
1q7qxlp,1,29,29,0,match
1q7qxy7,1,29,29,0,match
1q7qy3i,1,29,29,0,match
1q7qynp,1,22,22,0,match
1q7qyqf,1,29,29,0,match
1q7qysf,1,29,29,0,match
1q7qyvm,1,29,29,0,match
1q7qz2f,1,29,29,0,match
1q7qz43,1,29,29,0,match
1q7qz82,1,29,29,0,match
1q7r01w,1,29,29,0,match
1q7r0kd,1,2,2,0,match
1q7r0xm,1,29,29,0,match
1q7r17k,1,29,29,0,match
1q7r1cg,1,29,29,0,match
1q7r1g3,1,29,29,0,match
1q7r1iu,1,29,29,0,match
1q7r1rf,1,29,29,0,match
1q7r205,1,29,29,0,match
1q7r233,1,29,29,0,match
1q7r27c,1,29,29,0,match
1q7r29d,1,29,29,0,match
1q7r2gc,1,29,29,0,match
1q7r2ul,1,29,29,0,match
1q7r33y,1,30,30,0,match
1q7r3o3,1,30,30,0,match
1q7r3vh,1,9,9,0,match
1q7r3wy,1,30,30,0,match
1q7r4d0,1,7,7,0,match
1q7r4eb,1,30,30,0,match
1q7r58k,1,30,30,0,match
1q7r5ew,1,30,30,0,match
1q7r5kc,1,30,30,0,match
1q7r5sx,1,30,30,0,match
1q7r6pa,1,29,29,0,match
1q7r6wy,1,29,29,0,match
1q7r6xa,1,29,29,0,match
1q7r6yj,1,29,29,0,match
1q7r79v,1,29,29,0,match
1q7r7a4,1,29,29,0,match
1q7r7dn,1,29,29,0,match
1q7r7hy,1,29,29,0,match
1q7r7yj,1,29,29,0,match
1q7r88k,1,29,29,0,match
1q7r89o,1,29,29,0,match
1q7r8c3,1,29,29,0,match
1q7r8ml,1,29,29,0,match
1q7r8v5,1,29,29,0,match
1q7r8yj,1,29,29,0,match
1q7r94f,1,18,18,0,match
1q7r98o,1,30,30,0,match
1q7r9am,1,6,6,0,match
1q7r9bg,1,30,30,0,match
1q7r9dv,1,4,4,0,match
1q7r9md,1,30,30,0,match
1q7r9qj,1,30,30,0,match
1q7r9xn,1,30,30,0,match
1q7rbgf,1,30,30,0,match
1q7rbzf,1,30,30,0,match
1q7rc63,1,30,30,0,match
1q7rc7r,1,30,30,0,match
1q7rd1k,1,30,30,0,match
1q7rd9b,1,30,30,0,match
1q7rdcr,1,30,30,0,match
1q7re3d,1,30,30,0,match
1q7rel2,1,30,30,0,match
1q7rexl,1,30,30,0,match
1q7rf14,1,30,30,0,match
1q7rf1a,1,30,30,0,match
1q7rfgr,1,30,30,0,match
1q7rfxs,1,30,30,0,match
1q7rh0i,1,30,30,0,match
1q7rh6y,1,30,30,0,match
1q7rhq4,1,30,30,0,match
1q7rhrm,1,30,30,0,match
1q7ri6e,1,4,4,0,match
1q7ri6j,1,30,30,0,match
1q7rif8,1,30,30,0,match
1q7riq4,1,30,30,0,match
1q7risz,1,30,30,0,match
1q7rjpb,1,30,30,0,match
1q7rjyi,1,30,30,0,match
1q7rjzm,1,30,30,0,match
1q7rk18,1,30,30,0,match
1q7rk47,1,30,30,0,match
1q7rk69,1,30,30,0,match
1q7rk6r,1,30,30,0,match
1q7rk8q,1,1,1,0,match
1q7rkx4,1,29,29,0,match
1q7rllm,1,29,29,0,match
1q7rm5u,1,29,29,0,match
1q7rmgi,1,29,29,0,match
1q7rmvs,1,29,29,0,match
1q7rnaa,1,29,29,0,match
1q7rng0,1,14,14,0,match
1q7rnow,1,12,12,0,match
1q7rnro,1,30,30,0,match
1q7rnv4,1,30,30,0,match
1q7rnzc,1,30,30,0,match
1q7ro61,1,30,30,0,match
1q7rpil,1,30,30,0,match
1q7rpjk,1,12,12,0,match
1q7rq0x,1,30,30,0,match
1q7rq1j,1,30,30,0,match
1q7rqco,1,30,30,0,match
1q7rqd6,1,30,30,0,match
1q7rr1s,1,30,30,0,match
1q7rra2,1,30,30,0,match
1q7rrxa,1,30,30,0,match
1q7rsg6,1,30,30,0,match
1q7rsp5,1,30,30,0,match
1q7rt3x,1,13,13,0,match
1q7rtik,1,4,4,0,match
1q7rtj9,1,30,30,0,match
1q7rtmb,1,3,3,0,match
1q7rug9,1,30,30,0,match
1q7runm,1,31,31,0,match
1q7ruod,1,31,31,0,match
1q7rutg,1,31,31,0,match
1q7ruuk,1,31,31,0,match
1q7ruv0,1,31,31,0,match
1q7ruw5,1,26,26,0,match
1q7ruzl,1,31,31,0,match
1q7rv5e,1,4,4,0,match
1q7rw38,1,4,4,0,match
1q7rwal,1,31,31,0,match
1q7rwas,1,31,31,0,match
1q7rwzi,1,31,31,0,match
1q7rx4c,1,31,31,0,match
1q7rxl3,1,31,31,0,match
1q7rxnj,1,31,31,0,match
1q7ry1j,1,30,30,0,match
1q7ry8h,1,30,30,0,match
1q7rydu,1,30,30,0,match
1q7ryxr,1,1,1,0,match
1q7rzf3,1,30,30,0,match
1q7rzn0,1,30,30,0,match
1q7rzr6,1,4,4,0,match
1q7s0ap,1,30,30,0,match
1q7s12b,1,30,30,0,match
1q7s160,1,3,3,0,match
1q7s1cx,1,30,30,0,match
1q7s1k3,1,30,30,0,match
1q7s2ju,1,30,30,0,match
1q7s2zi,1,30,30,0,match
1q7s3ch,1,30,30,0,match
1q7s3dd,1,1,1,0,match
1q7s3ja,1,30,30,0,match
1q7s3l0,1,31,31,0,match
1q7s3pu,1,31,31,0,match
1q7s3yr,1,31,31,0,match
1q7s4rx,1,31,31,0,match
1q7s5j7,1,31,31,0,match
1q7s5wq,1,31,31,0,match
1q7s6f8,1,31,31,0,match
1q7s70l,1,31,31,0,match
1q7s76i,1,12,12,0,match
1q7s7tm,1,31,31,0,match
1q7s7tt,1,31,31,0,match
1q7s899,1,31,31,0,match
1q7s8nk,1,31,31,0,match
1q7s8s7,1,31,31,0,match
1q7s8y8,1,31,31,0,match
1q7s9eg,1,1,1,0,match
1q7s9f1,1,31,31,0,match
1q7s9xo,1,31,31,0,match
1q7sa72,1,31,31,0,match
1q7saax,1,31,31,0,match
1q7sace,1,31,31,0,match
1q7sahw,1,31,31,0,match
1q7sakm,1,31,31,0,match
1q7saq6,1,31,31,0,match
1q7saut,1,31,31,0,match
1q7sb7u,1,1,1,0,match
1q7sbal,1,30,30,0,match
1q7sbkj,1,30,30,0,match
1q7sbln,1,31,31,0,match
1q7sbyk,1,31,31,0,match
1q7sc55,1,31,31,0,match
1q7scfb,1,31,31,0,match
1q7scq7,1,31,31,0,match
1q7sdwb,1,31,31,0,match
1q7sdy0,1,31,31,0,match
1q7sehp,1,31,31,0,match
1q7sfbl,1,31,31,0,match
1q7sg4r,1,31,31,0,match
1q7sgd1,1,31,31,0,match
1q7sh9p,1,31,31,0,match
1q7shbo,1,31,31,0,match
1q7shbw,1,31,31,0,match
1q7shdi,1,31,31,0,match
1q7shkk,1,31,31,0,match
1q7shue,1,31,31,0,match
1q7shul,1,31,31,0,match
1q7si08,1,31,31,0,match
1q7siej,1,31,31,0,match
1q7sijl,1,31,31,0,match
1q7sjh8,1,31,31,0,match
1q7sldy,1,31,31,0,match
1q7slgp,1,31,31,0,match
1q7slkv,1,31,31,0,match
1q7slp2,1,31,31,0,match
1q7sm89,1,31,31,0,match
1q7sm94,1,31,31,0,match
1q7smfb,1,32,32,0,match
1q7smiq,1,32,32,0,match
1q7snde,1,32,32,0,match
1q7snvq,1,32,32,0,match
1q7sp6t,1,31,31,0,match
1q7spb3,1,31,31,0,match
1q7spdl,1,31,31,0,match
1q7sphz,1,5,5,0,match
1q7sqow,1,31,31,0,match
1q7sqyn,1,31,31,0,match
1q7sret,1,31,31,0,match
1q7srt0,1,31,31,0,match
1q7srta,1,31,31,0,match
1q7ss65,1,31,31,0,match
1q7ssmn,1,31,31,0,match
1q7sspp,1,2,2,0,match
1q7sswp,1,31,31,0,match
1q7stis,1,31,31,0,match
1q7suqk,1,1,1,0,match
1q7sv0i,1,31,31,0,match
1q7swp5,1,31,31,0,match
1q7swvk,1,31,31,0,match
1q7swwq,1,29,29,0,match
1q7sx70,1,31,31,0,match
1q7sxdm,1,31,31,0,match
1q7sxi9,1,31,31,0,match
1q7sxib,1,31,31,0,match
1q7sypv,1,31,31,0,match
1q7syy0,1,32,32,0,match
1q7syze,1,1,1,0,match
1q7sz65,1,9,9,0,match
1q7szu1,1,32,32,0,match
1q7szuf,1,32,32,0,match
1q7t0oc,1,32,32,0,match
1q7t0t1,1,32,32,0,match
1q7t0w0,1,32,32,0,match
1q7t137,1,32,32,0,match
1q7t13j,1,32,32,0,match
1q7t1b2,1,32,32,0,match
1q7t1ne,1,32,32,0,match
1q7t1wy,1,31,31,0,match
1q7t1zy,1,31,31,0,match
1q7t23m,1,32,32,0,match
1q7t2gp,1,32,32,0,match
1q7t2lh,1,32,32,0,match
1q7t352,1,1,1,0,match
1q7t48g,1,32,32,0,match
1q7t4cl,1,32,32,0,match
1q7t4h4,1,33,33,0,match
1q7t5hy,1,32,32,0,match
1q7t7b2,1,32,32,0,match
1q7t7fb,1,32,32,0,match
1q7t8aj,1,32,32,0,match
1q7t8vy,1,32,32,0,match
1q7t90z,1,32,32,0,match
1q7t94r,1,4,4,0,match
1q7t9dn,1,32,32,0,match
1q7t9oq,1,32,32,0,match
1q7tahy,1,32,32,0,match
1q7tasm,1,2,2,0,match
1q7taxh,1,32,32,0,match
1q7tbd3,1,32,32,0,match
1q7tcgj,1,32,32,0,match
1q7tdz9,1,32,32,0,match
1q7te9g,1,32,32,0,match
1q7teaf,1,4,4,0,match
1q7teg0,1,32,32,0,match
1q7teks,1,32,32,0,match
1q7tesz,1,10,10,0,match
1q7tewo,1,1,1,0,match
1q7tf6w,1,31,31,0,match
1q7tfrz,1,31,31,0,match
1q7tfxx,1,31,31,0,match
1q7tg05,1,31,31,0,match
1q7tg2q,1,4,4,0,match
1q7tg7g,1,31,31,0,match
1q7tgki,1,31,31,0,match
1q7tgn6,1,15,15,0,match
1q7tgnj,1,32,32,0,match
1q7tgsk,1,32,32,0,match
1q7tgvs,1,32,32,0,match
1q7th34,1,32,32,0,match
1q7thlm,1,32,32,0,match
1q7thmz,1,32,32,0,match
1q7thnr,1,32,32,0,match
1q7thsj,1,32,32,0,match
1q7ti1e,1,32,32,0,match
1q7tifz,1,32,32,0,match
1q7tiid,1,32,32,0,match
1q7tj79,1,32,32,0,match
1q7tj94,1,1,1,0,match
1q7tjtl,1,32,32,0,match
1q7tjvv,1,32,32,0,match
1q7tkk7,1,32,32,0,match
1q7tkow,1,14,14,0,match
1q7tlnd,1,32,32,0,match
1q7tlpc,1,32,32,0,match
1q7tlpx,1,32,32,0,match
1q7tlqb,1,32,32,0,match
1q7tlta,1,32,32,0,match
1q7tm1q,1,1,1,0,match
1q7tm4n,1,1,1,0,match
1q7tm56,1,32,32,0,match
1q7tm6h,1,32,32,0,match
1q7tm70,1,32,32,0,match
1q7tmnc,1,32,32,0,match
1q7tmnt,1,32,32,0,match
1q7tmp2,1,32,32,0,match
1q7tn5g,1,32,32,0,match
1q7tn8p,1,33,33,0,match
1q7tnb0,1,2,2,0,match
1q7tngw,1,1,1,0,match
1q7tnyl,1,33,33,0,match
1q7tnzt,1,33,33,0,match
1q7to0i,1,2,2,0,match
1q7to12,1,33,33,0,match
1q7to1m,1,33,33,0,match
1q7to1v,1,33,33,0,match
1q7to4p,1,33,33,0,match
1q7toab,1,1,1,0,match
1q7todx,1,33,33,0,match
1q7toh5,1,33,33,0,match
1q7toie,1,33,33,0,match
1q7tou1,1,33,33,0,match
1q7tozt,1,33,33,0,match
1q7tp2z,1,33,33,0,match
1q7tp8a,1,33,33,0,match
1q7tpxq,1,33,33,0,match
1q7tq0a,1,33,33,0,match
1q7tq10,1,33,33,0,match
1q7tq9b,1,33,33,0,match
1q7tqe5,1,33,33,0,match
1q7tqfy,1,33,33,0,match
1q7tqw2,1,33,33,0,match
1q7tqw6,1,33,33,0,match
1q7tr3n,1,33,33,0,match
1q7trh0,1,33,33,0,match
1q7tslu,1,32,32,0,match
1q7tste,1,32,32,0,match
1q7tt7r,1,32,32,0,match
1q7tu6b,1,32,32,0,match
1q7tucl,1,32,32,0,match
1q7tv87,1,32,32,0,match
1q7tva8,1,6,6,0,match
1q7tvo7,1,32,32,0,match
1q7tvpb,1,32,32,0,match
1q7twkm,1,32,32,0,match
1q7twxs,1,32,32,0,match
1q7tx5n,1,32,32,0,match
1q7ty6q,1,32,32,0,match
1q7tylq,1,32,32,0,match
1q7tz7s,1,33,33,0,match
1q7tzah,1,33,33,0,match
1q7tztc,1,33,33,0,match
1q7u04u,1,33,33,0,match
1q7u07y,1,33,33,0,match
1q7u0lm,1,33,33,0,match
1q7u1z2,1,33,33,0,match
1q7u1zg,1,33,33,0,match
1q7u2l4,1,33,33,0,match
1q7u303,1,33,33,0,match
1q7u3cq,1,33,33,0,match
1q7u47c,1,33,33,0,match
1q7u4pb,1,33,33,0,match
1q7u5ij,1,32,32,0,match
1q7u5jg,1,32,32,0,match
1q7u6wv,1,32,32,0,match
1q7u7q3,1,32,32,0,match
1q7u7yd,1,32,32,0,match
1q7u931,1,32,32,0,match
1q7u93l,1,32,32,0,match
1q7u9dd,1,32,32,0,match
1q7u9ez,1,32,32,0,match
1q7ualu,1,32,32,0,match
1q7uana,1,32,32,0,match
1q7uaon,1,32,32,0,match
1q7ub9z,1,32,32,0,match
1q7ubnn,1,32,32,0,match
1q7ubvj,1,32,32,0,match
1q7udjk,1,33,33,0,match
1q7udjp,1,33,33,0,match
1q7udm3,1,33,33,0,match
1q7udsa,1,33,33,0,match
1q7ue79,1,33,33,0,match
1q7uea4,1,33,33,0,match
1q7uear,1,33,33,0,match
1q7uefb,1,33,33,0,match
1q7uej0,1,33,33,0,match
1q7uejw,1,33,33,0,match
1q7uest,1,33,33,0,match
1q7uf5u,1,3,3,0,match
1q7uf9c,1,33,33,0,match
1q7ug49,1,2,2,0,match
1q7ug80,1,33,33,0,match
1q7ugae,1,1,1,0,match
1q7ugjw,1,5,5,0,match
1q7ugtf,1,33,33,0,match
1q7uhfn,1,33,33,0,match
1q7uhu6,1,4,4,0,match
1q7ui6j,1,32,32,0,match
1q7uie5,1,32,32,0,match
1q7uj3t,1,32,32,0,match
1q7ukeb,1,32,32,0,match
1q7ukjw,1,32,32,0,match
1q7ukr1,1,32,32,0,match
1q7ul22,1,32,32,0,match
1q7uliz,1,32,32,0,match
1q7ulr9,1,32,32,0,match
1q7um1p,1,32,32,0,match
1q7un0f,1,32,32,0,match
1q7uni7,1,32,32,0,match
1q7unig,1,33,33,0,match
1q7unsd,1,33,33,0,match
1q7untl,1,33,33,0,match
1q7unzn,1,33,33,0,match
1q7uo0h,1,2,2,0,match
1q7uo7f,1,33,33,0,match
1q7uogi,1,33,33,0,match
1q7uoux,1,33,33,0,match
1q7up9t,1,33,33,0,match
1q7upbc,1,33,33,0,match
1q7upij,1,33,33,0,match
1q7upkb,1,33,33,0,match
1q7upml,1,33,33,0,match
1q7upn0,1,33,33,0,match
1q7upoa,1,33,33,0,match
1q7upsb,1,33,33,0,match
1q7upv3,1,33,33,0,match
1q7upwl,1,25,25,0,match
1q7uq0f,1,7,7,0,match
1q7uq4x,1,3,3,0,match
1q7uq73,1,33,33,0,match
1q7uq9y,1,33,33,0,match
1q7uqex,1,33,33,0,match
1q7uqj4,1,33,33,0,match
1q7uqjj,1,33,33,0,match
1q7uqsi,1,34,34,0,match
1q7ur8u,1,34,34,0,match
1q7us5a,1,34,34,0,match
1q7usl6,1,23,23,0,match
1q7usrl,1,34,34,0,match
1q7usue,1,34,34,0,match
1q7ut4f,1,34,34,0,match
1q7ut87,1,34,34,0,match
1q7uvrj,1,33,33,0,match
1q7uw29,1,33,33,0,match
1q7uw66,1,33,33,0,match
1q7uw8s,1,33,33,0,match
1q7uwas,1,24,24,0,match
1q7uwc8,1,33,33,0,match
1q7uwna,1,33,33,0,match
1q7ux7w,1,33,33,0,match
1q7uxdf,1,33,33,0,match
1q7uxld,1,33,33,0,match
1q7uy5m,1,33,33,0,match
1q7uy6h,1,33,33,0,match
1q7uzoi,1,33,33,0,match
1q7v08r,1,33,33,0,match
1q7v0vn,1,33,33,0,match
1q7v1fs,1,33,33,0,match
1q7v1h9,1,33,33,0,match
1q7v1kh,1,33,33,0,match
1q7v1yw,1,34,34,0,match
1q7v22s,1,34,34,0,match
1q7v2b8,1,1,1,0,match
1q7v2l6,1,34,34,0,match
1q7v2v9,1,1,1,0,match
1q7v38v,1,3,3,0,match
1q7v3aq,1,34,34,0,match
1q7v3i6,1,34,34,0,match
1q7v3tu,1,34,34,0,match
1q7v3yg,1,1,1,0,match
1q7v45s,1,34,34,0,match
1q7v46a,1,34,34,0,match
1q7v4cv,1,34,34,0,match
1q7v4hi,1,34,34,0,match
1q7v4tc,1,34,34,0,match
1q7v4th,1,34,34,0,match
1q7v4yw,1,1,1,0,match
1q7v4zc,1,34,34,0,match
1q7v51x,1,34,34,0,match
1q7v53p,1,34,34,0,match
1q7v578,1,34,34,0,match
1q7v57i,1,34,34,0,match
1q7v5cl,1,1,1,0,match
1q7v5ij,1,34,34,0,match
1q7v5r8,1,34,34,0,match
1q7v6dt,1,34,34,0,match
1q7v6ip,1,5,5,0,match
1q7v70p,1,33,33,0,match
1q7v77q,1,33,33,0,match
1q7v7ih,1,33,33,0,match
1q7v7qf,1,33,33,0,match
1q7v814,1,33,33,0,match
1q7v88b,1,33,33,0,match
1q7v8a6,1,33,33,0,match
1q7v8gn,1,33,33,0,match
1q7v8hm,1,33,33,0,match
1q7v8zw,1,33,33,0,match
1q7v93a,1,33,33,0,match
1q7v9pp,1,33,33,0,match
1q7v9q4,1,1,1,0,match
1q7va43,1,34,34,0,match
1q7vafr,1,34,34,0,match
1q7vb8o,1,34,34,0,match
1q7vbd6,1,25,25,0,match
1q7vbvk,1,34,34,0,match
1q7vc1m,1,1,1,0,match
1q7vc44,1,21,21,0,match
1q7vccp,1,34,34,0,match
1q7vcdp,1,34,34,0,match
1q7vcf6,1,7,7,0,match
1q7vckq,1,34,34,0,match
1q7vdkz,1,34,34,0,match
1q7vdq9,1,1,1,0,match
1q7vdt5,1,34,34,0,match
1q7ve33,1,34,34,0,match
1q7ve5q,1,34,34,0,match
1q7ve74,1,34,34,0,match
1q7veb5,1,34,34,0,match
1q7veyz,1,34,34,0,match
1q7vfr9,1,34,34,0,match
1q7vfrl,1,34,34,0,match
1q7vfym,1,34,34,0,match
1q7vg0z,1,34,34,0,match
1q7vgtu,1,4,4,0,match
1q7vhed,1,34,34,0,match
1q7vhh7,1,34,34,0,match
1q7vhj7,1,34,34,0,match
1q7vhm0,1,31,31,0,match
1q7vhub,1,34,34,0,match
1q7vi1l,1,34,34,0,match
1q7vi6r,1,1,1,0,match
1q7vie4,1,34,34,0,match
1q7viei,1,34,34,0,match
1q7virc,1,34,34,0,match
1q7vj35,1,34,34,0,match
1q7vjls,1,33,33,0,match
1q7vjuc,1,33,33,0,match
1q7vk1t,1,33,33,0,match
1q7vk7h,1,33,33,0,match
1q7vk9v,1,33,33,0,match
1q7vkbs,1,33,33,0,match
1q7vkee,1,34,34,0,match
1q7vkfu,1,34,34,0,match
1q7vko0,1,34,34,0,match
1q7vku8,1,34,34,0,match
1q7vl0s,1,34,34,0,match
1q7vla6,1,34,34,0,match
1q7vlbo,1,34,34,0,match
1q7vlfw,1,34,34,0,match
1q7vlmz,1,34,34,0,match
1q7vmb4,1,34,34,0,match
1q7vmny,1,4,4,0,match
1q7vmoe,1,34,34,0,match
1q7vnzd,1,34,34,0,match
1q7voc5,1,34,34,0,match
1q7voer,1,34,34,0,match
1q7vpaf,1,34,34,0,match
1q7vpjl,1,34,34,0,match
1q7vpps,1,34,34,0,match
1q7vpzy,1,34,34,0,match
1q7vqhp,1,34,34,0,match
1q7vqld,1,2,2,0,match
1q7vqoy,1,34,34,0,match
1q7vqsu,1,34,34,0,match
1q7vr78,1,3,3,0,match
1q7vrp7,1,34,34,0,match
1q7vrsy,1,34,34,0,match
1q7vrvw,1,35,35,0,match
1q7vsgi,1,2,2,0,match
1q7vsjg,1,35,35,0,match
1q7vsm3,1,35,35,0,match
1q7vt2g,1,35,35,0,match
1q7vt32,1,35,35,0,match
1q7vteh,1,35,35,0,match
1q7vtmp,1,35,35,0,match
1q7vtqq,1,35,35,0,match
1q7vtwf,1,35,35,0,match
1q7vtya,1,35,35,0,match
1q7vujr,1,35,35,0,match
1q7vv3h,1,35,35,0,match
1q7vvc6,1,35,35,0,match
1q7vvoy,1,35,35,0,match
1q7vw5o,1,34,34,0,match
1q7vwmh,1,35,35,0,match
1q7vwpz,1,31,31,0,match
1q7vx3r,1,34,34,0,match
1q7vxo7,1,1,1,0,match
1q7vy79,1,34,34,0,match
1q7vy81,1,34,34,0,match
1q7vye5,1,34,34,0,match
1q7vym5,1,34,34,0,match
1q7vz2i,1,34,34,0,match
1q7vzhh,1,35,35,0,match
1q7vzkf,1,35,35,0,match
1q7vzo9,1,35,35,0,match
1q7vzpl,1,35,35,0,match
1q7vzrn,1,35,35,0,match
1q7w1kj,1,1,1,0,match
1q7w23g,1,35,35,0,match
1q7w2k4,1,35,35,0,match
1q7w2q7,1,35,35,0,match
1q7w35f,1,35,35,0,match
1q7w3kk,1,35,35,0,match
1q7w3oc,1,35,35,0,match
1q7w3q3,1,1,1,0,match
1q7w427,1,35,35,0,match
1q7w447,1,35,35,0,match
1q7w45w,1,35,35,0,match
1q7w4mv,1,1,1,0,match
1q7w54x,1,35,35,0,match
1q7w5f9,1,35,35,0,match
1q7w5pj,1,35,35,0,match
1q7w5s0,1,35,35,0,match
1q7w62u,1,35,35,0,match
1q7w6fw,1,36,36,0,match
1q7w6k4,1,36,36,0,match
1q7w7fd,1,36,36,0,match
1q7w7fx,1,2,2,0,match
1q7w83k,1,36,36,0,match
1q7w8ke,1,35,35,0,match
1q7w8n4,1,35,35,0,match
1q7w8v1,1,35,35,0,match
1q7w9rb,1,4,4,0,match
1q7waek,1,35,35,0,match
1q7wael,1,35,35,0,match
1q7wapp,1,35,35,0,match
1q7wb0e,1,35,35,0,match
1q7wcg6,1,35,35,0,match
1q7wcv1,1,35,35,0,match
1q7wcx3,1,35,35,0,match
1q7wcx4,1,35,35,0,match
1q7wdqv,1,35,35,0,match
1q7wdsl,1,35,35,0,match
1q7wdyx,1,35,35,0,match
1q7weeb,1,35,35,0,match
1q7wexx,1,35,35,0,match
1q7wf2n,1,35,35,0,match
1q7wf53,1,35,35,0,match
1q7wf7x,1,1,1,0,match
1q7wf8r,1,35,35,0,match
1q7wfgq,1,35,35,0,match
1q7wfqx,1,35,35,0,match
1q7wfr0,1,10,10,0,match
1q7wg1r,1,35,35,0,match
1q7wg65,1,35,35,0,match
1q7wg9o,1,31,31,0,match
1q7wgz9,1,35,35,0,match
1q7wh5z,1,1,1,0,match
1q7wh6c,1,35,35,0,match
1q7whut,1,36,36,0,match
1q7whw6,1,36,36,0,match
1q7wi1k,1,36,36,0,match
1q7wi3u,1,36,36,0,match
1q7wiwa,1,36,36,0,match
1q7wj54,1,36,36,0,match
1q7wjw7,1,36,36,0,match
1q7wk8t,1,1,1,0,match
1q7wkdh,1,36,36,0,match
1q7wkgz,1,36,36,0,match
1q7wkkh,1,1,1,0,match
1q7wky5,1,35,35,0,match
1q7wl34,1,35,35,0,match
1q7wlcm,1,35,35,0,match
1q7wlja,1,35,35,0,match
1q7wlku,1,35,35,0,match
1q7wlmv,1,35,35,0,match
1q7wme2,1,35,35,0,match
1q7wmks,1,35,35,0,match
1q7wn2v,1,35,35,0,match
1q7wnif,1,35,35,0,match
1q7wpx8,1,35,35,0,match
1q7wpxo,1,35,35,0,match
1q7wqkj,1,35,35,0,match
1q7wqzq,1,35,35,0,match
1q7wrjy,1,35,35,0,match
1q7wtgd,1,35,35,0,match
1q7wtov,1,3,3,0,match
1q7wtqj,1,1,1,0,match
1q7wtrx,1,35,35,0,match
1q7wunn,1,1,1,0,match
1q7wuxp,1,35,35,0,match
1q7wv0g,1,35,35,0,match
1q7wv0o,1,35,35,0,match
1q7wv7a,1,35,35,0,match
1q7wvbg,1,35,35,0,match
1q7wvbl,1,35,35,0,match
1q7wvlw,1,35,35,0,match
1q7wvnc,1,35,35,0,match
1q7wvrr,1,17,17,0,match
1q7wwvg,1,35,35,0,match
1q7wxaq,1,34,34,0,match
1q7wxnw,1,34,34,0,match
1q7wxqy,1,12,12,0,match
1q7wxzm,1,34,34,0,match
1q7wy5t,1,35,35,0,match
1q7wy7l,1,35,35,0,match
1q7wykg,1,35,35,0,match
1q7wyzn,1,35,35,0,match
1q7x056,1,35,35,0,match
1q7x0mk,1,35,35,0,match
1q7x0zs,1,35,35,0,match
1q7x105,1,35,35,0,match
1q7x19e,1,35,35,0,match
1q7x19o,1,35,35,0,match
1q7x1ql,1,35,35,0,match
1q7x1ss,1,35,35,0,match
1q7x28l,1,35,35,0,match
1q7x2s9,1,35,35,0,match
1q7x2tm,1,35,35,0,match
1q7x2tn,1,35,35,0,match
1q7x2vb,1,35,35,0,match
1q7x3so,1,35,35,0,match
1q7x4la,1,35,35,0,match
1q7x4rw,1,1,1,0,match
1q7x5rz,1,35,35,0,match
1q7x6a2,1,35,35,0,match
1q7x6ff,1,6,6,0,match
1q7x6mp,1,35,35,0,match
1q7x6ru,1,8,8,0,match
1q7x6tl,1,35,35,0,match
1q7x711,1,35,35,0,match
1q7x71c,1,35,35,0,match
1q7x78z,1,35,35,0,match
1q7x7aj,1,35,35,0,match
1q7x85k,1,35,35,0,match
1q7x899,1,35,35,0,match
1q7x8tf,1,34,34,0,match
1q7x92a,1,34,34,0,match
1q7x986,1,34,34,0,match
1q7x9bh,1,35,35,0,match
1q7xa54,1,35,35,0,match
1q7xat3,1,2,2,0,match
1q7xb58,1,35,35,0,match
1q7xb5n,1,35,35,0,match
1q7xb5q,1,35,35,0,match
1q7xbfp,1,35,35,0,match
1q7xbh0,1,35,35,0,match
1q7xbhj,1,35,35,0,match
1q7xbid,1,35,35,0,match
1q7xbyz,1,35,35,0,match
1q7xc24,1,35,35,0,match
1q7xcau,1,35,35,0,match
1q7xcga,1,35,35,0,match
1q7xclk,1,2,2,0,match
1q7xcm7,1,35,35,0,match
1q7xd0u,1,35,35,0,match
1q7xd6f,1,35,35,0,match
1q7xdj7,1,33,33,0,match
1q7xdtg,1,35,35,0,match
1q7xe22,1,35,35,0,match
1q7xeya,1,35,35,0,match
1q7xfp4,1,3,3,0,match
1q7xfvq,1,35,35,0,match
1q7xgcl,1,35,35,0,match
1q7xgxz,1,1,1,0,match
1q7xgyc,1,3,3,0,match
1q7xhid,1,35,35,0,match
1q7xi1v,1,35,35,0,match
1q7xi8o,1,35,35,0,match
1q7xibk,1,35,35,0,match
1q7xie8,1,3,3,0,match
1q7xife,1,35,35,0,match
1q7xify,1,1,1,0,match
1q7xj0o,1,35,35,0,match
1q7xj4i,1,9,9,0,match
1q7xj86,1,35,35,0,match
1q7xjn9,1,35,35,0,match
1q7xjy0,1,35,35,0,match
1q7xjz4,1,35,35,0,match
1q7xkid,1,8,8,0,match
1q7xksv,1,34,34,0,match
1q7xl1w,1,34,34,0,match
1q7xl58,1,34,34,0,match
1q7xl8f,1,34,34,0,match
1q7xlpv,1,34,34,0,match
1q7xlyv,1,34,34,0,match
1q7xmd3,1,34,34,0,match
1q7xmdi,1,34,34,0,match
1q7xmwj,1,34,34,0,match
1q7xn45,1,4,4,0,match
1q7xn6h,1,34,34,0,match
1q7xncw,1,34,34,0,match
1q7xndx,1,35,35,0,match
1q7xo3x,1,35,35,0,match
1q7xoaa,1,35,35,0,match
1q7xoi9,1,30,30,0,match
1q7xoo9,1,35,35,0,match
1q7xop2,1,9,9,0,match
1q7xorq,1,35,35,0,match
1q7xph9,1,35,35,0,match
1q7xphf,1,35,35,0,match
1q7xqoi,1,35,35,0,match
1q7xs3i,1,35,35,0,match
1q7xt48,1,35,35,0,match
1q7xt59,1,3,3,0,match
1q7xts4,1,35,35,0,match
1q7xu0u,1,35,35,0,match
1q7xumi,1,35,35,0,match
1q7xumu,1,2,2,0,match
1q7xv1u,1,35,35,0,match
1q7xvlx,1,36,36,0,match
1q7xvp4,1,35,35,0,match
1q7xw4d,1,35,35,0,match
1q7xwhm,1,1,1,0,match
1q7xwiu,1,34,34,0,match
1q7xwj6,1,34,34,0,match
1q7xwny,1,1,1,0,match
1q7xwqv,1,2,2,0,match
1q7xwwb,1,34,34,0,match
1q7xx6q,1,1,1,0,match
1q7xxhd,1,34,34,0,match
1q7xzil,1,34,34,0,match
1q7xziq,1,1,1,0,match
1q7xzj9,1,33,33,0,match
1q7xzsv,1,34,34,0,match
1q7xzvv,1,34,34,0,match
1q7xzyf,1,34,34,0,match
1q7y0ou,1,34,34,0,match
1q7y0sk,1,34,34,0,match
1q7y0xs,1,34,34,0,match
1q7y14z,1,34,34,0,match
1q7y162,1,34,34,0,match
1q7y21z,1,34,34,0,match
1q7y28g,1,34,34,0,match
1q7y2a6,1,34,34,0,match
1q7y2cp,1,34,34,0,match
1q7y2h3,1,34,34,0,match
1q7y2i7,1,34,34,0,match
1q7y2ou,1,34,34,0,match
1q7y36q,1,34,34,0,match
1q7y380,1,34,34,0,match
1q7y3sj,1,34,34,0,match
1q7y4b8,1,34,34,0,match
1q7y4yx,1,35,35,0,match
1q7y5hw,1,35,35,0,match
1q7y5l4,1,35,35,0,match
1q7y6ie,1,35,35,0,match
1q7y76a,1,35,35,0,match
1q7y7c5,1,35,35,0,match
1q7y7i8,1,35,35,0,match
1q7y7kc,1,35,35,0,match
1q7y7vx,1,35,35,0,match
1q7y87u,1,34,34,0,match
1q7y8al,1,34,34,0,match
1q7y8ay,1,34,34,0,match
1q7y8bk,1,34,34,0,match
1q7y91s,1,34,34,0,match
1q7y9c5,1,34,34,0,match
1q7y9xd,1,34,34,0,match
1q7y9xf,1,34,34,0,match
1q7y9zs,1,34,34,0,match
1q7ya60,1,34,34,0,match
1q7yaft,1,34,34,0,match
1q7yaj8,1,34,34,0,match
1q7yaso,1,34,34,0,match
1q7yauc,1,34,34,0,match
1q7ybki,1,34,34,0,match
1q7ybn9,1,34,34,0,match
1q7yc44,1,34,34,0,match
1q7yc63,1,1,1,0,match
1q7ycav,1,34,34,0,match
1q7yci4,1,34,34,0,match
1q7yd0w,1,34,34,0,match
1q7yd99,1,34,34,0,match
1q7ydb1,1,35,35,0,match
1q7ydeb,1,35,35,0,match
1q7ydke,1,2,2,0,match
1q7ydzd,1,35,35,0,match
1q7yede,1,35,35,0,match
1q7yeg2,1,35,35,0,match
1q7yez3,1,35,35,0,match
1q7yf2p,1,35,35,0,match
1q7yfky,1,35,35,0,match
1q7yfrs,1,35,35,0,match
1q7yfvc,1,35,35,0,match
1q7yfzz,1,35,35,0,match
1q7ygci,1,35,35,0,match
1q7ygje,1,35,35,0,match
1q7ygn3,1,35,35,0,match
1q7ygvz,1,1,1,0,match
1q7ygw9,1,35,35,0,match
1q7yhcu,1,1,1,0,match
1q7yhz2,1,35,35,0,match
1q7yidl,1,35,35,0,match
1q7yiox,1,35,35,0,match
1q7yivb,1,35,35,0,match
1q7yj2f,1,35,35,0,match
1q7yj5q,1,35,35,0,match
1q7yj9s,1,35,35,0,match
1q7yjrl,1,34,34,0,match
1q7yjvu,1,34,34,0,match
1q7yk1p,1,34,34,0,match
1q7yk6l,1,34,34,0,match
1q7yk98,1,34,34,0,match
1q7ykgf,1,34,34,0,match
1q7yki6,1,34,34,0,match
1q7ykvc,1,34,34,0,match
1q7yl7f,1,34,34,0,match
1q7ylnp,1,4,4,0,match
1q7ylt7,1,34,34,0,match
1q7ymdu,1,34,34,0,match
1q7ymib,1,34,34,0,match
1q7ymjm,1,34,34,0,match
1q7ymkt,1,34,34,0,match
1q7ymp2,1,34,34,0,match
1q7yms7,1,34,34,0,match
1q7ynef,1,35,35,0,match
1q7yo7v,1,35,35,0,match
1q7yowb,1,35,35,0,match
1q7yp1l,1,5,5,0,match
1q7yp3e,1,35,35,0,match
1q7ypjf,1,35,35,0,match
1q7ypq8,1,35,35,0,match
1q7yq6a,1,35,35,0,match
1q7yqef,1,35,35,0,match
1q7yqqs,1,35,35,0,match
1q7yrix,1,29,29,0,match
1q7ys7j,1,35,35,0,match
1q7yseb,1,1,1,0,match
1q7ysmy,1,35,35,0,match
1q7yszs,1,35,35,0,match
1q7yt25,1,3,3,0,match
1q7ytjt,1,35,35,0,match
1q7ytqo,1,35,35,0,match
1q7ytyk,1,35,35,0,match
1q7yu8r,1,35,35,0,match
1q7yuao,1,35,35,0,match
1q7yufg,1,34,34,0,match
1q7yutl,1,34,34,0,match
1q7yv49,1,34,34,0,match
1q7yvim,1,34,34,0,match
1q7yvu8,1,34,34,0,match
1q7yvz9,1,34,34,0,match
1q7ywnc,1,9,9,0,match
1q7ywwm,1,28,28,0,match
1q7yx4f,1,34,34,0,match
1q7yxsq,1,34,34,0,match
1q7yz7z,1,34,34,0,match
1q7z0b6,1,34,34,0,match
1q7z0cm,1,34,34,0,match
1q7z1aa,1,34,34,0,match
1q7z2g7,1,34,34,0,match
1q7z2qn,1,34,34,0,match
1q7z3jz,1,34,34,0,match
1q7z488,1,5,5,0,match
1q7z4h3,1,34,34,0,match
1q7z4lk,1,34,34,0,match
1q7z4up,1,34,34,0,match
1q7z5be,1,34,34,0,match
1q7z5l2,1,34,34,0,match
1q7z6cw,1,34,34,0,match
1q7z6gg,1,34,34,0,match
1q7z6k4,1,34,34,0,match
1q7z6ky,1,34,34,0,match
1q7z6xl,1,34,34,0,match
1q7z72s,1,34,34,0,match
1q7z74f,1,34,34,0,match
1q7z7nc,1,34,34,0,match
1q7z7yr,1,34,34,0,match
1q7z93k,1,34,34,0,match
1q7z9ge,1,34,34,0,match
1q7z9xj,1,34,34,0,match
1q7za2r,1,34,34,0,match
1q7zajh,1,34,34,0,match
1q7zalh,1,34,34,0,match
1q7zasl,1,34,34,0,match
1q7zb1l,1,13,13,0,match
1q7zbk8,1,34,34,0,match
1q7zcmp,1,34,34,0,match
1q7zcx7,1,1,1,0,match
1q7zczo,1,34,34,0,match
1q7zczx,1,34,34,0,match
1q7zd6i,1,34,34,0,match
1q7zdkm,1,34,34,0,match
1q7ze3d,1,34,34,0,match
1q7ze92,1,34,34,0,match
1q7zekj,1,34,34,0,match
1q7zesh,1,34,34,0,match
1q7zest,1,34,34,0,match
1q7zf86,1,34,34,0,match
1q7zfa0,1,34,34,0,match
1q7zfi5,1,1,1,0,match
1q7zfld,1,33,33,0,match
1q7zg0t,1,34,34,0,match
1q7zgsw,1,33,33,0,match
1q7zh1k,1,34,34,0,match
1q7zhok,1,34,34,0,match
1q7zhsn,1,34,34,0,match
1q7zhuh,1,34,34,0,match
1q7zhve,1,34,34,0,match
1q7zi72,1,4,4,0,match
1q7zj4m,1,34,34,0,match
1q7zj9r,1,34,34,0,match
1q7zjdq,1,34,34,0,match
1q7zjl8,1,34,34,0,match
1q7zjsi,1,34,34,0,match
1q7zk97,1,34,34,0,match
1q7zkfp,1,34,34,0,match
1q7zkoh,1,34,34,0,match
1q7zky7,1,34,34,0,match
1q7zl35,1,34,34,0,match
1q7zlbt,1,34,34,0,match
1q7zlll,1,34,34,0,match
1q7zloc,1,34,34,0,match
1q7zlqp,1,34,34,0,match
1q7zm09,1,34,34,0,match
1q7zmes,1,34,34,0,match
1q7zmre,1,35,35,0,match
1q7zmwl,1,35,35,0,match
1q7zn1v,1,35,35,0,match
1q7znl6,1,35,35,0,match
1q7zogt,1,35,35,0,match
1q7zovb,1,35,35,0,match
1q7zp19,1,35,35,0,match
1q7zpvp,1,35,35,0,match
1q7zpwf,1,3,3,0,match
1q7zqla,1,2,2,0,match
1q7zr19,1,13,13,0,match
1q7zr4c,1,35,35,0,match
1q7zsyb,1,34,34,0,match
1q7zsyi,1,34,34,0,match
1q7zt37,1,34,34,0,match
1q7zucj,1,34,34,0,match
1q7zude,1,34,34,0,match
1q7zul4,1,34,34,0,match
1q7zupv,1,34,34,0,match
1q7zv2h,1,19,19,0,match
1q7zv5o,1,34,34,0,match
1q7zvwj,1,34,34,0,match
1q7zw24,1,34,34,0,match
1q7zwb4,1,34,34,0,match
1q7zwey,1,34,34,0,match
1q7zx6d,1,34,34,0,match
1q7zx7a,1,34,34,0,match
1q7zxef,1,35,35,0,match
1q7zxoi,1,35,35,0,match
1q7zyub,1,35,35,0,match
1q7zyyc,1,35,35,0,match
1q7zyz2,1,35,35,0,match
1q7zz3e,1,35,35,0,match
1q7zzdf,1,1,1,0,match
1q7zzkn,1,1,1,0,match
1q7zzts,1,35,35,0,match
1q7zzyn,1,35,35,0,match
1q800h3,1,35,35,0,match
1q801e0,1,12,12,0,match
1q801nb,1,11,11,0,match
1q801nz,1,35,35,0,match
1q801q6,1,35,35,0,match
1q801tv,1,34,34,0,match
1q801y9,1,34,34,0,match
1q8022f,1,34,34,0,match
1q802v7,1,34,34,0,match
1q802wv,1,34,34,0,match
1q803s4,1,34,34,0,match
1q804pr,1,12,12,0,match
1q805op,1,34,34,0,match
1q805z3,1,34,34,0,match
1q8065c,1,34,34,0,match
1q806go,1,34,34,0,match
1q806nf,1,34,34,0,match
1q806uh,1,34,34,0,match
1q806wb,1,34,34,0,match
1q8073w,1,34,34,0,match
1q8077c,1,34,34,0,match
1q807ki,1,34,34,0,match
1q807xd,1,34,34,0,match
1q8084s,1,32,32,0,match
1q808hs,1,34,34,0,match
1q808ma,1,34,34,0,match
1q808s7,1,34,34,0,match
1q8090a,1,34,34,0,match
1q8099m,1,34,34,0,match
1q809c3,1,34,34,0,match
1q809ej,1,34,34,0,match
1q809gf,1,34,34,0,match
1q809it,1,35,35,0,match
1q809sg,1,35,35,0,match
1q80aok,1,35,35,0,match
1q80ayk,1,35,35,0,match
1q80b1h,1,1,1,0,match
1q80bet,1,35,35,0,match
1q80bqm,1,35,35,0,match
1q80cii,1,34,34,0,match
1q80ckj,1,34,34,0,match
1q80dfi,1,34,34,0,match
1q80dvm,1,34,34,0,match
1q80e4j,1,34,34,0,match
1q80gh6,1,34,34,0,match
1q80gm3,1,34,34,0,match
1q80gvh,1,34,34,0,match
1q80h50,1,34,34,0,match
1q80h7n,1,34,34,0,match
1q80ing,1,34,34,0,match
1q80iob,1,34,34,0,match
1q80j3d,1,34,34,0,match
1q80jmu,1,34,34,0,match
1q80jn1,1,34,34,0,match
1q80jrh,1,34,34,0,match
1q80jru,1,34,34,0,match
1q80k27,1,34,34,0,match
1q80k6t,1,34,34,0,match
1q80ksd,1,34,34,0,match
1q80lpu,1,34,34,0,match
1q80lrl,1,34,34,0,match
1q80m0y,1,34,34,0,match
1q80m1h,1,34,34,0,match
1q80mah,1,4,4,0,match
1q80mj3,1,33,33,0,match
1q80mo7,1,12,12,0,match
1q80n63,1,33,33,0,match
1q80obd,1,33,33,0,match
1q80ofw,1,33,33,0,match
1q80olj,1,33,33,0,match
1q80onw,1,33,33,0,match
1q80ovs,1,33,33,0,match
1q80p1j,1,33,33,0,match
1q80p7f,1,33,33,0,match
1q80pcr,1,33,33,0,match
1q80pii,1,34,34,0,match
1q80pjc,1,34,34,0,match
1q80q2d,1,34,34,0,match
1q80qfe,1,34,34,0,match
1q80qse,1,34,34,0,match
1q80rik,1,30,30,0,match
1q80rjx,1,34,34,0,match
1q80rom,1,34,34,0,match
1q80rur,1,1,1,0,match
1q80sgl,1,34,34,0,match
1q80spm,1,1,1,0,match
1q80t04,1,34,34,0,match
1q80td6,1,34,34,0,match
1q80uh3,1,34,34,0,match
1q80une,1,34,34,0,match
1q80uol,1,34,34,0,match
1q80v2w,1,34,34,0,match
1q80vmf,1,34,34,0,match
1q80w0u,1,33,33,0,match
1q80wsa,1,33,33,0,match
1q80xg5,1,33,33,0,match
1q80xln,1,33,33,0,match
1q80y8x,1,33,33,0,match
1q80yqp,1,33,33,0,match
1q80zed,1,33,33,0,match
1q80zn3,1,33,33,0,match
1q80zpb,1,33,33,0,match
1q8108c,1,2,2,0,match
1q810b9,1,33,33,0,match
1q810sl,1,33,33,0,match
1q8111e,1,33,33,0,match
1q811ig,1,33,33,0,match
1q811zp,1,33,33,0,match
1q8125v,1,33,33,0,match
1q8138h,1,33,33,0,match
1q813v5,1,33,33,0,match
1q814a2,1,3,3,0,match
1q814bc,1,33,33,0,match
1q814ld,1,33,33,0,match
1q814rk,1,34,34,0,match
1q814ru,1,1,1,0,match
1q814wn,1,34,34,0,match
1q8156t,1,34,34,0,match
1q815ip,1,34,34,0,match
1q8160n,1,33,33,0,match
1q81662,1,33,33,0,match
1q816bl,1,33,33,0,match
1q816e7,1,33,33,0,match
1q816h0,1,33,33,0,match
1q816sn,1,33,33,0,match
1q816ze,1,33,33,0,match
1q817x7,1,12,12,0,match
1q81807,1,33,33,0,match
1q8188p,1,33,33,0,match
1q818pw,1,33,33,0,match
1q8190x,1,33,33,0,match
1q8197z,1,33,33,0,match
1q819dc,1,33,33,0,match
1q819lh,1,28,28,0,match
1q819m3,1,33,33,0,match
1q819rc,1,33,33,0,match
1q81ahk,1,33,33,0,match
1q81b0x,1,30,30,0,match
1q81b71,1,33,33,0,match
1q81bvx,1,33,33,0,match
1q81bwk,1,33,33,0,match
1q81bwq,1,33,33,0,match
1q81byb,1,33,33,0,match
1q81c7r,1,33,33,0,match
1q81c9v,1,33,33,0,match
1q81cx9,1,33,33,0,match
1q81cyj,1,33,33,0,match
1q81d5x,1,1,1,0,match
1q81dla,1,33,33,0,match
1q81dx5,1,33,33,0,match
1q81dz8,1,33,33,0,match
1q81e16,1,3,3,0,match
1q81e1n,1,33,33,0,match
1q81e9j,1,33,33,0,match
1q81ec9,1,33,33,0,match
1q81edb,1,33,33,0,match
1q81eew,1,33,33,0,match
1q81f5d,1,34,34,0,match
1q81f6h,1,34,34,0,match
1q81g08,1,33,33,0,match
1q81gss,1,33,33,0,match
1q81hrp,1,33,33,0,match
1q81it7,1,33,33,0,match
1q81jeu,1,33,33,0,match
1q81kas,1,33,33,0,match
1q81l3f,1,33,33,0,match
1q81ldo,1,33,33,0,match
1q81le6,1,33,33,0,match
1q81lk9,1,33,33,0,match
1q81lyp,1,33,33,0,match
1q81m7t,1,33,33,0,match
1q81min,1,33,33,0,match
1q81mqs,1,33,33,0,match
1q81ni6,1,33,33,0,match
1q81nt7,1,33,33,0,match
1q81nvd,1,33,33,0,match
1q81o0e,1,33,33,0,match
1q81oej,1,33,33,0,match
1q81okk,1,2,2,0,match
1q81oyy,1,32,32,0,match
1q81pa8,1,32,32,0,match
1q81pof,1,32,32,0,match
1q81pzf,1,32,32,0,match
1q81qdi,1,32,32,0,match
1q81qev,1,32,32,0,match
1q81rmp,1,32,32,0,match
1q81s98,1,32,32,0,match
1q81siq,1,32,32,0,match
1q81sk2,1,32,32,0,match
1q81t57,1,1,1,0,match
1q81tcr,1,33,33,0,match
1q81tdn,1,33,33,0,match
1q81tfk,1,33,33,0,match
1q81thl,1,33,33,0,match
1q81tzt,1,33,33,0,match
1q81u0j,1,33,33,0,match
1q81u4l,1,33,33,0,match
1q81uh4,1,33,33,0,match
1q81up5,1,33,33,0,match
1q81uqh,1,33,33,0,match
1q81utx,1,33,33,0,match
1q81v1d,1,20,20,0,match
1q81v4d,1,33,33,0,match
1q81vnq,1,28,28,0,match
1q81vp1,1,33,33,0,match
1q81wa2,1,33,33,0,match
1q81wb8,1,33,33,0,match
1q81wgg,1,33,33,0,match
1q81wkn,1,33,33,0,match
1q81y1j,1,32,32,0,match
1q81y4a,1,32,32,0,match
1q81y8o,1,32,32,0,match
1q81yg3,1,32,32,0,match
1q81zoy,1,32,32,0,match
1q8204i,1,32,32,0,match
1q8208m,1,32,32,0,match
1q820qh,1,32,32,0,match
1q820rc,1,32,32,0,match
1q820wh,1,32,32,0,match
1q82141,1,32,32,0,match
1q8214t,1,32,32,0,match
1q822un,1,33,33,0,match
1q822zy,1,33,33,0,match
1q823qh,1,33,33,0,match
1q823ys,1,33,33,0,match
1q823zz,1,33,33,0,match
1q824fp,1,25,25,0,match
1q824h4,1,33,33,0,match
1q824ym,1,33,33,0,match
1q82510,1,33,33,0,match
1q825fx,1,33,33,0,match
1q825mf,1,33,33,0,match
1q825mr,1,33,33,0,match
1q825nv,1,33,33,0,match
1q825uf,1,33,33,0,match
1q82600,1,33,33,0,match
1q8262m,1,33,33,0,match
1q8268q,1,33,33,0,match
1q826f0,1,32,32,0,match
1q827ey,1,5,5,0,match
1q827hq,1,32,32,0,match
1q827kc,1,32,32,0,match
1q827pi,1,32,32,0,match
1q827pv,1,32,32,0,match
1q827rf,1,32,32,0,match
1q827vn,1,32,32,0,match
1q828fz,1,32,32,0,match
1q82941,1,32,32,0,match
1q829mp,1,32,32,0,match
1q829ro,1,32,32,0,match
1q829wz,1,33,33,0,match
1q829zl,1,33,33,0,match
1q82a64,1,33,33,0,match
1q82aau,1,33,33,0,match
1q82am6,1,3,3,0,match
1q82aqy,1,33,33,0,match
1q82ary,1,33,33,0,match
1q82ay4,1,33,33,0,match
1q82b2p,1,33,33,0,match
1q82bcq,1,33,33,0,match
1q82bhi,1,33,33,0,match
1q82blw,1,33,33,0,match
1q82btf,1,33,33,0,match
1q82bu3,1,33,33,0,match
1q82c98,1,33,33,0,match
1q82da2,1,22,22,0,match
1q82dft,1,33,33,0,match
1q82ex9,1,32,32,0,match
1q82f6k,1,32,32,0,match
1q82f9t,1,32,32,0,match
1q82fmd,1,32,32,0,match
1q82fq3,1,1,1,0,match
1q82fza,1,32,32,0,match
1q82g7j,1,32,32,0,match
1q82gff,1,32,32,0,match
1q82ghc,1,32,32,0,match
1q82hez,1,32,32,0,match
1q82hkm,1,32,32,0,match
1q82jin,1,2,2,0,match
1q82jlb,1,32,32,0,match
1q82jtw,1,32,32,0,match
1q82k47,1,32,32,0,match
1q82kpu,1,32,32,0,match
1q82ksd,1,32,32,0,match
1q82l17,1,32,32,0,match
1q82lb9,1,32,32,0,match
1q82m7h,1,32,32,0,match
1q82nfw,1,32,32,0,match
1q82nvg,1,32,32,0,match
1q82nz4,1,32,32,0,match
1q82ock,1,31,31,0,match
1q82ocz,1,31,31,0,match
1q82onl,1,31,31,0,match
1q82p1o,1,4,4,0,match
1q82q1r,1,22,22,0,match
1q82qkb,1,32,32,0,match
1q82rvr,1,11,11,0,match
1q82s8q,1,32,32,0,match
1q82s9i,1,32,32,0,match
1q82sif,1,32,32,0,match
1q82sx7,1,32,32,0,match
1q82tkr,1,32,32,0,match
1q82tvv,1,32,32,0,match
1q82vsw,1,32,32,0,match
1q82w6c,1,32,32,0,match
1q82x77,1,31,31,0,match
1q82xi2,1,3,3,0,match
1q82xnb,1,31,31,0,match
1q82xnv,1,31,31,0,match
1q82xp7,1,31,31,0,match
1q82xsc,1,31,31,0,match
1q82y6m,1,31,31,0,match
1q82ybu,1,31,31,0,match
1q82yef,1,10,10,0,match
1q82yf1,1,31,31,0,match
1q82yjt,1,31,31,0,match
1q82ymu,1,7,7,0,match
1q82yta,1,3,3,0,match
1q82ywr,1,31,31,0,match
1q82yze,1,31,31,0,match
1q82zig,1,10,10,0,match
1q83018,1,31,31,0,match
1q830gi,1,31,31,0,match
1q830gm,1,31,31,0,match
1q830m9,1,31,31,0,match
1q831u6,1,31,31,0,match
1q83212,1,31,31,0,match
1q8326d,1,31,31,0,match
1q832da,1,31,31,0,match
1q832h3,1,31,31,0,match
1q832s4,1,31,31,0,match
1q832ym,1,2,2,0,match
1q8333p,1,31,31,0,match
1q8334m,1,31,31,0,match
1q8338x,1,5,5,0,match
1q833ah,1,31,31,0,match
1q8347c,1,17,17,0,match
1q834dg,1,31,31,0,match
1q834gw,1,4,4,0,match
1q83536,1,32,32,0,match
1q835ob,1,32,32,0,match
1q835uu,1,31,31,0,match
1q8366d,1,31,31,0,match
1q836p2,1,2,2,0,match
1q8379w,1,31,31,0,match
1q837cb,1,31,31,0,match
1q837kn,1,31,31,0,match
1q837zx,1,31,31,0,match
1q838l5,1,31,31,0,match
1q838xe,1,31,31,0,match
1q838yd,1,31,31,0,match
1q8392p,1,31,31,0,match
1q839fg,1,31,31,0,match
1q83a3a,1,31,31,0,match
1q83adi,1,31,31,0,match
1q83alb,1,31,31,0,match
1q83apb,1,31,31,0,match
1q83ax4,1,31,31,0,match
1q83b8y,1,31,31,0,match
1q83bl9,1,31,31,0,match
1q83bze,1,6,6,0,match
1q83c0n,1,31,31,0,match
1q83c4c,1,31,31,0,match
1q83cvk,1,32,32,0,match
1q83d8u,1,32,32,0,match
1q83dal,1,32,32,0,match
1q83dbd,1,13,13,0,match
1q83dtw,1,32,32,0,match
1q83e1y,1,32,32,0,match
1q83ezm,1,31,31,0,match
1q83fcb,1,31,31,0,match
1q83fdb,1,31,31,0,match
1q83fk5,1,31,31,0,match
1q83fst,1,31,31,0,match
1q83fw5,1,31,31,0,match
1q83gfz,1,31,31,0,match
1q83gki,1,31,31,0,match
1q83gmq,1,31,31,0,match
1q83gpa,1,31,31,0,match
1q83gs3,1,31,31,0,match
1q83gut,1,31,31,0,match
1q83h3o,1,31,31,0,match
1q83h5y,1,31,31,0,match
1q83ha7,1,31,31,0,match
1q83heg,1,31,31,0,match
1q83heq,1,31,31,0,match
1q83hho,1,31,31,0,match
1q83ide,1,31,31,0,match
1q83iqj,1,31,31,0,match
1q83j0t,1,31,31,0,match
1q83jns,1,31,31,0,match
1q83jsc,1,31,31,0,match
1q83jxx,1,31,31,0,match
1q83k32,1,31,31,0,match
1q83kpr,1,7,7,0,match
1q83kyc,1,31,31,0,match
1q83l17,1,31,31,0,match
1q83l4j,1,31,31,0,match
1q83l56,1,31,31,0,match
1q83ljc,1,31,31,0,match
1q83lm5,1,31,31,0,match
1q83lub,1,31,31,0,match
1q83m9z,1,31,31,0,match
1q83mjd,1,31,31,0,match
1q83n2r,1,31,31,0,match
1q83n9s,1,31,31,0,match
1q83nb1,1,30,30,0,match
1q83nej,1,30,30,0,match
1q83nt2,1,30,30,0,match
1q83o2t,1,30,30,0,match
1q83o73,1,30,30,0,match
1q83ofc,1,30,30,0,match
1q83og5,1,3,3,0,match
1q83ojo,1,30,30,0,match
1q83ol5,1,31,31,0,match
1q83ovz,1,31,31,0,match
1q83pn5,1,31,31,0,match
1q83q5f,1,31,31,0,match
1q83qcy,1,31,31,0,match
1q83qhr,1,31,31,0,match
1q83qid,1,31,31,0,match
1q83qqm,1,31,31,0,match
1q83rau,1,3,3,0,match
1q83rk2,1,31,31,0,match
1q83ro6,1,31,31,0,match
1q83s41,1,31,31,0,match
1q83san,1,31,31,0,match
1q83sln,1,31,31,0,match
1q83sqp,1,31,31,0,match
1q83swm,1,31,31,0,match
1q83tg1,1,6,6,0,match
1q83u4y,1,31,31,0,match
1q83u76,1,31,31,0,match
1q83ubt,1,31,31,0,match
1q83um5,1,31,31,0,match
1q83v4e,1,31,31,0,match
1q83vfx,1,31,31,0,match
1q83vkt,1,31,31,0,match
1q83vmf,1,31,31,0,match
1q83vz5,1,30,30,0,match
1q83w57,1,30,30,0,match
1q83x1l,1,30,30,0,match
1q83xon,1,30,30,0,match
1q83xys,1,30,30,0,match
1q83z4n,1,30,30,0,match
1q83zb5,1,30,30,0,match
1q83zlo,1,30,30,0,match
1q83zpd,1,30,30,0,match
1q8405h,1,30,30,0,match
1q8407b,1,30,30,0,match
1q840cl,1,30,30,0,match
1q840ee,1,30,30,0,match
1q840jk,1,5,5,0,match
1q840mv,1,30,30,0,match
1q840pe,1,30,30,0,match
1q840qj,1,30,30,0,match
1q840t3,1,5,5,0,match
1q840v5,1,30,30,0,match
1q840x3,1,1,1,0,match
1q841bi,1,17,17,0,match
1q841dj,1,30,30,0,match
1q841qv,1,30,30,0,match
1q8422q,1,30,30,0,match
1q8424j,1,30,30,0,match
1q842ef,1,30,30,0,match
1q842n3,1,2,2,0,match
1q842uz,1,30,30,0,match
1q8436k,1,5,5,0,match
1q844zw,1,30,30,0,match
1q8457q,1,30,30,0,match
1q8461j,1,30,30,0,match
1q846bj,1,30,30,0,match
1q8470a,1,30,30,0,match
1q847gi,1,30,30,0,match
1q847js,1,30,30,0,match
1q847l1,1,30,30,0,match
1q847nl,1,30,30,0,match
1q847rk,1,30,30,0,match
1q848j8,1,30,30,0,match
1q848zy,1,30,30,0,match
1q84956,1,30,30,0,match
1q849q5,1,30,30,0,match
1q84ae4,1,2,2,0,match
1q84ahe,1,30,30,0,match
1q84aro,1,1,1,0,match
1q84aux,1,30,30,0,match
1q84bi7,1,30,30,0,match
1q84blo,1,30,30,0,match
1q84bxp,1,30,30,0,match
1q84cu2,1,30,30,0,match
1q84cv1,1,30,30,0,match
1q84cy1,1,30,30,0,match
1q84d5t,1,30,30,0,match
1q84duz,1,29,29,0,match
1q84e46,1,3,3,0,match
1q84e47,1,29,29,0,match
1q84f17,1,29,29,0,match
1q84f18,1,29,29,0,match
1q84fe7,1,29,29,0,match
1q84fph,1,29,29,0,match
1q84g9i,1,29,29,0,match
1q84h15,1,29,29,0,match
1q84h88,1,29,29,0,match
1q84ht3,1,19,19,0,match
1q84i1q,1,28,28,0,match
1q84i3v,1,29,29,0,match
1q84i55,1,29,29,0,match
1q84i7h,1,29,29,0,match
1q84id9,1,29,29,0,match
1q84inj,1,29,29,0,match
1q84iwv,1,29,29,0,match
1q84j72,1,15,15,0,match
1q84jeu,1,29,29,0,match
1q84jin,1,29,29,0,match
1q84k1q,1,29,29,0,match
1q84kwa,1,30,30,0,match
1q84kx0,1,4,4,0,match
1q84l19,1,30,30,0,match
1q84lpx,1,30,30,0,match
1q84maf,1,30,30,0,match
1q84mak,1,30,30,0,match
1q84mlj,1,29,29,0,match
1q84mpj,1,29,29,0,match
1q84n03,1,29,29,0,match
1q84nat,1,29,29,0,match
1q84o2x,1,29,29,0,match
1q84okg,1,29,29,0,match
1q84opk,1,29,29,0,match
1q84p6e,1,1,1,0,match
1q84pni,1,29,29,0,match
1q84pqu,1,29,29,0,match
1q84ptt,1,2,2,0,match
1q84q3s,1,29,29,0,match
1q84qfm,1,29,29,0,match
1q84qhf,1,29,29,0,match
1q84qth,1,29,29,0,match
1q84rgh,1,29,29,0,match
1q84rgy,1,29,29,0,match
1q84rta,1,29,29,0,match
1q84sa3,1,14,14,0,match
1q84sek,1,6,6,0,match
1q84she,1,29,29,0,match
1q84spp,1,29,29,0,match
1q84t3h,1,29,29,0,match
1q84td4,1,1,1,0,match
1q84tec,1,29,29,0,match
1q84thd,1,29,29,0,match
1q84tlx,1,7,7,0,match
1q84tma,1,29,29,0,match
1q84uf7,1,29,29,0,match
1q84uh5,1,29,29,0,match
1q84uou,1,29,29,0,match
1q84urh,1,29,29,0,match
1q84utp,1,29,29,0,match
1q84uyn,1,29,29,0,match
1q84uz3,1,29,29,0,match
1q84v11,1,29,29,0,match
1q84v7e,1,12,12,0,match
1q84vc0,1,29,29,0,match
1q84vkf,1,29,29,0,match
1q84vlj,1,29,29,0,match
1q84w1w,1,29,29,0,match
1q84w3o,1,29,29,0,match
1q84x14,1,29,29,0,match
1q84x39,1,29,29,0,match
1q84x9v,1,29,29,0,match
1q84xdx,1,29,29,0,match
1q84xq0,1,29,29,0,match
1q84xv9,1,29,29,0,match
1q84xz5,1,29,29,0,match
1q84y7i,1,29,29,0,match
1q84z3s,1,29,29,0,match
1q84z3z,1,29,29,0,match
1q84z4a,1,29,29,0,match
1q84zh4,1,29,29,0,match
1q84zld,1,29,29,0,match
1q84zw1,1,29,29,0,match
1q84zzx,1,29,29,0,match
1q85041,1,29,29,0,match
1q8504s,1,29,29,0,match
1q8508g,1,29,29,0,match
1q8509z,1,29,29,0,match
1q850dm,1,29,29,0,match
1q851ee,1,29,29,0,match
1q851ql,1,29,29,0,match
1q85246,1,29,29,0,match
1q852dp,1,29,29,0,match
1q852n0,1,29,29,0,match
1q852sy,1,29,29,0,match
1q852vr,1,29,29,0,match
1q852vt,1,29,29,0,match
1q852z2,1,29,29,0,match
1q853c4,1,29,29,0,match
1q853fu,1,2,2,0,match
1q853q2,1,29,29,0,match
1q8545o,1,29,29,0,match
1q854ti,1,28,28,0,match
1q8555e,1,28,28,0,match
1q855hj,1,28,28,0,match
1q855io,1,28,28,0,match
1q855kx,1,28,28,0,match
1q855zb,1,28,28,0,match
1q85657,1,29,29,0,match
1q856e9,1,29,29,0,match
1q856y6,1,29,29,0,match
1q8579j,1,29,29,0,match
1q857bm,1,29,29,0,match
1q857l8,1,29,29,0,match
1q857zw,1,29,29,0,match
1q858ff,1,29,29,0,match
1q858ge,1,22,22,0,match
1q858l6,1,29,29,0,match
1q858q5,1,29,29,0,match
1q858si,1,29,29,0,match
1q858zv,1,29,29,0,match
1q859el,1,29,29,0,match
1q859qx,1,29,29,0,match
1q85alg,1,29,29,0,match
1q85atx,1,29,29,0,match
1q85avw,1,29,29,0,match
1q85b6l,1,29,29,0,match
1q85bt3,1,29,29,0,match
1q85cae,1,1,1,0,match
1q85d7o,1,29,29,0,match
1q85dau,1,29,29,0,match
1q85dfg,1,17,17,0,match
1q85e6j,1,28,28,0,match
1q85eps,1,28,28,0,match
1q85etn,1,28,28,0,match
1q85evs,1,28,28,0,match
1q85ewg,1,28,28,0,match
1q85f5t,1,28,28,0,match
1q85g0j,1,1,1,0,match
1q85g1d,1,28,28,0,match
1q85grs,1,28,28,0,match
1q85gzn,1,28,28,0,match
1q85hh3,1,28,28,0,match
1q85hvp,1,28,28,0,match
1q85hxw,1,29,29,0,match
1q85ivw,1,11,11,0,match
1q85jf0,1,29,29,0,match
1q85k7q,1,29,29,0,match
1q85kc7,1,29,29,0,match
1q85kjg,1,29,29,0,match
1q85l9m,1,29,29,0,match
1q85m22,1,29,29,0,match
1q85mb7,1,29,29,0,match
1q85mbg,1,29,29,0,match
1q85mle,1,29,29,0,match
1q85nbd,1,29,29,0,match
1q85nkt,1,29,29,0,match
1q85nqa,1,10,10,0,match
1q85o1e,1,28,28,0,match
1q85obb,1,28,28,0,match
1q85ph0,1,28,28,0,match
1q85pxj,1,28,28,0,match
1q85q07,1,28,28,0,match
1q85q26,1,28,28,0,match
1q85qeb,1,28,28,0,match
1q85qqx,1,28,28,0,match
1q85qt9,1,28,28,0,match
1q85qz8,1,28,28,0,match
1q85r5j,1,28,28,0,match
1q85rc0,1,28,28,0,match
1q85t5k,1,28,28,0,match
1q85uia,1,28,28,0,match
1q85vf7,1,28,28,0,match
1q85vxm,1,28,28,0,match
1q85w5u,1,4,4,0,match
1q85wi5,1,28,28,0,match
1q85wne,1,28,28,0,match
1q85wp3,1,28,28,0,match
1q85wsr,1,28,28,0,match
1q85x9f,1,27,27,0,match
1q85xav,1,27,27,0,match
1q85y7q,1,27,27,0,match
1q85ymi,1,27,27,0,match
1q85ymy,1,27,27,0,match
1q85yn3,1,28,28,0,match
1q85z17,1,28,28,0,match
1q85z2u,1,28,28,0,match
1q85zdf,1,28,28,0,match
1q85zdm,1,28,28,0,match
1q8604b,1,28,28,0,match
1q860e7,1,28,28,0,match
1q860nc,1,28,28,0,match
1q860nx,1,28,28,0,match
1q860oa,1,28,28,0,match
1q860r0,1,13,13,0,match
1q860r6,1,28,28,0,match
1q861n5,1,28,28,0,match
1q861w0,1,28,28,0,match
1q862mu,1,28,28,0,match
1q862pc,1,28,28,0,match
1q863mn,1,28,28,0,match
1q863qp,1,28,28,0,match
1q863tg,1,28,28,0,match
1q863x7,1,28,28,0,match
1q864jp,1,28,28,0,match
1q8653o,1,28,28,0,match
1q865ka,1,28,28,0,match
1q865kz,1,28,28,0,match
1q866gm,1,28,28,0,match
1q867fr,1,27,27,0,match
1q867ja,1,27,27,0,match
1q867ny,1,27,27,0,match
1q867xj,1,27,27,0,match
1q868b1,1,27,27,0,match
1q868b3,1,4,4,0,match
1q868du,1,27,27,0,match
1q868if,1,27,27,0,match
1q86921,1,27,27,0,match
1q8694a,1,27,27,0,match
1q869bv,1,1,1,0,match
1q869ho,1,22,22,0,match
1q869in,1,4,4,0,match
1q86a14,1,27,27,0,match
1q86ak7,1,2,2,0,match
1q86bdd,1,27,27,0,match
1q86blv,1,27,27,0,match
1q86bwz,1,27,27,0,match
1q86bzc,1,27,27,0,match
1q86cqo,1,4,4,0,match
1q86d0l,1,27,27,0,match
1q86dg8,1,27,27,0,match
1q86dgi,1,27,27,0,match
1q86dkx,1,2,2,0,match
1q86dls,1,27,27,0,match
1q86dp1,1,27,27,0,match
1q86drz,1,27,27,0,match
1q86dwb,1,27,27,0,match
1q86e0n,1,27,27,0,match
1q86ehx,1,27,27,0,match
1q86eqc,1,27,27,0,match
1q86et3,1,28,28,0,match
1q86ezg,1,28,28,0,match
1q86f18,1,28,28,0,match
1q86f8g,1,2,2,0,match
1q86fme,1,19,19,0,match
1q86ftj,1,28,28,0,match
1q86g7l,1,28,28,0,match
1q86gkw,1,1,1,0,match
1q86h39,1,28,28,0,match
1q86h48,1,28,28,0,match
1q86hf4,1,28,28,0,match
1q86hmp,1,7,7,0,match
1q86ica,1,27,27,0,match
1q86iy7,1,27,27,0,match
1q86jcv,1,27,27,0,match
1q86jkc,1,27,27,0,match
1q86jl4,1,27,27,0,match
1q86jvh,1,27,27,0,match
1q86k1j,1,27,27,0,match
1q86kas,1,27,27,0,match
1q86kj9,1,27,27,0,match
1q86knc,1,27,27,0,match
1q86kvl,1,27,27,0,match
1q86lfo,1,27,27,0,match
1q86lp4,1,27,27,0,match
1q86lpu,1,27,27,0,match
1q86m2a,1,27,27,0,match
1q86m4b,1,27,27,0,match
1q86m7g,1,27,27,0,match
1q86ngt,1,27,27,0,match
1q86njv,1,27,27,0,match
1q86nr7,1,27,27,0,match
1q86o69,1,27,27,0,match
1q86o8e,1,27,27,0,match
1q86oeg,1,7,7,0,match
1q86otb,1,27,27,0,match
1q86ovm,1,27,27,0,match
1q86p4w,1,27,27,0,match
1q86pjg,1,27,27,0,match
1q86pvf,1,8,8,0,match
1q86qf2,1,27,27,0,match
1q86qri,1,27,27,0,match
1q86qt3,1,27,27,0,match
1q86qyb,1,27,27,0,match
1q86rof,1,27,27,0,match
1q86rwx,1,27,27,0,match
1q86s31,1,27,27,0,match
1q86sdy,1,26,26,0,match
1q86she,1,16,16,0,match
1q86ss5,1,27,27,0,match
1q86sx6,1,27,27,0,match
1q86t9j,1,27,27,0,match
1q86tg2,1,27,27,0,match
1q86tnz,1,27,27,0,match
1q86utu,1,6,6,0,match
1q86uva,1,27,27,0,match
1q86v1f,1,27,27,0,match
1q86v5j,1,27,27,0,match
1q86vca,1,27,27,0,match
1q86vk9,1,27,27,0,match
1q86vud,1,27,27,0,match
1q86w8k,1,27,27,0,match
1q86wmh,1,27,27,0,match
1q86wq8,1,27,27,0,match
1q86wqe,1,27,27,0,match
1q86ww3,1,6,6,0,match
1q86wxf,1,27,27,0,match
1q86x1w,1,27,27,0,match
1q86x9n,1,27,27,0,match
1q86xcw,1,27,27,0,match
1q86xht,1,27,27,0,match
1q86xlj,1,27,27,0,match
1q86xve,1,27,27,0,match
1q86xw6,1,27,27,0,match
1q86xxa,1,27,27,0,match
1q86y27,1,27,27,0,match
1q86y8v,1,27,27,0,match
1q86yef,1,27,27,0,match
1q86yen,1,28,28,0,match
1q86ygf,1,28,28,0,match
1q86ylm,1,28,28,0,match
1q86yy4,1,28,28,0,match
1q86z6q,1,28,28,0,match
1q86zil,1,9,9,0,match
1q86zq2,1,6,6,0,match
1q86zrq,1,28,28,0,match
1q86zu6,1,28,28,0,match
1q870ed,1,28,28,0,match
1q870w3,1,28,28,0,match
1q871lg,1,7,7,0,match
1q871or,1,28,28,0,match
1q871w6,1,28,28,0,match
1q8729g,1,28,28,0,match
1q872c2,1,28,28,0,match
1q872h6,1,28,28,0,match
1q872jj,1,28,28,0,match
1q873c5,1,27,27,0,match
1q873jd,1,27,27,0,match
1q873oi,1,27,27,0,match
1q873sg,1,27,27,0,match
1q873tu,1,27,27,0,match
1q874h7,1,27,27,0,match
1q874kj,1,27,27,0,match
1q874s6,1,5,5,0,match
1q874zq,1,27,27,0,match
1q875lq,1,27,27,0,match
1q87634,1,27,27,0,match
1q876l0,1,27,27,0,match
1q876lh,1,1,1,0,match
1q876m4,1,27,27,0,match
1q8775x,1,27,27,0,match
1q8776m,1,27,27,0,match
1q877ag,1,28,28,0,match
1q877te,1,28,28,0,match
1q877vl,1,6,6,0,match
1q877zl,1,28,28,0,match
1q8785i,1,28,28,0,match
1q878dy,1,28,28,0,match
1q878jr,1,28,28,0,match
1q87967,1,28,28,0,match
1q87995,1,28,28,0,match
1q879rz,1,28,28,0,match
1q879s5,1,28,28,0,match
1q879tp,1,28,28,0,match
1q879uz,1,28,28,0,match
1q87a9r,1,28,28,0,match
1q87afk,1,28,28,0,match
1q87amc,1,28,28,0,match
1q87bab,1,28,28,0,match
1q87biw,1,28,28,0,match
1q87br6,1,9,9,0,match
1q87bwq,1,28,28,0,match
1q87bya,1,28,28,0,match
1q87cdw,1,28,28,0,match
1q87cxk,1,28,28,0,match
1q87d2f,1,28,28,0,match
1q87dr7,1,27,27,0,match
1q87ds5,1,8,8,0,match
1q87eep,1,27,27,0,match
1q87ep8,1,23,23,0,match
1q87fec,1,27,27,0,match
1q87fes,1,28,28,0,match
1q87ff3,1,28,28,0,match
1q87fuk,1,28,28,0,match
1q87g72,1,28,28,0,match
1q87glx,1,4,4,0,match
1q87gwd,1,28,28,0,match
1q87h9t,1,28,28,0,match
1q87haq,1,28,28,0,match
1q87hib,1,28,28,0,match
1q87hn2,1,8,8,0,match
1q87htr,1,28,28,0,match
1q87hu9,1,28,28,0,match
1q87i0t,1,28,28,0,match
1q87i40,1,3,3,0,match
1q87id6,1,28,28,0,match
1q87j69,1,28,28,0,match
1q87j9v,1,28,28,0,match
1q87jg6,1,4,4,0,match
1q87jkb,1,28,28,0,match
1q87jy7,1,28,28,0,match
1q87kvm,1,28,28,0,match
1q87kyt,1,28,28,0,match
1q87l62,1,28,28,0,match
1q87m44,1,28,28,0,match
1q87mxr,1,28,28,0,match
1q87n31,1,28,28,0,match
1q87n9k,1,28,28,0,match
1q87ned,1,28,28,0,match
1q87obh,1,1,1,0,match
1q87oid,1,28,28,0,match
1q87ov3,1,28,28,0,match
1q87pph,1,27,27,0,match
1q87pr7,1,27,27,0,match
1q87pvj,1,27,27,0,match
1q87pzq,1,27,27,0,match
1q87qp0,1,27,27,0,match
1q87qw5,1,27,27,0,match
1q87rtb,1,27,27,0,match
1q87rvk,1,20,20,0,match
1q87rx1,1,28,28,0,match
1q87s3v,1,1,1,0,match
1q87t5d,1,28,28,0,match
1q87t7o,1,28,28,0,match
1q87tln,1,28,28,0,match
1q87tmv,1,3,3,0,match
1q87tq5,1,28,28,0,match
1q87u0n,1,28,28,0,match
1q87u76,1,28,28,0,match
1q87ule,1,28,28,0,match
1q87us0,1,28,28,0,match
1q87utz,1,4,4,0,match
1q87vzr,1,28,28,0,match
1q87w5j,1,28,28,0,match
1q87wdh,1,28,28,0,match
1q87x1v,1,28,28,0,match
1q87x8i,1,17,17,0,match
1q87xas,1,19,19,0,match
1q87xeo,1,28,28,0,match
1q87xfk,1,28,28,0,match
1q87xsh,1,28,28,0,match
1q87xta,1,28,28,0,match
1q87xxx,1,28,28,0,match
1q87y2c,1,28,28,0,match
1q87yse,1,28,28,0,match
1q87z33,1,28,28,0,match
1q87zxo,1,28,28,0,match
1q87zyd,1,28,28,0,match
1q880kq,1,3,3,0,match
1q880l5,1,8,8,0,match
1q880m5,1,28,28,0,match
1q881c3,1,27,27,0,match
1q882dm,1,27,27,0,match
1q8830l,1,27,27,0,match
1q88367,1,27,27,0,match
1q883ge,1,27,27,0,match
1q883gy,1,27,27,0,match
1q883ta,1,27,27,0,match
1q8841q,1,27,27,0,match
1q884b3,1,27,27,0,match
1q884cy,1,27,27,0,match
1q884ex,1,27,27,0,match
1q884hn,1,25,25,0,match
1q884wh,1,27,27,0,match
1q884ym,1,28,28,0,match
1q884zg,1,28,28,0,match
1q885qb,1,5,5,0,match
1q8866v,1,28,28,0,match
1q88683,1,28,28,0,match
1q8868j,1,28,28,0,match
1q886nd,1,28,28,0,match
1q886qj,1,4,4,0,match
1q88744,1,28,28,0,match
1q887yg,1,28,28,0,match
1q887zq,1,28,28,0,match
1q8880s,1,28,28,0,match
1q888ej,1,28,28,0,match
1q888qh,1,28,28,0,match
1q888ww,1,28,28,0,match
1q88951,1,28,28,0,match
1q889km,1,28,28,0,match
1q889wo,1,28,28,0,match
1q88a70,1,28,28,0,match
1q88aj9,1,28,28,0,match
1q88b06,1,28,28,0,match
1q88bnd,1,28,28,0,match
1q88bo5,1,28,28,0,match
1q88bq9,1,28,28,0,match
1q88brx,1,28,28,0,match
1q88c23,1,15,15,0,match
1q88cc5,1,10,10,0,match
1q88d1g,1,27,27,0,match
1q88dg1,1,27,27,0,match
1q88e06,1,27,27,0,match
1q88e9v,1,27,27,0,match
1q88eee,1,27,27,0,match
1q88eg2,1,27,27,0,match
1q88eyh,1,28,28,0,match
1q88f5a,1,28,28,0,match
1q88fbs,1,28,28,0,match
1q88ff5,1,28,28,0,match
1q88fgx,1,28,28,0,match
1q88fj7,1,28,28,0,match
1q88fua,1,28,28,0,match
1q88g1s,1,28,28,0,match
1q88g38,1,28,28,0,match
1q88g73,1,28,28,0,match
1q88gk3,1,28,28,0,match
1q88gnv,1,28,28,0,match
1q88hj6,1,28,28,0,match
1q88hqw,1,28,28,0,match
1q88i6x,1,4,4,0,match
1q88jf5,1,28,28,0,match
1q88kd8,1,28,28,0,match
1q88khu,1,28,28,0,match
1q88kr4,1,28,28,0,match
1q88ksj,1,28,28,0,match
1q88kxs,1,28,28,0,match
1q88lvv,1,28,28,0,match
1q88m8k,1,28,28,0,match
1q88nae,1,28,28,0,match
1q88omk,1,28,28,0,match
1q88p0a,1,28,28,0,match
1q88ped,1,1,1,0,match
1q88pf5,1,28,28,0,match
1q88ptb,1,1,1,0,match
1q88qc8,1,27,27,0,match
1q88ql1,1,27,27,0,match
1q88qu3,1,27,27,0,match
1q88rjf,1,27,27,0,match
1q88rnn,1,27,27,0,match
1q88rq8,1,8,8,0,match
1q88rt2,1,27,27,0,match
1q88sdd,1,28,28,0,match
1q88shg,1,28,28,0,match
1q88t2p,1,28,28,0,match
1q88tt0,1,28,28,0,match
1q88tvq,1,28,28,0,match
1q88ud5,1,28,28,0,match
1q88uon,1,3,3,0,match
1q88vew,1,28,28,0,match
1q88vrh,1,28,28,0,match
1q88vyz,1,2,2,0,match
1q88w5j,1,28,28,0,match
1q88wd7,1,28,28,0,match
1q88wer,1,6,6,0,match
1q88wk4,1,28,28,0,match
1q88wwv,1,28,28,0,match
1q88xbj,1,4,4,0,match
1q88ycc,1,28,28,0,match
1q88zaa,1,11,11,0,match
1q890y2,1,28,28,0,match
1q891fa,1,28,28,0,match
1q8921w,1,28,28,0,match
1q89298,1,3,3,0,match
1q892ov,1,28,28,0,match
1q892qv,1,28,28,0,match
1q89303,1,27,27,0,match
1q8930l,1,27,27,0,match
1q8936l,1,27,27,0,match
1q894ol,1,27,27,0,match
1q895ek,1,27,27,0,match
1q895rv,1,27,27,0,match
1q8962r,1,27,27,0,match
1q8969x,1,27,27,0,match
1q896cp,1,1,1,0,match
1q896l6,1,27,27,0,match
1q896ph,1,27,27,0,match
1q89745,1,3,3,0,match
1q8975o,1,27,27,0,match
1q89777,1,27,27,0,match
1q897mr,1,1,1,0,match
1q897sc,1,27,27,0,match
1q898fd,1,27,27,0,match
1q8990h,1,27,27,0,match
1q899ou,1,27,27,0,match
1q899pu,1,17,17,0,match
1q89bk0,1,27,27,0,match
1q89cbo,1,23,23,0,match
1q89dhd,1,27,27,0,match
1q89dnz,1,27,27,0,match
1q89e6o,1,28,28,0,match
1q89ek9,1,28,28,0,match
1q89etz,1,4,4,0,match
1q89f98,1,28,28,0,match
1q89foc,1,28,28,0,match
1q89fz0,1,4,4,0,match
1q89g1u,1,28,28,0,match
1q89g4w,1,28,28,0,match
1q89gh1,1,27,27,0,match
1q89gsu,1,27,27,0,match
1q89gxq,1,27,27,0,match
1q89hgs,1,27,27,0,match
1q89ip1,1,27,27,0,match
1q89ipf,1,27,27,0,match
1q89j0i,1,27,27,0,match
1q89jpp,1,27,27,0,match
1q89jsp,1,6,6,0,match
1q89k8e,1,27,27,0,match
1q89kiy,1,27,27,0,match
1q89kmo,1,27,27,0,match
1q89kpx,1,27,27,0,match
1q89kwp,1,27,27,0,match
1q89l1q,1,27,27,0,match
1q89lsh,1,27,27,0,match
1q89mi0,1,27,27,0,match
1q89mih,1,27,27,0,match
1q89mm6,1,27,27,0,match
1q89nhn,1,27,27,0,match
1q89nnn,1,27,27,0,match
1q89nyd,1,27,27,0,match
1q89nyv,1,19,19,0,match
1q89o3h,1,27,27,0,match
1q89o49,1,27,27,0,match
1q89o7n,1,27,27,0,match
1q89ods,1,27,27,0,match
1q89oi8,1,27,27,0,match
1q89pmc,1,27,27,0,match
1q89qcu,1,1,1,0,match
1q89qel,1,27,27,0,match
1q89qgo,1,3,3,0,match
1q89qp3,1,27,27,0,match
1q89rm9,1,27,27,0,match
1q89rv2,1,1,1,0,match
1q89rx6,1,27,27,0,match
1q89rxs,1,11,11,0,match
1q89s30,1,27,27,0,match
1q89sfq,1,8,8,0,match
1q89slf,1,27,27,0,match
1q89so2,1,16,16,0,match
1q89ss5,1,27,27,0,match
1q89t1g,1,27,27,0,match
1q89u8l,1,26,26,0,match
1q89ub6,1,26,26,0,match
1q89ul2,1,26,26,0,match
1q89uld,1,26,26,0,match
1q89uyk,1,26,26,0,match
1q89wb4,1,26,26,0,match
1q89wgt,1,6,6,0,match
1q89wgv,1,26,26,0,match
1q89wsn,1,26,26,0,match
1q89x3t,1,27,27,0,match
1q89xhi,1,27,27,0,match
1q89xm6,1,27,27,0,match
1q89xzw,1,1,1,0,match
1q89y0c,1,27,27,0,match
1q89ypd,1,27,27,0,match
1q89yvd,1,27,27,0,match
1q89zdo,1,27,27,0,match
1q89ze4,1,25,25,0,match
1q8a0jh,1,27,27,0,match
1q8a0v8,1,27,27,0,match
1q8a12o,1,27,27,0,match
1q8a1yy,1,27,27,0,match
1q8a22q,1,5,5,0,match
1q8a238,1,27,27,0,match
1q8a27u,1,3,3,0,match
1q8a2dl,1,27,27,0,match
1q8a2kk,1,27,27,0,match
1q8a2u6,1,27,27,0,match
1q8a3j8,1,1,1,0,match
1q8a3xr,1,2,2,0,match
1q8a43p,1,27,27,0,match
1q8a44d,1,3,3,0,match
1q8a4hx,1,27,27,0,match
1q8a52b,1,27,27,0,match
1q8a5bv,1,4,4,0,match
1q8a5hc,1,27,27,0,match
1q8a5q3,1,27,27,0,match
1q8a60c,1,27,27,0,match
1q8a66z,1,27,27,0,match
1q8a6f3,1,2,2,0,match
1q8a6iq,1,27,27,0,match
1q8a6ks,1,27,27,0,match
1q8a6yc,1,27,27,0,match
1q8a712,1,17,17,0,match
1q8a7ew,1,3,3,0,match
1q8a7kd,1,27,27,0,match
1q8a7nr,1,27,27,0,match
1q8a7zz,1,26,26,0,match
1q8a8m8,1,26,26,0,match
1q8a9cg,1,6,6,0,match
1q8a9d8,1,26,26,0,match
1q8a9pw,1,26,26,0,match
1q8a9sq,1,27,27,0,match
1q8aa3i,1,27,27,0,match
1q8aad8,1,27,27,0,match
1q8ab2n,1,20,20,0,match
1q8ab33,1,27,27,0,match
1q8abqw,1,27,27,0,match
1q8abwq,1,2,2,0,match
1q8abwv,1,27,27,0,match
1q8ac28,1,27,27,0,match
1q8ac48,1,27,27,0,match
1q8aciu,1,19,19,0,match
1q8aclm,1,27,27,0,match
1q8acmi,1,27,27,0,match
1q8aedl,1,27,27,0,match
1q8aegp,1,4,4,0,match
1q8aeqg,1,27,27,0,match
1q8af4j,1,27,27,0,match
1q8af95,1,27,27,0,match
1q8afby,1,2,2,0,match
1q8afrs,1,27,27,0,match
1q8afzx,1,27,27,0,match
1q8agl4,1,27,27,0,match
1q8ah17,1,27,27,0,match
1q8aick,1,5,5,0,match
1q8ajxr,1,27,27,0,match
1q8ak24,1,27,27,0,match
1q8ak39,1,6,6,0,match
1q8aknp,1,13,13,0,match
1q8akrb,1,27,27,0,match
1q8akxt,1,1,1,0,match
1q8akzm,1,27,27,0,match
1q8alge,1,1,1,0,match
1q8alms,1,2,2,0,match
1q8alqk,1,27,27,0,match
1q8aly7,1,27,27,0,match
1q8amc8,1,27,27,0,match
1q8amde,1,27,27,0,match
1q8an63,1,1,1,0,match
1q8anqs,1,1,1,0,match
1q8anw2,1,26,26,0,match
1q8aogf,1,26,26,0,match
1q8aojd,1,26,26,0,match
1q8aoml,1,26,26,0,match
1q8aoop,1,26,26,0,match
1q8ap4a,1,26,26,0,match
1q8apcl,1,26,26,0,match
1q8apuj,1,26,26,0,match
1q8aqhy,1,2,2,0,match
1q8aqm5,1,26,26,0,match
1q8aqpa,1,1,1,0,match
1q8aqr7,1,16,16,0,match
1q8ar3g,1,15,15,0,match
1q8ar9i,1,26,26,0,match
1q8arsw,1,26,26,0,match
1q8as9i,1,26,26,0,match
1q8asou,1,26,26,0,match
1q8assg,1,26,26,0,match
1q8at3w,1,26,26,0,match
1q8at6a,1,26,26,0,match
1q8atjz,1,27,27,0,match
1q8atk2,1,27,27,0,match
1q8atua,1,27,27,0,match
1q8au2b,1,1,1,0,match
1q8au44,1,27,27,0,match
1q8aul1,1,27,27,0,match
1q8aux7,1,3,3,0,match
1q8avfu,1,27,27,0,match
1q8avsy,1,27,27,0,match
1q8awcv,1,16,16,0,match
1q8aws6,1,9,9,0,match
1q8ax2n,1,27,27,0,match
1q8axcc,1,27,27,0,match
1q8axew,1,27,27,0,match
1q8axw2,1,27,27,0,match
1q8ay46,1,27,27,0,match
1q8ayrz,1,27,27,0,match
1q8az8m,1,8,8,0,match
1q8azbj,1,27,27,0,match
1q8azcw,1,27,27,0,match
1q8azqr,1,27,27,0,match
1q8b042,1,3,3,0,match
1q8b0ob,1,26,26,0,match
1q8b11s,1,26,26,0,match
1q8b13w,1,26,26,0,match
1q8b1wr,1,26,26,0,match
1q8b23z,1,26,26,0,match
1q8b44k,1,26,26,0,match
1q8b4r6,1,26,26,0,match
1q8b5a4,1,26,26,0,match
1q8b5kr,1,26,26,0,match
1q8b5nu,1,26,26,0,match
1q8b63r,1,3,3,0,match
1q8b69i,1,26,26,0,match
1q8b6ea,1,26,26,0,match
1q8b6gn,1,21,21,0,match
1q8b6sk,1,26,26,0,match
1q8b7uf,1,26,26,0,match
1q8b807,1,20,20,0,match
1q8b813,1,26,26,0,match
1q8b8rh,1,26,26,0,match
1q8ba0t,1,2,2,0,match
1q8ba9v,1,26,26,0,match
1q8baiv,1,26,26,0,match
1q8bazc,1,27,27,0,match
1q8bb1m,1,1,1,0,match
1q8bb1z,1,27,27,0,match
1q8bbj8,1,2,2,0,match
1q8bbkd,1,27,27,0,match
1q8bbke,1,3,3,0,match
1q8bbpq,1,27,27,0,match
1q8bbuk,1,27,27,0,match
1q8bcd2,1,27,27,0,match
1q8bce3,1,1,1,0,match
1q8bce8,1,27,27,0,match
1q8bcq2,1,27,27,0,match
1q8bd09,1,2,2,0,match
1q8bd4k,1,27,27,0,match
1q8bdlk,1,27,27,0,match
1q8be1o,1,27,27,0,match
1q8be3m,1,27,27,0,match
1q8behl,1,27,27,0,match
1q8bem1,1,27,27,0,match
1q8bem3,1,27,27,0,match
1q8bf7f,1,3,3,0,match
1q8bfkk,1,26,26,0,match
1q8bfmd,1,26,26,0,match
1q8bfrh,1,26,26,0,match
1q8bfs8,1,26,26,0,match
1q8bg4i,1,26,26,0,match
1q8bgcy,1,26,26,0,match
1q8bggb,1,26,26,0,match
1q8bh57,1,1,1,0,match
1q8bhi0,1,26,26,0,match
1q8bii4,1,26,26,0,match
1q8bit0,1,26,26,0,match
1q8bj3p,1,2,2,0,match
1q8bj4k,1,26,26,0,match
1q8bk3t,1,1,1,0,match
1q8blfy,1,26,26,0,match
1q8blou,1,26,26,0,match
1q8blq5,1,4,4,0,match
1q8bm4o,1,26,26,0,match
1q8bm6z,1,26,26,0,match
1q8bmcf,1,26,26,0,match
1q8bmzc,1,26,26,0,match
1q8bnhq,1,26,26,0,match
1q8bp2r,1,26,26,0,match
1q8bpy4,1,26,26,0,match
1q8bqls,1,26,26,0,match
1q8br1j,1,26,26,0,match
1q8brms,1,26,26,0,match
1q8bs6c,1,26,26,0,match
1q8bt45,1,12,12,0,match
1q8bt5b,1,4,4,0,match
1q8btam,1,26,26,0,match
1q8btku,1,25,25,0,match
1q8btv2,1,26,26,0,match
1q8btvi,1,26,26,0,match
1q8btwv,1,26,26,0,match
1q8buiw,1,26,26,0,match
1q8bup3,1,26,26,0,match
1q8buzi,1,26,26,0,match
1q8bv0q,1,26,26,0,match
1q8bv39,1,26,26,0,match
1q8bv96,1,26,26,0,match
1q8bvtv,1,26,26,0,match
1q8bw4o,1,26,26,0,match
1q8bwl3,1,26,26,0,match
1q8bwv8,1,26,26,0,match
1q8bx4l,1,26,26,0,match
1q8bxy5,1,2,2,0,match
1q8bymq,1,26,26,0,match
1q8bz0u,1,17,17,0,match
1q8bz7w,1,15,15,0,match
1q8bztx,1,26,26,0,match
1q8bzv3,1,26,26,0,match
1q8bzyc,1,26,26,0,match
1q8c02h,1,26,26,0,match
1q8c14q,1,26,26,0,match
1q8c19m,1,26,26,0,match
1q8c1kb,1,26,26,0,match
1q8c23k,1,26,26,0,match
1q8c27v,1,26,26,0,match
1q8c2q9,1,26,26,0,match
1q8c370,1,26,26,0,match
1q8c38s,1,26,26,0,match
1q8c40z,1,7,7,0,match
1q8c4vc,1,26,26,0,match
1q8c5sz,1,26,26,0,match
1q8c692,1,19,19,0,match
1q8c7ne,1,1,1,0,match
1q8c7s9,1,10,10,0,match
1q8c81x,1,26,26,0,match
1q8c8eh,1,25,25,0,match
1q8c9r5,1,25,25,0,match
1q8c9rk,1,25,25,0,match
1q8caci,1,25,25,0,match
1q8caeh,1,25,25,0,match
1q8can5,1,13,13,0,match
1q8cbca,1,25,25,0,match
1q8cbjl,1,25,25,0,match
1q8cblg,1,25,25,0,match
1q8cboa,1,2,2,0,match
1q8ccly,1,25,25,0,match
1q8ccmz,1,1,1,0,match
1q8ccp7,1,25,25,0,match
1q8ccx1,1,1,1,0,match
1q8cd2j,1,25,25,0,match
1q8cdpf,1,25,25,0,match
1q8cdxy,1,26,26,0,match
1q8cdy7,1,26,26,0,match
1q8ceir,1,26,26,0,match
1q8cekh,1,26,26,0,match
1q8cexb,1,26,26,0,match
1q8cf06,1,26,26,0,match
1q8cfil,1,26,26,0,match
1q8cfj4,1,26,26,0,match
1q8cfv5,1,1,1,0,match
1q8cgj9,1,26,26,0,match
1q8cgsh,1,1,1,0,match
1q8ch2q,1,26,26,0,match
1q8ch9a,1,26,26,0,match
1q8chrn,1,26,26,0,match
1q8chvt,1,26,26,0,match
1q8cim5,1,26,26,0,match
1q8civv,1,26,26,0,match
1q8cj76,1,26,26,0,match
1q8cja6,1,26,26,0,match
1q8cjne,1,26,26,0,match
1q8ckik,1,26,26,0,match
1q8ckty,1,26,26,0,match
1q8clil,1,26,26,0,match
1q8clqa,1,26,26,0,match
1q8cls0,1,26,26,0,match
1q8cmla,1,26,26,0,match
1q8cmqp,1,22,22,0,match
1q8cmsz,1,26,26,0,match
1q8cmxl,1,1,1,0,match
1q8cmya,1,1,1,0,match
1q8cnbq,1,26,26,0,match
1q8cndz,1,26,26,0,match
1q8cnr3,1,25,25,0,match
1q8co0g,1,25,25,0,match
1q8cohk,1,26,26,0,match
1q8comx,1,26,26,0,match
1q8conf,1,26,26,0,match
1q8copv,1,26,26,0,match
1q8cowc,1,26,26,0,match
1q8cph3,1,26,26,0,match
1q8cpnh,1,1,1,0,match
1q8cq4u,1,26,26,0,match
1q8cqs8,1,26,26,0,match
1q8cqvj,1,26,26,0,match
1q8crcy,1,26,26,0,match
1q8crwx,1,26,26,0,match
1q8csdx,1,26,26,0,match
1q8cswu,1,26,26,0,match
1q8ct16,1,26,26,0,match
1q8ct38,1,26,26,0,match
1q8ctd7,1,26,26,0,match
1q8cte6,1,26,26,0,match
1q8ctuo,1,26,26,0,match
1q8cty9,1,26,26,0,match
1q8cuh2,1,27,27,0,match
1q8culm,1,27,27,0,match
1q8cuw4,1,1,1,0,match
1q8cvaa,1,27,27,0,match
1q8cveo,1,27,27,0,match
1q8cwfr,1,27,27,0,match
1q8cx0q,1,27,27,0,match
1q8cxgz,1,27,27,0,match
1q8cxht,1,27,27,0,match
1q8cxs3,1,27,27,0,match
1q8cxw7,1,12,12,0,match
1q8cxyl,1,27,27,0,match
1q8cyf7,1,27,27,0,match
1q8cyki,1,27,27,0,match
1q8cyoq,1,13,13,0,match
1q8cz6b,1,27,27,0,match
1q8czqy,1,27,27,0,match
1q8czsi,1,1,1,0,match
1q8d12f,1,27,27,0,match
1q8d17d,1,5,5,0,match
1q8d1b8,1,27,27,0,match
1q8d1ra,1,2,2,0,match
1q8d1wc,1,27,27,0,match
1q8d2e4,1,27,27,0,match
1q8d2jo,1,26,26,0,match
1q8d2p1,1,26,26,0,match
1q8d2qi,1,26,26,0,match
1q8d3h5,1,26,26,0,match
1q8d3yp,1,14,14,0,match
1q8d4aa,1,26,26,0,match
1q8d4ka,1,26,26,0,match
1q8d4mo,1,7,7,0,match
1q8d4uj,1,17,17,0,match
1q8d5ly,1,26,26,0,match
1q8d6o2,1,26,26,0,match
1q8d6pc,1,26,26,0,match
1q8d6s2,1,26,26,0,match
1q8d7jk,1,26,26,0,match
1q8d8oa,1,26,26,0,match
1q8daq1,1,8,8,0,match
1q8dcel,1,26,26,0,match
1q8dcew,1,9,9,0,match
1q8dcxn,1,26,26,0,match
1q8deb7,1,27,27,0,match
1q8deto,1,27,27,0,match
1q8df3t,1,27,27,0,match
1q8df6u,1,27,27,0,match
1q8dfe8,1,27,27,0,match
1q8dfnc,1,27,27,0,match
1q8dfom,1,27,27,0,match
1q8dg7i,1,6,6,0,match
1q8dgqw,1,1,1,0,match
1q8dh77,1,27,27,0,match
1q8dh7a,1,27,27,0,match
1q8dhbf,1,27,27,0,match
1q8dhfa,1,26,26,0,match
1q8dhvd,1,26,26,0,match
1q8di2h,1,26,26,0,match
1q8di7x,1,26,26,0,match
1q8difs,1,26,26,0,match
1q8dit5,1,26,26,0,match
1q8dita,1,26,26,0,match
1q8dj4n,1,26,26,0,match
1q8djh6,1,26,26,0,match
1q8djio,1,26,26,0,match
1q8djkz,1,26,26,0,match
1q8dk4v,1,26,26,0,match
1q8dkbr,1,26,26,0,match
1q8dknn,1,26,26,0,match
1q8dkpt,1,26,26,0,match
1q8dkqr,1,26,26,0,match
1q8dl6t,1,26,26,0,match
1q8dl8g,1,26,26,0,match
1q8dmmt,1,26,26,0,match
1q8dmvo,1,26,26,0,match
1q8dn59,1,26,26,0,match
1q8dn6z,1,26,26,0,match
1q8dnkr,1,26,26,0,match
1q8dnol,1,26,26,0,match
1q8dof0,1,27,27,0,match
1q8dox8,1,27,27,0,match
1q8dpbs,1,27,27,0,match
1q8dph5,1,27,27,0,match
1q8dpko,1,27,27,0,match
1q8dpwo,1,27,27,0,match
1q8dq62,1,27,27,0,match
1q8dqjf,1,27,27,0,match
1q8dqyx,1,27,27,0,match
1q8dr3o,1,27,27,0,match
1q8dr63,1,27,27,0,match
1q8drvh,1,27,27,0,match
1q8dsi7,1,1,1,0,match
1q8dst8,1,27,27,0,match
1q8dsxn,1,27,27,0,match
1q8du93,1,27,27,0,match
1q8duhj,1,27,27,0,match
1q8duot,1,27,27,0,match
1q8durr,1,1,1,0,match
1q8duus,1,2,2,0,match
1q8duwn,1,27,27,0,match
1q8dv0v,1,27,27,0,match
1q8dv7k,1,4,4,0,match
1q8dv96,1,27,27,0,match
1q8dvnj,1,2,2,0,match
1q8dvo8,1,27,27,0,match
1q8dvoz,1,27,27,0,match
1q8dwy4,1,26,26,0,match
1q8dxi9,1,26,26,0,match
1q8dxwo,1,26,26,0,match
1q8dya1,1,3,3,0,match
1q8dyrj,1,26,26,0,match
1q8dyzt,1,26,26,0,match
1q8dz2c,1,26,26,0,match
1q8dz79,1,26,26,0,match
1q8dzi4,1,26,26,0,match
1q8e049,1,26,26,0,match
1q8e074,1,26,26,0,match
1q8e0a9,1,26,26,0,match
1q8e11b,1,4,4,0,match
1q8e1k4,1,26,26,0,match
1q8e2cn,1,26,26,0,match
1q8e2jn,1,26,26,0,match
1q8e2kr,1,26,26,0,match
1q8e2nk,1,26,26,0,match
1q8e2qn,1,6,6,0,match
1q8e32v,1,26,26,0,match
1q8e340,1,26,26,0,match
1q8e37d,1,26,26,0,match
1q8e3by,1,5,5,0,match
1q8e3g5,1,26,26,0,match
1q8e3xj,1,26,26,0,match
1q8e4i4,1,26,26,0,match
1q8e4j6,1,26,26,0,match
1q8e4py,1,26,26,0,match
1q8e5ic,1,26,26,0,match
1q8e5o6,1,26,26,0,match
1q8e5q5,1,26,26,0,match
1q8e5zk,1,26,26,0,match
1q8e6iu,1,26,26,0,match
1q8e6zz,1,26,26,0,match
1q8e7ls,1,27,27,0,match
1q8e7oy,1,1,1,0,match
1q8e7wf,1,27,27,0,match
1q8e7yp,1,27,27,0,match
1q8e8ev,1,1,1,0,match
1q8e8li,1,27,27,0,match
1q8e8mi,1,27,27,0,match
1q8e8tl,1,27,27,0,match
1q8e8y4,1,27,27,0,match
1q8e9gk,1,27,27,0,match
1q8e9ow,1,27,27,0,match
1q8ea7g,1,27,27,0,match
1q8eads,1,27,27,0,match
1q8eal2,1,4,4,0,match
1q8eb6a,1,27,27,0,match
1q8ebeq,1,27,27,0,match
1q8ec6z,1,26,26,0,match
1q8ecpf,1,14,14,0,match
1q8ecv9,1,26,26,0,match
1q8ed7z,1,26,26,0,match
1q8ed9w,1,26,26,0,match
1q8eddc,1,26,26,0,match
1q8eder,1,26,26,0,match
1q8ee80,1,1,1,0,match
1q8eeiz,1,26,26,0,match
1q8eekw,1,26,26,0,match
1q8ef9f,1,26,26,0,match
1q8eg6m,1,26,26,0,match
1q8eg9i,1,26,26,0,match
1q8egcm,1,26,26,0,match
1q8egp7,1,26,26,0,match
1q8egze,1,26,26,0,match
1q8eh6g,1,26,26,0,match
1q8eh7l,1,26,26,0,match
1q8ehg4,1,26,26,0,match
1q8ehoc,1,26,26,0,match
1q8ein3,1,2,2,0,match
1q8eiq8,1,26,26,0,match
1q8ej2y,1,26,26,0,match
1q8ekh5,1,26,26,0,match
1q8ekrk,1,26,26,0,match
1q8eled,1,26,26,0,match
1q8elgi,1,26,26,0,match
1q8elgr,1,26,26,0,match
1q8elry,1,26,26,0,match
1q8emg7,1,27,27,0,match
1q8emx1,1,3,3,0,match
1q8en4g,1,27,27,0,match
1q8eo1u,1,27,27,0,match
1q8eo8x,1,4,4,0,match
1q8eo9v,1,27,27,0,match
1q8eord,1,27,27,0,match
1q8ep5b,1,13,13,0,match
1q8epbc,1,27,27,0,match
1q8epcm,1,1,1,0,match
1q8epjy,1,27,27,0,match
1q8epp1,1,1,1,0,match
1q8epq3,1,27,27,0,match
1q8ept0,1,27,27,0,match
1q8epx4,1,27,27,0,match
1q8eq99,1,27,27,0,match
1q8eqfg,1,27,27,0,match
1q8eqjk,1,27,27,0,match
1q8eql2,1,27,27,0,match
1q8erc1,1,26,26,0,match
1q8erc9,1,26,26,0,match
1q8erjv,1,26,26,0,match
1q8ervw,1,12,12,0,match
1q8es04,1,26,26,0,match
1q8es8a,1,26,26,0,match
1q8es8c,1,26,26,0,match
1q8es9f,1,26,26,0,match
1q8esok,1,26,26,0,match
1q8etvx,1,1,1,0,match
1q8ety3,1,26,26,0,match
1q8eub5,1,26,26,0,match
1q8ev2n,1,26,26,0,match
1q8evgf,1,26,26,0,match
1q8evri,1,26,26,0,match
1q8ew3e,1,26,26,0,match
1q8ex2q,1,2,2,0,match
1q8ex4p,1,26,26,0,match
1q8exkm,1,26,26,0,match
1q8exur,1,8,8,0,match
1q8ey48,1,26,26,0,match
1q8eymj,1,26,26,0,match
1q8eyun,1,27,27,0,match
1q8ezl4,1,5,5,0,match
1q8ezq9,1,17,17,0,match
1q8ezrn,1,27,27,0,match
1q8f0ky,1,27,27,0,match
1q8f100,1,27,27,0,match
1q8f147,1,27,27,0,match
1q8f15h,1,27,27,0,match
1q8f1sc,1,27,27,0,match
1q8f2jl,1,27,27,0,match
1q8f2z0,1,27,27,0,match
1q8f34a,1,27,27,0,match
1q8f35p,1,27,27,0,match
1q8f4d3,1,1,1,0,match
1q8f4gt,1,27,27,0,match
1q8f59g,1,27,27,0,match
1q8f5jh,1,27,27,0,match
1q8f5n3,1,27,27,0,match
1q8f5sw,1,26,26,0,match
1q8f7l1,1,26,26,0,match
1q8f7o0,1,26,26,0,match
1q8f7v8,1,26,26,0,match
1q8f8tt,1,26,26,0,match
1q8f93g,1,26,26,0,match
1q8f98i,1,26,26,0,match
1q8f9c2,1,26,26,0,match
1q8f9gk,1,2,2,0,match
1q8f9u8,1,26,26,0,match
1q8f9uk,1,26,26,0,match
1q8faca,1,5,5,0,match
1q8fae8,1,24,24,0,match
1q8fb1y,1,27,27,0,match
1q8fb2x,1,27,27,0,match
1q8fb53,1,27,27,0,match
1q8fba5,1,1,1,0,match
1q8fbhj,1,27,27,0,match
1q8fbll,1,27,27,0,match
1q8fbmo,1,27,27,0,match
1q8fca8,1,3,3,0,match
1q8fcux,1,27,27,0,match
1q8fczi,1,27,27,0,match
1q8fd2g,1,1,1,0,match
1q8fdfx,1,27,27,0,match
1q8fdg9,1,27,27,0,match
1q8fdls,1,27,27,0,match
1q8fdrh,1,27,27,0,match
1q8fds8,1,27,27,0,match
1q8fe36,1,27,27,0,match
1q8feay,1,27,27,0,match
1q8fepe,1,27,27,0,match
1q8feyq,1,5,5,0,match
1q8ff3g,1,1,1,0,match
1q8ffvs,1,27,27,0,match
1q8fgxj,1,27,27,0,match
1q8fgxo,1,27,27,0,match
1q8fhos,1,27,27,0,match
1q8fhrc,1,27,27,0,match
1q8fi2i,1,27,27,0,match
1q8fi54,1,27,27,0,match
1q8fi88,1,27,27,0,match
1q8fiha,1,27,27,0,match
1q8fir3,1,27,27,0,match
1q8fjcy,1,27,27,0,match
1q8fjs1,1,27,27,0,match
1q8fkn4,1,28,28,0,match
1q8fknr,1,28,28,0,match
1q8fkps,1,28,28,0,match
1q8fmij,1,27,27,0,match
1q8fn9l,1,27,27,0,match
1q8fngb,1,27,27,0,match
1q8fnzd,1,27,27,0,match
1q8fof5,1,27,27,0,match
1q8fol9,1,27,27,0,match
1q8fp0x,1,27,27,0,match
1q8fpjp,1,27,27,0,match
1q8fpmq,1,27,27,0,match
1q8fq3j,1,27,27,0,match
1q8fqvj,1,27,27,0,match
1q8fr3a,1,9,9,0,match
1q8frmc,1,27,27,0,match
1q8frtw,1,27,27,0,match
1q8frzv,1,27,27,0,match
1q8fs3s,1,27,27,0,match
1q8fs4q,1,1,1,0,match
1q8fsf4,1,27,27,0,match
1q8fskm,1,27,27,0,match
1q8fsor,1,4,4,0,match
1q8fsx2,1,27,27,0,match
1q8fsz8,1,27,27,0,match
1q8ft2t,1,27,27,0,match
1q8ft4v,1,27,27,0,match
1q8ft9l,1,27,27,0,match
1q8fu4h,1,27,27,0,match
1q8fu8z,1,12,12,0,match
1q8fuc3,1,27,27,0,match
1q8fvwj,1,27,27,0,match
1q8fwbm,1,27,27,0,match
1q8fwdq,1,27,27,0,match
1q8fwlw,1,27,27,0,match
1q8fwpf,1,27,27,0,match
1q8fwz3,1,28,28,0,match
1q8fx2d,1,28,28,0,match
1q8fx7e,1,28,28,0,match
1q8fybb,1,28,28,0,match
1q8fyft,1,28,28,0,match
1q8fynr,1,28,28,0,match
1q8fyq3,1,28,28,0,match
1q8fzdy,1,28,28,0,match
1q8fzkl,1,28,28,0,match
1q8g0ap,1,4,4,0,match
1q8g0se,1,27,27,0,match
1q8g0t0,1,27,27,0,match
1q8g1l2,1,27,27,0,match
1q8g1n4,1,27,27,0,match
1q8g28b,1,27,27,0,match
1q8g2tg,1,5,5,0,match
1q8g4d0,1,27,27,0,match
1q8g4du,1,27,27,0,match
1q8g57f,1,27,27,0,match
1q8g5cq,1,27,27,0,match
1q8g5p7,1,27,27,0,match
1q8g5xt,1,27,27,0,match
1q8g64x,1,27,27,0,match
1q8g66f,1,27,27,0,match
1q8g6ln,1,27,27,0,match
1q8g6p9,1,27,27,0,match
1q8g6wh,1,28,28,0,match
1q8g73c,1,28,28,0,match
1q8g791,1,28,28,0,match
1q8g7gn,1,28,28,0,match
1q8g7ow,1,28,28,0,match
1q8g83d,1,28,28,0,match
1q8g85f,1,28,28,0,match
1q8g86y,1,28,28,0,match
1q8g8fu,1,28,28,0,match
1q8g8lu,1,28,28,0,match
1q8g8m3,1,28,28,0,match
1q8g8zj,1,5,5,0,match
1q8g93j,1,3,3,0,match
1q8g9qx,1,2,2,0,match
1q8gai8,1,28,28,0,match
1q8gaid,1,28,28,0,match
1q8gaix,1,28,28,0,match
1q8gauz,1,28,28,0,match
1q8gbvx,1,28,28,0,match
1q8gct6,1,28,28,0,match
1q8gd20,1,28,28,0,match
1q8gdiz,1,28,28,0,match
1q8gdjl,1,28,28,0,match
1q8gdk2,1,28,28,0,match
1q8ge82,1,28,28,0,match
1q8geo7,1,29,29,0,match
1q8gfhc,1,28,28,0,match
1q8gfjg,1,28,28,0,match
1q8gfjo,1,28,28,0,match
1q8gfrd,1,28,28,0,match
1q8gg8n,1,28,28,0,match
1q8ggn1,1,28,28,0,match
1q8ggoz,1,1,1,0,match
1q8ggyc,1,28,28,0,match
1q8gh6t,1,28,28,0,match
1q8ghf0,1,28,28,0,match
1q8ghjk,1,28,28,0,match
1q8ghxe,1,28,28,0,match
1q8gi68,1,28,28,0,match
1q8gi6g,1,28,28,0,match
1q8gig8,1,28,28,0,match
1q8gigw,1,28,28,0,match
1q8gijg,1,28,28,0,match
1q8gikq,1,28,28,0,match
1q8gisu,1,28,28,0,match
1q8giup,1,28,28,0,match
1q8gjh8,1,28,28,0,match
1q8gjik,1,28,28,0,match
1q8gjpy,1,7,7,0,match
1q8gjwf,1,28,28,0,match
1q8gkji,1,28,28,0,match
1q8gklj,1,28,28,0,match
1q8gld8,1,7,7,0,match
1q8glf4,1,28,28,0,match
1q8gljy,1,5,5,0,match
1q8glnk,1,29,29,0,match
1q8glwk,1,29,29,0,match
1q8glwm,1,29,29,0,match
1q8gmmt,1,29,29,0,match
1q8gn19,1,1,1,0,match
1q8gnd4,1,29,29,0,match
1q8gnfd,1,29,29,0,match
1q8gnkj,1,29,29,0,match
1q8goax,1,29,29,0,match
1q8godc,1,29,29,0,match
1q8godd,1,29,29,0,match
1q8gofg,1,29,29,0,match
1q8gowo,1,29,29,0,match
1q8gprl,1,29,29,0,match
1q8gqr1,1,29,29,0,match
1q8grw7,1,1,1,0,match
1q8gsbp,1,2,2,0,match
1q8gsn4,1,29,29,0,match
1q8gsn8,1,13,13,0,match
1q8gsqv,1,29,29,0,match
1q8gsrb,1,11,11,0,match
1q8gt13,1,5,5,0,match
1q8gt7s,1,29,29,0,match
1q8gtep,1,29,29,0,match
1q8gtsz,1,4,4,0,match
1q8gtww,1,28,28,0,match
1q8gtyy,1,28,28,0,match
1q8gud3,1,28,28,0,match
1q8gueo,1,28,28,0,match
1q8gurk,1,4,4,0,match
1q8gv43,1,28,28,0,match
1q8gvcz,1,28,28,0,match
1q8gw0u,1,28,28,0,match
1q8gw52,1,28,28,0,match
1q8gw9f,1,28,28,0,match
1q8gwlm,1,28,28,0,match
1q8gwql,1,28,28,0,match
1q8gx8r,1,28,28,0,match
1q8gxsm,1,29,29,0,match
1q8gyam,1,14,14,0,match
1q8gybw,1,29,29,0,match
1q8gygj,1,29,29,0,match
1q8gyi4,1,29,29,0,match
1q8gzxs,1,10,10,0,match
1q8h09i,1,29,29,0,match
1q8h0tf,1,29,29,0,match
1q8h0vw,1,29,29,0,match
1q8h12n,1,14,14,0,match
1q8h1tb,1,29,29,0,match
1q8h2f6,1,29,29,0,match
1q8h2lp,1,29,29,0,match
1q8h35y,1,21,21,0,match
1q8h396,1,29,29,0,match
1q8h3n3,1,29,29,0,match
1q8h3oi,1,29,29,0,match
1q8h3vr,1,21,21,0,match
1q8h4ee,1,29,29,0,match
1q8h4jo,1,29,29,0,match
1q8h52y,1,29,29,0,match
1q8h58c,1,29,29,0,match
1q8h5fd,1,29,29,0,match
1q8h5wg,1,2,2,0,match
1q8h6er,1,29,29,0,match
1q8h6rv,1,28,28,0,match
1q8h714,1,29,29,0,match
1q8h7c5,1,29,29,0,match
1q8h7jv,1,1,1,0,match
1q8h7la,1,4,4,0,match
1q8h7xg,1,29,29,0,match
1q8h81c,1,29,29,0,match
1q8h82f,1,29,29,0,match
1q8h82x,1,16,16,0,match
1q8h866,1,29,29,0,match
1q8h8o5,1,28,28,0,match
1q8h8oa,1,28,28,0,match
1q8h912,1,28,28,0,match
1q8h98l,1,28,28,0,match
1q8h9e3,1,28,28,0,match
1q8h9i6,1,28,28,0,match
1q8hacl,1,28,28,0,match
1q8hagj,1,5,5,0,match
1q8har9,1,28,28,0,match
1q8hbx3,1,9,9,0,match
1q8hcrm,1,28,28,0,match
1q8hcyh,1,28,28,0,match
1q8heef,1,28,28,0,match
1q8hg20,1,29,29,0,match
1q8hg49,1,29,29,0,match
1q8hgld,1,2,2,0,match
1q8hgul,1,29,29,0,match
1q8hgzq,1,29,29,0,match
1q8hhpg,1,29,29,0,match
1q8hi19,1,29,29,0,match
1q8hij2,1,6,6,0,match
1q8hiyt,1,29,29,0,match
1q8hk98,1,1,1,0,match
1q8hkb1,1,29,29,0,match
1q8hkgv,1,29,29,0,match
1q8hktp,1,29,29,0,match
1q8hkz1,1,29,29,0,match
1q8hkzx,1,29,29,0,match
1q8hl61,1,29,29,0,match
1q8hl7q,1,29,29,0,match
1q8hlhf,1,29,29,0,match
1q8hlkx,1,29,29,0,match
1q8hlld,1,9,9,0,match
1q8hlwu,1,29,29,0,match
1q8hly3,1,29,29,0,match
1q8hmme,1,29,29,0,match
1q8hmmj,1,29,29,0,match
1q8hn80,1,28,28,0,match
1q8hnzd,1,3,3,0,match
1q8hoat,1,28,28,0,match
1q8hp74,1,1,1,0,match
1q8hpm4,1,28,28,0,match
1q8hq6w,1,28,28,0,match
1q8hqij,1,28,28,0,match
1q8hr1k,1,28,28,0,match
1q8hrgt,1,28,28,0,match
1q8hs18,1,28,28,0,match
1q8hs25,1,28,28,0,match
1q8hsy5,1,28,28,0,match
1q8htkc,1,28,28,0,match
1q8huum,1,28,28,0,match
1q8hv5t,1,28,28,0,match
1q8hvh2,1,28,28,0,match
1q8hwc6,1,28,28,0,match
1q8hwf7,1,28,28,0,match
1q8hwpc,1,1,1,0,match
1q8hww0,1,28,28,0,match
1q8hwyi,1,28,28,0,match
1q8hxb6,1,28,28,0,match
1q8hxl6,1,28,28,0,match
1q8hy9d,1,28,28,0,match
1q8hya3,1,29,29,0,match
1q8hyhc,1,29,29,0,match
1q8hypk,1,29,29,0,match
1q8hyst,1,29,29,0,match
1q8hz6y,1,29,29,0,match
1q8hzqo,1,1,1,0,match
1q8hzqx,1,29,29,0,match
1q8i03h,1,29,29,0,match
1q8i0it,1,29,29,0,match
1q8i0lc,1,4,4,0,match
1q8i1nc,1,28,28,0,match
1q8i1vb,1,28,28,0,match
1q8i28d,1,28,28,0,match
1q8i2es,1,28,28,0,match
1q8i2o5,1,28,28,0,match
1q8i2tc,1,28,28,0,match
1q8i2y1,1,28,28,0,match
1q8i31w,1,28,28,0,match
1q8i32x,1,28,28,0,match
1q8i3jc,1,28,28,0,match
1q8i3rl,1,28,28,0,match
1q8i3va,1,28,28,0,match
1q8i3z5,1,28,28,0,match
1q8i4j5,1,28,28,0,match
1q8i4sa,1,28,28,0,match
1q8i7v7,1,28,28,0,match
1q8i81g,1,28,28,0,match
1q8i839,1,28,28,0,match
1q8i8n6,1,28,28,0,match
1q8i8op,1,28,28,0,match
1q8i8un,1,28,28,0,match
1q8i9lw,1,28,28,0,match
1q8iaw1,1,28,28,0,match
1q8ib6y,1,28,28,0,match
1q8ibb0,1,1,1,0,match
1q8ibb8,1,28,28,0,match
1q8ibt9,1,29,29,0,match
1q8ibx8,1,29,29,0,match
1q8iby6,1,29,29,0,match
1q8iche,1,29,29,0,match
1q8idfq,1,29,29,0,match
1q8idly,1,29,29,0,match
1q8idqj,1,29,29,0,match
1q8idr2,1,29,29,0,match
1q8idrv,1,29,29,0,match
1q8ieqe,1,1,1,0,match
1q8ifv1,1,28,28,0,match
1q8igtc,1,28,28,0,match
1q8igyd,1,28,28,0,match
1q8ih6a,1,28,28,0,match
1q8ihki,1,28,28,0,match
1q8ihn1,1,1,1,0,match
1q8ihwt,1,28,28,0,match
1q8iic0,1,28,28,0,match
1q8iijd,1,8,8,0,match
1q8iio8,1,28,28,0,match
1q8iis5,1,28,28,0,match
1q8iiwn,1,28,28,0,match
1q8iiza,1,28,28,0,match
1q8ij5l,1,28,28,0,match
1q8ijza,1,28,28,0,match
1q8ikh8,1,28,28,0,match
1q8ilrc,1,28,28,0,match
1q8iml8,1,28,28,0,match
1q8imp2,1,28,28,0,match
1q8inaz,1,28,28,0,match
1q8inkq,1,28,28,0,match
1q8io91,1,28,28,0,match
1q8ioc8,1,28,28,0,match
1q8ipdz,1,28,28,0,match
1q8iprp,1,1,1,0,match
1q8ipy7,1,6,6,0,match
1q8ipz9,1,28,28,0,match
1q8iqcg,1,28,28,0,match
1q8iqj5,1,28,28,0,match
1q8iqqs,1,28,28,0,match
1q8iqwx,1,28,28,0,match
1q8iqz0,1,28,28,0,match
1q8isbr,1,29,29,0,match
1q8isrz,1,29,29,0,match
1q8istu,1,29,29,0,match
1q8isvx,1,29,29,0,match
1q8isyy,1,29,29,0,match
1q8itba,1,29,29,0,match
1q8itge,1,1,1,0,match
1q8itkp,1,29,29,0,match
1q8itri,1,28,28,0,match
1q8iubx,1,1,1,0,match
1q8iuka,1,13,13,0,match
1q8iuy9,1,28,28,0,match
1q8iv8s,1,28,28,0,match
1q8ivwm,1,28,28,0,match
1q8ivz7,1,28,28,0,match
1q8iwht,1,28,28,0,match
1q8iwuv,1,28,28,0,match
1q8ix2o,1,28,28,0,match
1q8ixkh,1,28,28,0,match
1q8ixma,1,28,28,0,match
1q8ixxm,1,28,28,0,match
1q8iyhp,1,2,2,0,match
1q8iyqf,1,28,28,0,match
1q8iz7e,1,28,28,0,match
1q8izj4,1,28,28,0,match
1q8izll,1,28,28,0,match
1q8izsa,1,2,2,0,match
1q8izua,1,3,3,0,match
1q8j0dk,1,28,28,0,match
1q8j0lq,1,9,9,0,match
1q8j1lu,1,6,6,0,match
1q8j1sv,1,28,28,0,match
1q8j1zj,1,28,28,0,match
1q8j2w9,1,28,28,0,match
1q8j3cg,1,28,28,0,match
1q8j3hf,1,28,28,0,match
1q8j3l5,1,28,28,0,match
1q8j3my,1,28,28,0,match
1q8j3pl,1,28,28,0,match
1q8j4xx,1,28,28,0,match
1q8j4yt,1,28,28,0,match
1q8j53e,1,2,2,0,match
1q8j5hb,1,28,28,0,match
1q8j6ci,1,28,28,0,match
1q8j6ph,1,29,29,0,match
1q8j6w5,1,29,29,0,match
1q8j6xy,1,29,29,0,match
1q8j72a,1,29,29,0,match
1q8j7f8,1,4,4,0,match
1q8j7qv,1,5,5,0,match
1q8j8s7,1,28,28,0,match
1q8j8s8,1,28,28,0,match
1q8j9j0,1,28,28,0,match
1q8j9qa,1,4,4,0,match
1q8j9tp,1,28,28,0,match
1q8jb07,1,28,28,0,match
1q8jb8y,1,4,4,0,match
1q8jb92,1,28,28,0,match
1q8jbsr,1,28,28,0,match
1q8jbvt,1,28,28,0,match
1q8jbz7,1,28,28,0,match
1q8jcf1,1,28,28,0,match
1q8jcs7,1,28,28,0,match
1q8jeey,1,18,18,0,match
1q8jef6,1,28,28,0,match
1q8jeff,1,28,28,0,match
1q8jetx,1,28,28,0,match
1q8jfh7,1,28,28,0,match
1q8jgfe,1,4,4,0,match
1q8jgl9,1,28,28,0,match
1q8jgss,1,28,28,0,match
1q8jhc8,1,28,28,0,match
1q8jhgs,1,28,28,0,match
1q8jio5,1,28,28,0,match
1q8jja8,1,28,28,0,match
1q8jjfv,1,28,28,0,match
1q8jjjy,1,28,28,0,match
1q8jkay,1,1,1,0,match
1q8jkbs,1,4,4,0,match
1q8jkeo,1,28,28,0,match
1q8jkxt,1,28,28,0,match
1q8jl0w,1,28,28,0,match
1q8jlbr,1,28,28,0,match
1q8jlet,1,28,28,0,match
1q8jltl,1,1,1,0,match
1q8jlw8,1,24,24,0,match
1q8jm7k,1,27,27,0,match
1q8jn0t,1,27,27,0,match
1q8jnen,1,27,27,0,match
1q8jnoj,1,27,27,0,match
1q8jnqu,1,28,28,0,match
1q8jnrm,1,28,28,0,match
1q8jnw4,1,28,28,0,match
1q8jo1k,1,28,28,0,match
1q8jo5z,1,28,28,0,match
1q8jo7p,1,28,28,0,match
1q8jocf,1,28,28,0,match
1q8joh2,1,1,1,0,match
1q8jot5,1,28,28,0,match
1q8jqh3,1,28,28,0,match
1q8jrw0,1,28,28,0,match
1q8jrwn,1,28,28,0,match
1q8js5z,1,3,3,0,match
1q8jsb8,1,28,28,0,match
1q8jsdv,1,28,28,0,match
1q8jsna,1,28,28,0,match
1q8juio,1,28,28,0,match
1q8jut9,1,28,28,0,match
1q8jvpn,1,28,28,0,match
1q8jwaj,1,28,28,0,match
1q8jwed,1,28,28,0,match
1q8jx5l,1,5,5,0,match
1q8jxcz,1,28,28,0,match
1q8jxth,1,28,28,0,match
1q8jxxq,1,28,28,0,match
1q8jyai,1,28,28,0,match
1q8jyjt,1,28,28,0,match
1q8jyv3,1,1,1,0,match
1q8jz27,1,3,3,0,match
1q8jz75,1,28,28,0,match
1q8jzg4,1,28,28,0,match
1q8jzit,1,28,28,0,match
1q8jzjo,1,28,28,0,match
1q8jzk0,1,28,28,0,match
1q8k01q,1,28,28,0,match
1q8k03n,1,29,29,0,match
1q8k0as,1,29,29,0,match
1q8k0l0,1,29,29,0,match
1q8k1h1,1,28,28,0,match
1q8k26i,1,28,28,0,match
1q8k2nd,1,28,28,0,match
1q8k2t8,1,28,28,0,match
1q8k2ta,1,28,28,0,match
1q8k3ju,1,28,28,0,match
1q8k3w5,1,23,23,0,match
1q8k3ys,1,28,28,0,match
1q8k4i7,1,28,28,0,match
1q8k4lt,1,28,28,0,match
1q8k57d,1,28,28,0,match
1q8k57n,1,28,28,0,match
1q8k5xu,1,28,28,0,match
1q8k6d8,1,28,28,0,match
1q8k6dv,1,28,28,0,match
1q8k7bh,1,11,11,0,match
1q8k7jb,1,28,28,0,match
1q8k7sn,1,7,7,0,match
1q8k7xb,1,28,28,0,match
1q8k81e,1,28,28,0,match
1q8k857,1,28,28,0,match
1q8k8ow,1,28,28,0,match
1q8k8s8,1,28,28,0,match
1q8k98x,1,28,28,0,match
1q8k9e6,1,28,28,0,match
1q8k9vx,1,28,28,0,match
1q8ka06,1,28,28,0,match
1q8kahj,1,28,28,0,match
1q8katw,1,28,28,0,match
1q8kbgi,1,28,28,0,match
1q8kbj7,1,29,29,0,match
1q8kc6w,1,29,29,0,match
1q8kc7g,1,29,29,0,match
1q8kcbn,1,2,2,0,match
1q8kcmf,1,29,29,0,match
1q8kcu7,1,29,29,0,match
1q8kdhs,1,29,29,0,match
1q8kdi5,1,29,29,0,match
1q8kdqd,1,29,29,0,match
1q8kdyl,1,19,19,0,match
1q8ke70,1,29,29,0,match
1q8kejp,1,29,29,0,match
1q8keuo,1,29,29,0,match
1q8kf34,1,29,29,0,match
1q8kfe5,1,28,28,0,match
1q8kfi3,1,28,28,0,match
1q8kftl,1,28,28,0,match
1q8kfu8,1,28,28,0,match
1q8kfyp,1,28,28,0,match
1q8kg06,1,28,28,0,match
1q8kgcp,1,28,28,0,match
1q8kggw,1,28,28,0,match
1q8kgjc,1,28,28,0,match
1q8kgox,1,29,29,0,match
1q8kgs6,1,29,29,0,match
1q8kgtt,1,9,9,0,match
1q8kgtu,1,29,29,0,match
1q8kgvj,1,29,29,0,match
1q8kgx1,1,29,29,0,match
1q8khsu,1,4,4,0,match
1q8khug,1,29,29,0,match
1q8ki62,1,29,29,0,match
1q8kick,1,29,29,0,match
1q8kiik,1,29,29,0,match
1q8kijl,1,29,29,0,match
1q8kim5,1,29,29,0,match
1q8kimf,1,29,29,0,match
1q8kji7,1,1,1,0,match
1q8kk5j,1,29,29,0,match
1q8kkir,1,29,29,0,match
1q8kl70,1,29,29,0,match
1q8kldn,1,29,29,0,match
1q8km03,1,29,29,0,match
1q8kmcy,1,29,29,0,match
1q8kmwj,1,29,29,0,match
1q8kncn,1,29,29,0,match
1q8knqb,1,29,29,0,match
1q8kocz,1,29,29,0,match
1q8koh1,1,30,30,0,match
1q8komf,1,30,30,0,match
1q8kotb,1,2,2,0,match
1q8kpcf,1,30,30,0,match
1q8kpdh,1,30,30,0,match
1q8kpyh,1,30,30,0,match
1q8kq3r,1,30,30,0,match
1q8kq4s,1,30,30,0,match
1q8kqcg,1,6,6,0,match
1q8kqet,1,30,30,0,match
1q8krh4,1,8,8,0,match
1q8krid,1,30,30,0,match
1q8ksgh,1,30,30,0,match
1q8ksr7,1,30,30,0,match
1q8ksri,1,30,30,0,match
1q8kt7j,1,30,30,0,match
1q8kt93,1,30,30,0,match
1q8ktcc,1,30,30,0,match
1q8ktvw,1,29,29,0,match
1q8ku4p,1,29,29,0,match
1q8ku6g,1,29,29,0,match
1q8kujz,1,29,29,0,match
1q8kvdd,1,29,29,0,match
1q8kvqc,1,12,12,0,match
1q8kw4m,1,4,4,0,match
1q8kweu,1,29,29,0,match
1q8kwg9,1,29,29,0,match
1q8kwsc,1,29,29,0,match
1q8kx7i,1,29,29,0,match
1q8kxcu,1,29,29,0,match
1q8kxko,1,29,29,0,match
1q8kxvz,1,29,29,0,match
1q8ky6k,1,29,29,0,match
1q8ky7n,1,30,30,0,match
1q8kydp,1,30,30,0,match
1q8kyf0,1,30,30,0,match
1q8kyfg,1,4,4,0,match
1q8kyu3,1,5,5,0,match
1q8kzmb,1,30,30,0,match
1q8kzo6,1,30,30,0,match
1q8kzoj,1,30,30,0,match
1q8l01p,1,30,30,0,match
1q8l0as,1,30,30,0,match
1q8l0p0,1,30,30,0,match
1q8l10p,1,1,1,0,match
1q8l122,1,5,5,0,match
1q8l1tj,1,30,30,0,match
1q8l20r,1,30,30,0,match
1q8l2j1,1,30,30,0,match
1q8l2r8,1,12,12,0,match
1q8l31k,1,30,30,0,match
1q8l34c,1,30,30,0,match
1q8l357,1,30,30,0,match
1q8l3vh,1,30,30,0,match
1q8l42u,1,30,30,0,match
1q8l479,1,30,30,0,match
1q8l4i0,1,30,30,0,match
1q8l4zw,1,30,30,0,match
1q8l545,1,30,30,0,match
1q8l58e,1,30,30,0,match
1q8l5ge,1,5,5,0,match
1q8l6dj,1,30,30,0,match
1q8l70g,1,30,30,0,match
1q8l72t,1,30,30,0,match
1q8l79d,1,30,30,0,match
1q8l7wy,1,29,29,0,match
1q8l8c9,1,29,29,0,match
1q8l94v,1,29,29,0,match
1q8l9dx,1,29,29,0,match
1q8l9r2,1,29,29,0,match
1q8la4b,1,29,29,0,match
1q8lahx,1,7,7,0,match
1q8lanr,1,29,29,0,match
1q8las4,1,29,29,0,match
1q8lbbq,1,4,4,0,match
1q8lbcw,1,29,29,0,match
1q8lbqj,1,29,29,0,match
1q8lc90,1,29,29,0,match
1q8lcd9,1,1,1,0,match
1q8lcic,1,29,29,0,match
1q8lcsm,1,29,29,0,match
1q8ld6u,1,1,1,0,match
1q8lda6,1,30,30,0,match
1q8ldvp,1,19,19,0,match
1q8ldz6,1,30,30,0,match
1q8lem4,1,30,30,0,match
1q8lf01,1,30,30,0,match
1q8lf39,1,30,30,0,match
1q8lfsk,1,30,30,0,match
1q8lg0u,1,30,30,0,match
1q8lg5g,1,30,30,0,match
1q8lgd2,1,30,30,0,match
1q8lge3,1,30,30,0,match
1q8lgni,1,30,30,0,match
1q8lgpo,1,30,30,0,match
1q8lgvn,1,30,30,0,match
1q8lgx8,1,30,30,0,match
1q8lgyk,1,30,30,0,match
1q8lhsx,1,30,30,0,match
1q8li3i,1,30,30,0,match
1q8li9j,1,30,30,0,match
1q8likb,1,30,30,0,match
1q8liru,1,30,30,0,match
1q8ljcj,1,30,30,0,match
1q8ljgd,1,30,30,0,match
1q8ljw5,1,30,30,0,match
1q8lk0v,1,30,30,0,match
1q8lkqz,1,30,30,0,match
1q8ll7m,1,30,30,0,match
1q8llfd,1,30,30,0,match
1q8llx0,1,29,29,0,match
1q8llya,1,25,25,0,match
1q8lm6e,1,3,3,0,match
1q8lmgf,1,5,5,0,match
1q8lmpw,1,29,29,0,match
1q8lmqq,1,7,7,0,match
1q8lmvv,1,6,6,0,match
1q8lnog,1,29,29,0,match
1q8losp,1,29,29,0,match
1q8loz0,1,30,30,0,match
1q8lpeh,1,30,30,0,match
1q8lprm,1,30,30,0,match
1q8lq82,1,30,30,0,match
1q8lqc4,1,30,30,0,match
1q8lqnw,1,30,30,0,match
1q8lqtv,1,30,30,0,match
1q8lr3o,1,30,30,0,match
1q8lrwl,1,30,30,0,match
1q8lsqa,1,30,30,0,match
1q8lsur,1,30,30,0,match
1q8lt8z,1,30,30,0,match
1q8ltlv,1,30,30,0,match
1q8lubt,1,30,30,0,match
1q8ludy,1,30,30,0,match
1q8luk1,1,30,30,0,match
1q8lveo,1,30,30,0,match
1q8lvkb,1,30,30,0,match
1q8lvl6,1,30,30,0,match
1q8lvvr,1,30,30,0,match
1q8lvyp,1,30,30,0,match
1q8lwdd,1,30,30,0,match
1q8lwl1,1,3,3,0,match
1q8lwmr,1,30,30,0,match
1q8lwq7,1,30,30,0,match
1q8lx1a,1,30,30,0,match
1q8lz3p,1,2,2,0,match
1q8lz4f,1,30,30,0,match
1q8lzlk,1,30,30,0,match
1q8lztb,1,30,30,0,match
1q8m00a,1,30,30,0,match
1q8m072,1,3,3,0,match
1q8m0f5,1,29,29,0,match
1q8m0if,1,3,3,0,match
1q8m0vp,1,29,29,0,match
1q8m1cm,1,29,29,0,match
1q8m1lo,1,29,29,0,match
1q8m1pn,1,29,29,0,match
1q8m1wt,1,1,1,0,match
1q8m285,1,30,30,0,match
1q8m2en,1,30,30,0,match
1q8m2he,1,30,30,0,match
1q8m38y,1,30,30,0,match
1q8m3b5,1,30,30,0,match
1q8m3hq,1,30,30,0,match
1q8m3pb,1,30,30,0,match
1q8m3pp,1,30,30,0,match
1q8m3q7,1,30,30,0,match
1q8m3qx,1,30,30,0,match
1q8m48i,1,30,30,0,match
1q8m49w,1,30,30,0,match
1q8m4ee,1,30,30,0,match
1q8m4ez,1,30,30,0,match
1q8m6rn,1,30,30,0,match
1q8m6sy,1,3,3,0,match
1q8m6wh,1,30,30,0,match
1q8m786,1,30,30,0,match
1q8m7bq,1,30,30,0,match
1q8m8eb,1,30,30,0,match
1q8m8p2,1,30,30,0,match
1q8m8qs,1,26,26,0,match
1q8m9kw,1,30,30,0,match
1q8m9nt,1,30,30,0,match
1q8m9ot,1,30,30,0,match
1q8m9yx,1,30,30,0,match
1q8ma1q,1,30,30,0,match
1q8maaf,1,30,30,0,match
1q8magp,1,30,30,0,match
1q8mb1g,1,30,30,0,match
1q8mbdj,1,30,30,0,match
1q8mbef,1,30,30,0,match
1q8mbwq,1,30,30,0,match
1q8mc82,1,30,30,0,match
1q8mckf,1,30,30,0,match
1q8me2q,1,29,29,0,match
1q8me88,1,29,29,0,match
1q8mebz,1,29,29,0,match
1q8meed,1,29,29,0,match
1q8meeg,1,29,29,0,match
1q8meoo,1,29,29,0,match
1q8mevj,1,29,29,0,match
1q8mfm2,1,29,29,0,match
1q8mg0g,1,30,30,0,match
1q8mgco,1,30,30,0,match
1q8mgfr,1,30,30,0,match
1q8mgg0,1,30,30,0,match
1q8mglg,1,30,30,0,match
1q8mgpc,1,30,30,0,match
1q8mh8n,1,30,30,0,match
1q8mhgb,1,30,30,0,match
1q8mhip,1,30,30,0,match
1q8mhlj,1,30,30,0,match
1q8mhrq,1,30,30,0,match
1q8mi79,1,30,30,0,match
1q8miq3,1,30,30,0,match
1q8mjsz,1,30,30,0,match
1q8mjwn,1,30,30,0,match
1q8mk83,1,6,6,0,match
1q8mkdv,1,30,30,0,match
1q8mknz,1,30,30,0,match
1q8mkpb,1,30,30,0,match
1q8mktv,1,4,4,0,match
1q8ml0q,1,30,30,0,match
1q8ml9q,1,12,12,0,match
1q8mlg1,1,2,2,0,match
1q8mlvp,1,30,30,0,match
1q8mn23,1,30,30,0,match
1q8mn8q,1,30,30,0,match
1q8mo4b,1,3,3,0,match
1q8mo9q,1,30,30,0,match
1q8moml,1,30,30,0,match
1q8moob,1,30,30,0,match
1q8mp1c,1,5,5,0,match
1q8mp64,1,30,30,0,match
1q8mpco,1,30,30,0,match
1q8mpde,1,30,30,0,match
1q8mpuu,1,30,30,0,match
1q8mq6f,1,30,30,0,match
1q8mqbk,1,31,31,0,match
1q8mqkl,1,31,31,0,match
1q8mqv5,1,31,31,0,match
1q8mrp4,1,1,1,0,match
1q8ms01,1,30,30,0,match
1q8msck,1,1,1,0,match
1q8msz1,1,30,30,0,match
1q8mtu0,1,30,30,0,match
1q8muft,1,30,30,0,match
1q8muh4,1,30,30,0,match
1q8mulc,1,11,11,0,match
1q8musu,1,30,30,0,match
1q8mux3,1,30,30,0,match
1q8mv03,1,9,9,0,match
1q8mvb3,1,30,30,0,match
1q8mvhk,1,9,9,0,match
1q8mvwp,1,30,30,0,match
1q8mw3c,1,30,30,0,match
1q8mwsq,1,30,30,0,match
1q8mwx2,1,30,30,0,match
1q8mwyh,1,30,30,0,match
1q8mx2z,1,30,30,0,match
1q8mx8w,1,30,30,0,match
1q8mx9c,1,30,30,0,match
1q8myby,1,30,30,0,match
1q8myg0,1,1,1,0,match
1q8myik,1,1,1,0,match
1q8mylz,1,1,1,0,match
1q8n1b5,1,30,30,0,match
1q8n1bn,1,1,1,0,match
1q8n1jl,1,30,30,0,match
1q8n289,1,31,31,0,match
1q8n2s9,1,31,31,0,match
1q8n3k1,1,1,1,0,match
1q8n3uv,1,31,31,0,match
1q8n3vj,1,1,1,0,match
1q8n41v,1,1,1,0,match
1q8n4at,1,1,1,0,match
1q8n4gj,1,1,1,0,match
1q8n5by,1,31,31,0,match
1q8n5e3,1,1,1,0,match
1q8n5lx,1,30,30,0,match
1q8n5sz,1,30,30,0,match
1q8n6np,1,30,30,0,match
1q8n7pb,1,30,30,0,match
1q8n7ws,1,30,30,0,match
1q8n8n9,1,5,5,0,match
1q8n8s2,1,30,30,0,match
1q8n90u,1,2,2,0,match
1q8n9df,1,30,30,0,match
1q8n9el,1,30,30,0,match
1q8na2b,1,30,30,0,match
1q8na48,1,30,30,0,match
1q8nag8,1,30,30,0,match
1q8naiz,1,30,30,0,match
1q8nax3,1,30,30,0,match
1q8nb17,1,30,30,0,match
1q8nb83,1,2,2,0,match
1q8nbv7,1,30,30,0,match
1q8nc2d,1,30,30,0,match
1q8nc6z,1,30,30,0,match
1q8ncrv,1,30,30,0,match
1q8ndtf,1,30,30,0,match
1q8ne7u,1,30,30,0,match
1q8ne88,1,30,30,0,match
1q8nf8y,1,30,30,0,match
1q8nfoo,1,30,30,0,match
1q8nfql,1,30,30,0,match
1q8nfua,1,30,30,0,match
1q8nfwu,1,2,2,0,match
1q8ngjf,1,30,30,0,match
1q8ngwp,1,30,30,0,match
1q8nhhc,1,30,30,0,match
1q8nhto,1,30,30,0,match
1q8nic3,1,30,30,0,match
1q8niy6,1,29,29,0,match
1q8njdw,1,30,30,0,match
1q8njsv,1,30,30,0,match
1q8nkee,1,30,30,0,match
1q8nlf4,1,30,30,0,match
1q8nmr0,1,30,30,0,match
1q8nmzn,1,30,30,0,match
1q8nnn0,1,30,30,0,match
1q8nnya,1,30,30,0,match
1q8nord,1,30,30,0,match
1q8np6u,1,2,2,0,match
1q8np78,1,30,30,0,match
1q8npbx,1,30,30,0,match
1q8npnw,1,30,30,0,match
1q8nppc,1,30,30,0,match
1q8nqb1,1,30,30,0,match
1q8nqbe,1,30,30,0,match
1q8nqja,1,30,30,0,match
1q8nrrl,1,30,30,0,match
1q8nrsz,1,30,30,0,match
1q8nrxv,1,30,30,0,match
1q8ns2e,1,30,30,0,match
1q8ns31,1,30,30,0,match
1q8nsbn,1,30,30,0,match
1q8nsho,1,30,30,0,match
1q8nsi0,1,31,31,0,match
1q8nskx,1,1,1,0,match
1q8nsr9,1,31,31,0,match
1q8nt4w,1,31,31,0,match
1q8ntdp,1,31,31,0,match
1q8nu12,1,31,31,0,match
1q8nuej,1,31,31,0,match
1q8nurb,1,31,31,0,match
1q8nv59,1,31,31,0,match
1q8nvmu,1,31,31,0,match
1q8nvsq,1,31,31,0,match
1q8nw0c,1,31,31,0,match
1q8nw2i,1,5,5,0,match
1q8nxf0,1,30,30,0,match
1q8nxlz,1,30,30,0,match
1q8nxqk,1,30,30,0,match
1q8ny4k,1,30,30,0,match
1q8ny9r,1,30,30,0,match
1q8nyfh,1,30,30,0,match
1q8nyn4,1,30,30,0,match
1q8nytu,1,17,17,0,match
1q8nzfj,1,30,30,0,match
1q8nzl6,1,30,30,0,match
1q8nzo0,1,30,30,0,match
1q8nzw5,1,30,30,0,match
1q8o0c1,1,30,30,0,match
1q8o0w2,1,30,30,0,match
1q8o0z1,1,30,30,0,match
1q8o1e2,1,2,2,0,match
1q8o1ec,1,30,30,0,match
1q8o1m7,1,30,30,0,match
1q8o1sz,1,30,30,0,match
1q8o2bc,1,30,30,0,match
1q8o2c5,1,30,30,0,match
1q8o2p5,1,30,30,0,match
1q8o2uz,1,30,30,0,match
1q8o2vu,1,30,30,0,match
1q8o2yj,1,30,30,0,match
1q8o354,1,30,30,0,match
1q8o3b3,1,4,4,0,match
1q8o4af,1,18,18,0,match
1q8o4hn,1,30,30,0,match
1q8o4n1,1,31,31,0,match
1q8o4zy,1,31,31,0,match
1q8o58x,1,31,31,0,match
1q8o5dn,1,9,9,0,match
1q8o5zt,1,31,31,0,match
1q8o60h,1,20,20,0,match
1q8o68z,1,31,31,0,match
1q8o7g8,1,31,31,0,match
1q8o7lo,1,31,31,0,match
1q8o8bn,1,31,31,0,match
1q8o8dx,1,14,14,0,match
1q8o8ud,1,31,31,0,match
1q8o9b1,1,30,30,0,match
1q8o9ei,1,2,2,0,match
1q8o9h7,1,30,30,0,match
1q8oa0u,1,31,31,0,match
1q8oa6k,1,31,31,0,match
1q8oa9v,1,31,31,0,match
1q8oadw,1,31,31,0,match
1q8oalf,1,31,31,0,match
1q8oasa,1,31,31,0,match
1q8oaxi,1,31,31,0,match
1q8ob6v,1,31,31,0,match
1q8obdu,1,31,31,0,match
1q8obgy,1,31,31,0,match
1q8obkx,1,31,31,0,match
1q8obxj,1,31,31,0,match
1q8oc0m,1,31,31,0,match
1q8ocjl,1,31,31,0,match
1q8ocod,1,31,31,0,match
1q8ocwc,1,31,31,0,match
1q8ocz4,1,31,31,0,match
1q8od6k,1,31,31,0,match
1q8od9s,1,31,31,0,match
1q8oda1,1,32,32,0,match
1q8odc4,1,32,32,0,match
1q8odi1,1,32,32,0,match
1q8odkg,1,32,32,0,match
1q8odvt,1,32,32,0,match
1q8oec4,1,32,32,0,match
1q8oete,1,32,32,0,match
1q8ofdg,1,32,32,0,match
1q8ofno,1,32,32,0,match
1q8oge8,1,32,32,0,match
1q8oh0n,1,32,32,0,match
1q8oh2f,1,32,32,0,match
1q8ohmt,1,32,32,0,match
1q8ohpy,1,32,32,0,match
1q8ohw2,1,32,32,0,match
1q8ohx6,1,32,32,0,match
1q8ohy6,1,32,32,0,match
1q8oion,1,32,32,0,match
1q8oip7,1,32,32,0,match
1q8oipg,1,32,32,0,match
1q8oj7c,1,32,32,0,match
1q8ojzh,1,25,25,0,match
1q8ok1v,1,32,32,0,match
1q8ok6k,1,32,32,0,match
1q8okcq,1,32,32,0,match
1q8okdo,1,32,32,0,match
1q8okjv,1,32,32,0,match
1q8oko8,1,32,32,0,match
1q8oksj,1,32,32,0,match
1q8ol4w,1,32,32,0,match
1q8ol8i,1,32,32,0,match
1q8olj7,1,32,32,0,match
1q8olqa,1,31,31,0,match
1q8oly3,1,31,31,0,match
1q8omsv,1,31,31,0,match
1q8onao,1,31,31,0,match
1q8oow6,1,31,31,0,match
1q8opfv,1,32,32,0,match
1q8oppx,1,32,32,0,match
1q8oq1n,1,32,32,0,match
1q8oq6r,1,32,32,0,match
1q8oqba,1,32,32,0,match
1q8oqei,1,32,32,0,match
1q8ork5,1,32,32,0,match
1q8ormv,1,32,32,0,match
1q8orya,1,32,32,0,match
1q8os46,1,32,32,0,match
1q8os69,1,32,32,0,match
1q8ot5a,1,32,32,0,match
1q8oth0,1,32,32,0,match
1q8othh,1,32,32,0,match
1q8otsh,1,32,32,0,match
1q8otu2,1,32,32,0,match
1q8oufy,1,2,2,0,match
1q8ouwi,1,32,32,0,match
1q8ov7w,1,32,32,0,match
1q8ov86,1,1,1,0,match
1q8ovfp,1,32,32,0,match
1q8ovk2,1,32,32,0,match
1q8ovyg,1,32,32,0,match
1q8ow6t,1,32,32,0,match
1q8ow7n,1,32,32,0,match
1q8owii,1,32,32,0,match
1q8ownx,1,1,1,0,match
1q8owvq,1,32,32,0,match
1q8ox2s,1,32,32,0,match
1q8oxc8,1,1,1,0,match
1q8oxlr,1,33,33,0,match
1q8oxma,1,33,33,0,match
1q8oxts,1,33,33,0,match
1q8oxug,1,33,33,0,match
1q8oy56,1,33,33,0,match
1q8oy9j,1,33,33,0,match
1q8oyks,1,33,33,0,match
1q8oz29,1,32,32,0,match
1q8oz5u,1,32,32,0,match
1q8ozve,1,3,3,0,match
1q8p034,1,32,32,0,match
1q8p0l4,1,16,16,0,match
1q8p0pg,1,32,32,0,match
1q8p0wf,1,32,32,0,match
1q8p14k,1,32,32,0,match
1q8p18q,1,32,32,0,match
1q8p2ah,1,32,32,0,match
1q8p2et,1,32,32,0,match
1q8p2f9,1,32,32,0,match
1q8p2lj,1,32,32,0,match
1q8p3ba,1,32,32,0,match
1q8p3bc,1,32,32,0,match
1q8p3hs,1,32,32,0,match
1q8p3m3,1,32,32,0,match
1q8p417,1,32,32,0,match
1q8p449,1,1,1,0,match
1q8p47v,1,32,32,0,match
1q8p5aw,1,32,32,0,match
1q8p5i6,1,32,32,0,match
1q8p61j,1,32,32,0,match
1q8p70c,1,32,32,0,match
1q8p752,1,33,33,0,match
1q8p7cy,1,33,33,0,match
1q8p7pi,1,33,33,0,match
1q8p7qn,1,33,33,0,match
1q8p7ur,1,1,1,0,match
1q8p7wc,1,33,33,0,match
1q8p83r,1,17,17,0,match
1q8p8pu,1,33,33,0,match
1q8p8s9,1,3,3,0,match
1q8p8vf,1,33,33,0,match
1q8p8w4,1,33,33,0,match
1q8p8x9,1,33,33,0,match
1q8p9uq,1,33,33,0,match
1q8p9wg,1,33,33,0,match
1q8pb96,1,33,33,0,match
1q8pbyk,1,32,32,0,match
1q8pc8q,1,32,32,0,match
1q8pcpw,1,33,33,0,match
1q8pcuf,1,33,33,0,match
1q8pedc,1,33,33,0,match
1q8peh8,1,33,33,0,match
1q8pekb,1,33,33,0,match
1q8peyg,1,33,33,0,match
1q8pfaz,1,33,33,0,match
1q8pfng,1,4,4,0,match
1q8pg1l,1,33,33,0,match
1q8pg3m,1,33,33,0,match
1q8pgb0,1,3,3,0,match
1q8pho8,1,33,33,0,match
1q8pi9x,1,33,33,0,match
1q8pinn,1,4,4,0,match
1q8pja9,1,1,1,0,match
1q8pjfs,1,33,33,0,match
1q8pjty,1,33,33,0,match
1q8pjx8,1,33,33,0,match
1q8pjzz,1,2,2,0,match
1q8pkos,1,33,33,0,match
1q8pkzu,1,1,1,0,match
1q8pl2p,1,33,33,0,match
1q8plke,1,33,33,0,match
1q8pmkj,1,15,15,0,match
1q8pn3y,1,33,33,0,match
1q8pn4o,1,33,33,0,match
1q8pnel,1,33,33,0,match
1q8pnzd,1,2,2,0,match
1q8po8f,1,1,1,0,match
1q8poqf,1,32,32,0,match
1q8posw,1,3,3,0,match
1q8pozn,1,32,32,0,match
1q8pp9c,1,32,32,0,match
1q8ppyj,1,15,15,0,match
1q8prfp,1,32,32,0,match
1q8prnr,1,32,32,0,match
1q8prz9,1,32,32,0,match
1q8psqi,1,32,32,0,match
1q8psrp,1,32,32,0,match
1q8pt3i,1,33,33,0,match
1q8pt9c,1,33,33,0,match
1q8pthc,1,33,33,0,match
1q8ptkx,1,23,23,0,match
1q8ptsh,1,33,33,0,match
1q8pu2h,1,33,33,0,match
1q8puj9,1,33,33,0,match
1q8pup3,1,1,1,0,match
1q8pupu,1,33,33,0,match
1q8pv3j,1,33,33,0,match
1q8pvc8,1,33,33,0,match
1q8pw5x,1,1,1,0,match
1q8px1h,1,33,33,0,match
1q8px2s,1,33,33,0,match
1q8pygl,1,33,33,0,match
1q8pyi2,1,33,33,0,match
1q8pz8r,1,33,33,0,match
1q8pzvk,1,33,33,0,match
1q8q00v,1,33,33,0,match
1q8q00y,1,33,33,0,match
1q8q04a,1,33,33,0,match
1q8q0ur,1,33,33,0,match
1q8q29s,1,32,32,0,match
1q8q2fm,1,32,32,0,match
1q8q2fy,1,32,32,0,match
1q8q2nx,1,32,32,0,match
1q8q2zx,1,32,32,0,match
1q8q37i,1,33,33,0,match
1q8q38w,1,33,33,0,match
1q8q3i9,1,33,33,0,match
1q8q3vc,1,33,33,0,match
1q8q3wp,1,33,33,0,match
1q8q3wt,1,33,33,0,match
1q8q3z8,1,33,33,0,match
1q8q47p,1,1,1,0,match
1q8q4dy,1,33,33,0,match
1q8q4ij,1,33,33,0,match
1q8q4sh,1,33,33,0,match
1q8q55k,1,33,33,0,match
1q8q5j1,1,19,19,0,match
1q8q5oq,1,1,1,0,match
1q8q668,1,33,33,0,match
1q8q6bz,1,33,33,0,match
1q8q6fq,1,33,33,0,match
1q8q6g7,1,2,2,0,match
1q8q6im,1,1,1,0,match
1q8q72a,1,33,33,0,match
1q8q72k,1,33,33,0,match
1q8q74m,1,33,33,0,match
1q8q7hh,1,33,33,0,match
1q8q7pn,1,33,33,0,match
1q8q89d,1,33,33,0,match
1q8q8cl,1,33,33,0,match
1q8q8ez,1,2,2,0,match
1q8q91y,1,33,33,0,match
1q8q94e,1,33,33,0,match
1q8qafu,1,33,33,0,match
1q8qb51,1,33,33,0,match
1q8qbao,1,34,34,0,match
1q8qbpg,1,34,34,0,match
1q8qco7,1,1,1,0,match
1q8qdb6,1,34,34,0,match
1q8qehk,1,33,33,0,match
1q8qesb,1,33,33,0,match
1q8qff2,1,33,33,0,match
1q8qfu3,1,22,22,0,match
1q8qgca,1,33,33,0,match
1q8qh08,1,2,2,0,match
1q8qhfv,1,2,2,0,match
1q8qix9,1,1,1,0,match
1q8qiz5,1,33,33,0,match
1q8qjh8,1,33,33,0,match
1q8qjub,1,33,33,0,match
1q8qkfm,1,33,33,0,match
1q8qkis,1,1,1,0,match
1q8qkrv,1,33,33,0,match
1q8ql6a,1,6,6,0,match
1q8qleq,1,33,33,0,match
1q8qlqj,1,33,33,0,match
1q8qlu5,1,33,33,0,match
1q8qlvx,1,33,33,0,match
1q8qmvm,1,3,3,0,match
1q8qmxn,1,33,33,0,match
1q8qn55,1,1,1,0,match
1q8qn9a,1,33,33,0,match
1q8qnhz,1,33,33,0,match
1q8qp9r,1,11,11,0,match
1q8qpfy,1,33,33,0,match
1q8qppd,1,33,33,0,match
1q8qpwo,1,32,32,0,match
1q8qqcb,1,32,32,0,match
1q8qqtg,1,32,32,0,match
1q8qrr6,1,32,32,0,match
1q8qry4,1,1,1,0,match
1q8qsp1,1,33,33,0,match
1q8qsvn,1,33,33,0,match
1q8qt2o,1,33,33,0,match
1q8qu3x,1,16,16,0,match
1q8qusf,1,33,33,0,match
1q8quvh,1,33,33,0,match
1q8qw1p,1,33,33,0,match
1q8qwsi,1,33,33,0,match
1q8qxem,1,33,33,0,match
1q8qxfo,1,33,33,0,match
1q8qxid,1,33,33,0,match
1q8qxsw,1,33,33,0,match
1q8qybr,1,33,33,0,match
1q8qyjm,1,3,3,0,match
1q8qynf,1,2,2,0,match
1q8qz5v,1,33,33,0,match
1q8qzhh,1,33,33,0,match
1q8qzno,1,33,33,0,match
1q8qzyt,1,33,33,0,match
1q8r00h,1,33,33,0,match
1q8r0bm,1,33,33,0,match
1q8r0om,1,33,33,0,match
1q8r0wp,1,34,34,0,match
1q8r0wz,1,34,34,0,match
1q8r1dh,1,34,34,0,match
1q8r1dl,1,34,34,0,match
1q8r1ii,1,34,34,0,match
1q8r1nx,1,2,2,0,match
1q8r2yx,1,3,3,0,match
1q8r3lt,1,33,33,0,match
1q8r4dt,1,33,33,0,match
1q8r4gy,1,33,33,0,match
1q8r58q,1,33,33,0,match
1q8r5mc,1,33,33,0,match
1q8r6cj,1,33,33,0,match
1q8r6n3,1,33,33,0,match
1q8r6w5,1,33,33,0,match
1q8r6y1,1,33,33,0,match
1q8r6zf,1,33,33,0,match
1q8r757,1,1,1,0,match
1q8r7fg,1,33,33,0,match
1q8r8s2,1,33,33,0,match
1q8r8z8,1,1,1,0,match
1q8r9fn,1,33,33,0,match
1q8r9x6,1,6,6,0,match
1q8ra6t,1,4,4,0,match
1q8raqc,1,26,26,0,match
1q8rax7,1,34,34,0,match
1q8rb7r,1,34,34,0,match
1q8rbfk,1,3,3,0,match
1q8rbi2,1,34,34,0,match
1q8rbu2,1,34,34,0,match
1q8rbuj,1,34,34,0,match
1q8rbvz,1,34,34,0,match
1q8rcf5,1,34,34,0,match
1q8rcfd,1,9,9,0,match
1q8rcqa,1,34,34,0,match
1q8rd3q,1,3,3,0,match
1q8re4k,1,33,33,0,match
1q8reyv,1,33,33,0,match
1q8rfie,1,6,6,0,match
1q8rfmc,1,33,33,0,match
1q8rfs3,1,33,33,0,match
1q8rgeo,1,33,33,0,match
1q8rgk3,1,33,33,0,match
1q8rgn6,1,19,19,0,match
1q8rgnq,1,33,33,0,match
1q8rgwi,1,33,33,0,match
1q8rh9u,1,33,33,0,match
1q8rhaf,1,33,33,0,match
1q8rhkf,1,33,33,0,match
1q8rhkv,1,33,33,0,match
1q8rhu6,1,2,2,0,match
1q8rhx4,1,33,33,0,match
1q8ri2r,1,33,33,0,match
1q8rijc,1,1,1,0,match
1q8rirh,1,33,33,0,match
1q8rjne,1,33,33,0,match
1q8rjp7,1,33,33,0,match
1q8rjqs,1,33,33,0,match
1q8rjwq,1,33,33,0,match
1q8rk72,1,33,33,0,match
1q8rksg,1,34,34,0,match
1q8rl4c,1,34,34,0,match
1q8rl6r,1,34,34,0,match
1q8rl6s,1,34,34,0,match
1q8rli0,1,34,34,0,match
1q8rm9n,1,34,34,0,match
1q8rmsx,1,34,34,0,match
1q8ro1d,1,34,34,0,match
1q8ropk,1,3,3,0,match
1q8row6,1,34,34,0,match
1q8rox3,1,34,34,0,match
1q8rpkv,1,34,34,0,match
1q8rqhi,1,34,34,0,match
1q8rqro,1,33,33,0,match
1q8rqvm,1,33,33,0,match
1q8rqzj,1,34,34,0,match
1q8rqzy,1,18,18,0,match
1q8rrg1,1,34,34,0,match
1q8rrzm,1,34,34,0,match
1q8rs2v,1,34,34,0,match
1q8rsbu,1,34,34,0,match
1q8rste,1,34,34,0,match
1q8rszq,1,34,34,0,match
1q8rt0m,1,34,34,0,match
1q8rt7y,1,1,1,0,match
1q8rtb2,1,34,34,0,match
1q8rtg8,1,34,34,0,match
1q8rtp9,1,34,34,0,match
1q8rtrt,1,34,34,0,match
1q8rud8,1,35,35,0,match
1q8rudr,1,35,35,0,match
1q8rued,1,35,35,0,match
1q8rv9q,1,1,1,0,match
1q8rvsa,1,35,35,0,match
1q8rw2o,1,35,35,0,match
1q8rwrl,1,35,35,0,match
1q8rwsv,1,35,35,0,match
1q8rx4c,1,35,35,0,match
1q8rynt,1,1,1,0,match
1q8ryzk,1,35,35,0,match
1q8rzd8,1,18,18,0,match
1q8rzjy,1,35,35,0,match
1q8rzmg,1,1,1,0,match
1q8rzrx,1,1,1,0,match
1q8rzyh,1,35,35,0,match
1q8s0u8,1,35,35,0,match
1q8s11a,1,35,35,0,match
1q8s16a,1,35,35,0,match
1q8s1dn,1,35,35,0,match
1q8s1qv,1,1,1,0,match
1q8s1yr,1,36,36,0,match
1q8s208,1,36,36,0,match
1q8s26p,1,36,36,0,match
1q8s31s,1,35,35,0,match
1q8s3tf,1,1,1,0,match
1q8s46i,1,35,35,0,match
1q8s4m7,1,35,35,0,match
1q8s4sq,1,35,35,0,match
1q8s50o,1,27,27,0,match
1q8s545,1,35,35,0,match
1q8s55u,1,35,35,0,match
1q8s5ro,1,35,35,0,match
1q8s5xp,1,35,35,0,match
1q8s68i,1,4,4,0,match
1q8s6s8,1,35,35,0,match
1q8s6t7,1,35,35,0,match
1q8s6yl,1,35,35,0,match
1q8s78d,1,35,35,0,match
1q8s7ba,1,8,8,0,match
1q8s7eo,1,35,35,0,match
1q8s7h3,1,4,4,0,match
1q8s7jo,1,35,35,0,match
1q8s7kx,1,35,35,0,match
1q8s7z9,1,36,36,0,match
1q8s82h,1,8,8,0,match
1q8s8fr,1,1,1,0,match
1q8s8tz,1,36,36,0,match
1q8s978,1,36,36,0,match
1q8s9ak,1,36,36,0,match
1q8s9m0,1,36,36,0,match
1q8s9vu,1,36,36,0,match
1q8s9yn,1,36,36,0,match
1q8salm,1,36,36,0,match
1q8san0,1,1,1,0,match
1q8sb1f,1,36,36,0,match
1q8sba8,1,11,11,0,match
1q8sbcn,1,36,36,0,match
1q8sbeh,1,36,36,0,match
1q8sbi1,1,17,17,0,match
1q8sc27,1,1,1,0,match
1q8scax,1,36,36,0,match
1q8scet,1,1,1,0,match
1q8scio,1,36,36,0,match
1q8scwe,1,19,19,0,match
1q8scwq,1,4,4,0,match
1q8sd06,1,8,8,0,match
1q8sd0j,1,1,1,0,match
1q8sd1u,1,36,36,0,match
1q8sd2r,1,1,1,0,match
1q8sdbe,1,36,36,0,match
1q8sdfn,1,14,14,0,match
1q8sdk3,1,36,36,0,match
1q8se24,1,36,36,0,match
1q8secb,1,36,36,0,match
1q8seij,1,36,36,0,match
1q8sew3,1,35,35,0,match
1q8sex6,1,36,36,0,match
1q8sey0,1,36,36,0,match
1q8sfea,1,36,36,0,match
1q8sfyu,1,36,36,0,match
1q8sfzv,1,36,36,0,match
1q8sg7j,1,36,36,0,match
1q8sgmw,1,36,36,0,match
1q8sgwl,1,36,36,0,match
1q8shcg,1,36,36,0,match
1q8shvo,1,36,36,0,match
1q8si05,1,36,36,0,match
1q8si2i,1,36,36,0,match
1q8sicr,1,36,36,0,match
1q8sj21,1,36,36,0,match
1q8sjpz,1,36,36,0,match
1q8skg1,1,36,36,0,match
1q8skn4,1,36,36,0,match
1q8sksj,1,1,1,0,match
1q8smd3,1,36,36,0,match
1q8smvf,1,36,36,0,match
1q8snlp,1,36,36,0,match
1q8snms,1,36,36,0,match
1q8snz7,1,36,36,0,match
1q8snzm,1,36,36,0,match
1q8so3s,1,7,7,0,match
1q8so4a,1,36,36,0,match
1q8soam,1,36,36,0,match
1q8soe1,1,36,36,0,match
1q8soeo,1,36,36,0,match
1q8sog5,1,37,37,0,match
1q8solu,1,37,37,0,match
1q8soq5,1,37,37,0,match
1q8sox6,1,37,37,0,match
1q8soxk,1,37,37,0,match
1q8sp0w,1,37,37,0,match
1q8sp41,1,37,37,0,match
1q8sp9n,1,37,37,0,match
1q8splc,1,4,4,0,match
1q8spne,1,37,37,0,match
1q8sq8i,1,37,37,0,match
1q8sqc9,1,37,37,0,match
1q8srlo,1,36,36,0,match
1q8srsz,1,36,36,0,match
1q8srto,1,36,36,0,match
1q8srx2,1,36,36,0,match
1q8ss0h,1,36,36,0,match
1q8ss1h,1,36,36,0,match
1q8ss2s,1,2,2,0,match
1q8ssb5,1,36,36,0,match
1q8sshj,1,37,37,0,match
1q8ssig,1,37,37,0,match
1q8sssc,1,8,8,0,match
1q8stjm,1,37,37,0,match
1q8stkc,1,37,37,0,match
1q8stnn,1,37,37,0,match
1q8su1s,1,37,37,0,match
1q8suo8,1,37,37,0,match
1q8susw,1,37,37,0,match
1q8svbk,1,37,37,0,match
1q8svr0,1,37,37,0,match
1q8svwm,1,37,37,0,match
1q8sw82,1,37,37,0,match
1q8swk6,1,37,37,0,match
1q8sx7f,1,37,37,0,match
1q8sxev,1,1,1,0,match
1q8sxfn,1,1,1,0,match
1q8sxg8,1,37,37,0,match
1q8sxn7,1,37,37,0,match
1q8sy5u,1,5,5,0,match
1q8syii,1,1,1,0,match
1q8sytv,1,37,37,0,match
1q8syxz,1,37,37,0,match
1q8sz4u,1,37,37,0,match
1q8szjb,1,38,38,0,match
1q8szkq,1,38,38,0,match
1q8t0eq,1,38,38,0,match
1q8t17l,1,6,6,0,match
1q8t1ht,1,38,38,0,match
1q8t1o9,1,38,38,0,match
1q8t1ql,1,38,38,0,match
1q8t1vi,1,38,38,0,match
1q8t1z6,1,38,38,0,match
1q8t2sl,1,35,35,0,match
1q8t3ce,1,37,37,0,match
1q8t3fl,1,37,37,0,match
1q8t3sf,1,5,5,0,match
1q8t4x2,1,3,3,0,match
1q8t584,1,1,1,0,match
1q8t5k9,1,37,37,0,match
1q8t5pu,1,37,37,0,match
1q8t681,1,37,37,0,match
1q8t68l,1,37,37,0,match
1q8t6bw,1,14,14,0,match
1q8t6t7,1,2,2,0,match
1q8t7c3,1,4,4,0,match
1q8t7qs,1,23,23,0,match
1q8t7rd,1,37,37,0,match
1q8t7xa,1,37,37,0,match
1q8t8c0,1,37,37,0,match
1q8t8di,1,37,37,0,match
1q8t9xi,1,1,1,0,match
1q8ta4r,1,5,5,0,match
1q8tatu,1,5,5,0,match
1q8tavp,1,37,37,0,match
1q8tb2x,1,37,37,0,match
1q8tbe4,1,37,37,0,match
1q8tblc,1,37,37,0,match
1q8tbn9,1,37,37,0,match
1q8tbyu,1,37,37,0,match
1q8tbzn,1,37,37,0,match
1q8tbzx,1,38,38,0,match
1q8tc02,1,16,16,0,match
1q8tc0c,1,2,2,0,match
1q8tc11,1,1,1,0,match
1q8tc4h,1,1,1,0,match
1q8tc6s,1,1,1,0,match
1q8tca9,1,38,38,0,match
1q8tcb9,1,38,38,0,match
1q8tceb,1,38,38,0,match
1q8tcjq,1,38,38,0,match
1q8tdt6,1,38,38,0,match
1q8teva,1,37,37,0,match
1q8tf3d,1,20,20,0,match
1q8tf3j,1,37,37,0,match
1q8tfdd,1,37,37,0,match
1q8tfic,1,37,37,0,match
1q8tflv,1,1,1,0,match
1q8tftv,1,33,33,0,match
1q8tgd3,1,37,37,0,match
1q8tgjf,1,37,37,0,match
1q8th73,1,37,37,0,match
1q8they,1,37,37,0,match
1q8thp9,1,37,37,0,match
1q8thvr,1,37,37,0,match
1q8ti0z,1,37,37,0,match
1q8ti1m,1,37,37,0,match
1q8ti9l,1,37,37,0,match
1q8ticx,1,5,5,0,match
1q8tily,1,37,37,0,match
1q8tipw,1,4,4,0,match
1q8tjbn,1,37,37,0,match
1q8tjgb,1,5,5,0,match
1q8tji8,1,37,37,0,match
1q8tjn7,1,2,2,0,match
1q8tkb6,1,37,37,0,match
1q8tked,1,37,37,0,match
1q8tkjw,1,37,37,0,match
1q8tklr,1,37,37,0,match
1q8tkn1,1,37,37,0,match
1q8tkor,1,3,3,0,match
1q8tkyc,1,37,37,0,match
1q8tl1e,1,37,37,0,match
1q8tl6f,1,37,37,0,match
1q8tlcg,1,37,37,0,match
1q8tldl,1,37,37,0,match
1q8tm52,1,37,37,0,match
1q8tmcv,1,1,1,0,match
1q8tn1w,1,37,37,0,match
1q8tnih,1,37,37,0,match
1q8tnix,1,38,38,0,match
1q8tnjn,1,4,4,0,match
1q8tocn,1,38,38,0,match
1q8toeb,1,11,11,0,match
1q8tof6,1,2,2,0,match
1q8tomq,1,38,38,0,match
1q8tpd8,1,37,37,0,match
1q8tpki,1,37,37,0,match
1q8tpyw,1,37,37,0,match
1q8tpzm,1,37,37,0,match
1q8tqmo,1,37,37,0,match
1q8trog,1,37,37,0,match
1q8trwz,1,37,37,0,match
1q8ts4y,1,37,37,0,match
1q8tsec,1,2,2,0,match
1q8tsp9,1,1,1,0,match
1q8tt46,1,37,37,0,match
1q8ttuj,1,37,37,0,match
1q8ttx2,1,37,37,0,match
1q8tu1f,1,2,2,0,match
1q8tu7n,1,37,37,0,match
1q8tuez,1,2,2,0,match
1q8tusz,1,2,2,0,match
1q8tut3,1,37,37,0,match
1q8tuvb,1,37,37,0,match
1q8tuwp,1,37,37,0,match
1q8tvd7,1,37,37,0,match
1q8tvhd,1,37,37,0,match
1q8tvzf,1,37,37,0,match
1q8tw8z,1,37,37,0,match
1q8twn0,1,37,37,0,match
1q8twnx,1,37,37,0,match
1q8twsk,1,37,37,0,match
1q8tx8u,1,37,37,0,match
1q8tx9k,1,37,37,0,match
1q8txdy,1,1,1,0,match
1q8txpd,1,37,37,0,match
1q8tyo0,1,37,37,0,match
1q8tz63,1,37,37,0,match
1q8tz70,1,37,37,0,match
1q8tzhv,1,37,37,0,match
1q8tzj2,1,37,37,0,match
1q8tzlr,1,37,37,0,match
1q8tzqc,1,1,1,0,match
1q8u00t,1,37,37,0,match
1q8u07v,1,38,38,0,match
1q8u0wt,1,37,37,0,match
1q8u131,1,37,37,0,match
1q8u16h,1,37,37,0,match
1q8u1sa,1,37,37,0,match
1q8u1sl,1,37,37,0,match
1q8u24e,1,37,37,0,match
1q8u2i3,1,37,37,0,match
1q8u3gr,1,37,37,0,match
1q8u4f9,1,37,37,0,match
1q8u4fv,1,37,37,0,match
1q8u4iz,1,37,37,0,match
1q8u570,1,37,37,0,match
1q8u58s,1,1,1,0,match
1q8u594,1,37,37,0,match
1q8u5pt,1,37,37,0,match
1q8u6e0,1,37,37,0,match
1q8u6od,1,37,37,0,match
1q8u6t6,1,37,37,0,match
1q8u73h,1,37,37,0,match
1q8u7in,1,37,37,0,match
1q8u7lq,1,37,37,0,match
1q8u83h,1,37,37,0,match
1q8u84t,1,37,37,0,match
1q8u8a6,1,37,37,0,match
1q8u8gn,1,37,37,0,match
1q8u8q4,1,37,37,0,match
1q8u9p4,1,37,37,0,match
1q8u9sh,1,37,37,0,match
1q8u9tz,1,37,37,0,match
1q8u9u3,1,6,6,0,match
1q8u9vc,1,37,37,0,match
1q8ua0e,1,10,10,0,match
1q8ua83,1,37,37,0,match
1q8ua8a,1,37,37,0,match
1q8uaeg,1,37,37,0,match
1q8uapp,1,1,1,0,match
1q8ubdq,1,37,37,0,match
1q8ucjr,1,36,36,0,match
1q8ucs9,1,36,36,0,match
1q8ucw1,1,37,37,0,match
1q8ud63,1,37,37,0,match
1q8udmx,1,37,37,0,match
1q8ue5q,1,37,37,0,match
1q8ueva,1,37,37,0,match
1q8ufad,1,4,4,0,match
1q8ufc7,1,37,37,0,match
1q8ufnq,1,37,37,0,match
1q8ufro,1,37,37,0,match
1q8ug28,1,37,37,0,match
1q8ugh5,1,37,37,0,match
1q8ugis,1,37,37,0,match
1q8ugm7,1,37,37,0,match
1q8uj8u,1,37,37,0,match
1q8ujcl,1,37,37,0,match
1q8ujde,1,23,23,0,match
1q8ujyc,1,37,37,0,match
1q8uk1q,1,37,37,0,match
1q8uk5n,1,37,37,0,match
1q8ukny,1,37,37,0,match
1q8ukp9,1,37,37,0,match
1q8ukyo,1,1,1,0,match
1q8ukyx,1,37,37,0,match
1q8ukz1,1,37,37,0,match
1q8ulc4,1,37,37,0,match
1q8ulnv,1,9,9,0,match
1q8um20,1,37,37,0,match
1q8um2e,1,37,37,0,match
1q8um36,1,37,37,0,match
1q8um51,1,37,37,0,match
1q8umh5,1,1,1,0,match
1q8umle,1,36,36,0,match
1q8umrb,1,36,36,0,match
1q8umzk,1,36,36,0,match
1q8unjy,1,36,36,0,match
1q8uok3,1,36,36,0,match
1q8uon7,1,36,36,0,match
1q8uosh,1,36,36,0,match
1q8uouw,1,36,36,0,match
1q8upb4,1,36,36,0,match
1q8upyf,1,36,36,0,match
1q8upze,1,36,36,0,match
1q8uq5n,1,36,36,0,match
1q8uq6q,1,36,36,0,match
1q8urfs,1,6,6,0,match
1q8urvu,1,36,36,0,match
1q8ust6,1,36,36,0,match
1q8usuw,1,36,36,0,match
1q8ut8a,1,36,36,0,match
1q8utjm,1,8,8,0,match
1q8utsy,1,36,36,0,match
1q8utv7,1,1,1,0,match
1q8utyl,1,36,36,0,match
1q8uvb7,1,36,36,0,match
1q8uw02,1,37,37,0,match
1q8uw0h,1,37,37,0,match
1q8uwf1,1,37,37,0,match
1q8uwjf,1,37,37,0,match
1q8uwmy,1,37,37,0,match
1q8uwo9,1,37,37,0,match
1q8uwv6,1,37,37,0,match
1q8uwyn,1,37,37,0,match
1q8uwyy,1,37,37,0,match
1q8uxnb,1,36,36,0,match
1q8uyks,1,36,36,0,match
1q8uys7,1,36,36,0,match
1q8uzji,1,36,36,0,match
1q8uzlr,1,36,36,0,match
1q8uzsp,1,36,36,0,match
1q8v040,1,36,36,0,match
1q8v055,1,36,36,0,match
1q8v05f,1,4,4,0,match
1q8v0t5,1,36,36,0,match
1q8v13y,1,36,36,0,match
1q8v18c,1,2,2,0,match
1q8v1fa,1,36,36,0,match
1q8v1h7,1,36,36,0,match
1q8v1hv,1,36,36,0,match
1q8v1ua,1,36,36,0,match
1q8v269,1,36,36,0,match
1q8v2ro,1,36,36,0,match
1q8v2sf,1,36,36,0,match
1q8v2ya,1,36,36,0,match
1q8v33i,1,36,36,0,match
1q8v37h,1,36,36,0,match
1q8v3tm,1,36,36,0,match
1q8v3wq,1,36,36,0,match
1q8v3zp,1,2,2,0,match
1q8v47a,1,36,36,0,match
1q8v4eg,1,36,36,0,match
1q8v4rj,1,36,36,0,match
1q8v521,1,36,36,0,match
1q8v525,1,36,36,0,match
1q8v5d6,1,4,4,0,match
1q8v61i,1,2,2,0,match
1q8v62i,1,36,36,0,match
1q8v6w5,1,36,36,0,match
1q8v79g,1,36,36,0,match
1q8v7ga,1,25,25,0,match
1q8v8vx,1,35,35,0,match
1q8v8w9,1,35,35,0,match
1q8v8wy,1,5,5,0,match
1q8v9d8,1,14,14,0,match
1q8v9e1,1,36,36,0,match
1q8v9lh,1,36,36,0,match
1q8v9nq,1,36,36,0,match
1q8va29,1,36,36,0,match
1q8val0,1,36,36,0,match
1q8vand,1,36,36,0,match
1q8vao1,1,36,36,0,match
1q8vbah,1,36,36,0,match
1q8vbe0,1,36,36,0,match
1q8vbem,1,36,36,0,match
1q8vbh1,1,36,36,0,match
1q8vbj3,1,36,36,0,match
1q8vcbq,1,36,36,0,match
1q8vcud,1,36,36,0,match
1q8vd7f,1,35,35,0,match
1q8vdgb,1,35,35,0,match
1q8vdhq,1,36,36,0,match
1q8vedv,1,36,36,0,match
1q8veev,1,36,36,0,match
1q8ven9,1,36,36,0,match
1q8vew3,1,36,36,0,match
1q8vexv,1,28,28,0,match
1q8vfav,1,36,36,0,match
1q8vg1x,1,36,36,0,match
1q8vg8r,1,36,36,0,match
1q8vgj6,1,36,36,0,match
1q8vgxd,1,6,6,0,match
1q8vgyt,1,36,36,0,match
1q8vh15,1,12,12,0,match
1q8vh1a,1,4,4,0,match
1q8vhi4,1,1,1,0,match
1q8vhmj,1,36,36,0,match
1q8vi73,1,3,3,0,match
1q8vicc,1,1,1,0,match
1q8vidt,1,36,36,0,match
1q8vilx,1,36,36,0,match
1q8viyt,1,36,36,0,match
1q8vjm2,1,35,35,0,match
1q8vkn1,1,35,35,0,match
1q8vl7d,1,35,35,0,match
1q8vloa,1,35,35,0,match
1q8vlwq,1,35,35,0,match
1q8vm7c,1,35,35,0,match
1q8vmj5,1,35,35,0,match
1q8vmjm,1,35,35,0,match
1q8vmol,1,1,1,0,match
1q8vn1j,1,1,1,0,match
1q8vndx,1,35,35,0,match
1q8vnkq,1,35,35,0,match
1q8vnp4,1,35,35,0,match
1q8vnrj,1,35,35,0,match
1q8vnu8,1,1,1,0,match
1q8vo7e,1,35,35,0,match
1q8vocb,1,35,35,0,match
1q8voo7,1,35,35,0,match
1q8vope,1,35,35,0,match
1q8vp9q,1,35,35,0,match
1q8vpgf,1,35,35,0,match
1q8vpp2,1,35,35,0,match
1q8vpxn,1,35,35,0,match
1q8vpyi,1,35,35,0,match
1q8vq0o,1,35,35,0,match
1q8vq3y,1,35,35,0,match
1q8vq4w,1,35,35,0,match
1q8vqcw,1,35,35,0,match
1q8vqf3,1,36,36,0,match
1q8vqg1,1,36,36,0,match
1q8vs6s,1,36,36,0,match
1q8vshh,1,36,36,0,match
1q8vsr9,1,36,36,0,match
1q8vt2f,1,2,2,0,match
1q8vtdn,1,36,36,0,match
1q8vtk8,1,36,36,0,match
1q8vtml,1,35,35,0,match
1q8vtor,1,35,35,0,match
1q8vtti,1,35,35,0,match
1q8vtxg,1,35,35,0,match
1q8vu0k,1,35,35,0,match
1q8vudf,1,35,35,0,match
1q8vuyt,1,35,35,0,match
1q8vv53,1,35,35,0,match
1q8vv69,1,35,35,0,match
1q8vv81,1,35,35,0,match
1q8vvat,1,35,35,0,match
1q8vvbb,1,35,35,0,match
1q8vvnh,1,35,35,0,match
1q8vvxp,1,35,35,0,match
1q8vw5b,1,35,35,0,match
1q8vwbs,1,35,35,0,match
1q8vwjk,1,35,35,0,match
1q8vwt6,1,3,3,0,match
1q8vxq8,1,30,30,0,match
1q8vxwv,1,35,35,0,match
1q8vxy4,1,35,35,0,match
1q8vy7b,1,35,35,0,match
1q8vyws,1,35,35,0,match
1q8vzli,1,35,35,0,match
1q8w00s,1,35,35,0,match
1q8w089,1,35,35,0,match
1q8w0e3,1,35,35,0,match
1q8w0zc,1,35,35,0,match
1q8w16a,1,35,35,0,match
1q8w1dq,1,35,35,0,match
1q8w1h3,1,35,35,0,match
1q8w1hx,1,32,32,0,match
1q8w1v4,1,35,35,0,match
1q8w1vg,1,35,35,0,match
1q8w26k,1,2,2,0,match
1q8w2e0,1,3,3,0,match
1q8w2ja,1,35,35,0,match
1q8w2m2,1,36,36,0,match
1q8w2yr,1,31,31,0,match
1q8w3gm,1,36,36,0,match
1q8w3ms,1,36,36,0,match
1q8w3qv,1,36,36,0,match
1q8w3sj,1,36,36,0,match
1q8w3y5,1,35,35,0,match
1q8w49v,1,35,35,0,match
1q8w4as,1,35,35,0,match
1q8w4ov,1,9,9,0,match
1q8w5bs,1,35,35,0,match
1q8w5dq,1,35,35,0,match
1q8w5mr,1,35,35,0,match
1q8w5pj,1,35,35,0,match
1q8w62x,1,2,2,0,match
1q8w665,1,35,35,0,match
1q8w68k,1,35,35,0,match
1q8w68v,1,2,2,0,match
1q8w6ag,1,35,35,0,match
1q8w6vj,1,35,35,0,match
1q8w6x4,1,35,35,0,match
1q8w6x6,1,35,35,0,match
1q8w711,1,35,35,0,match
1q8w738,1,35,35,0,match
1q8w78g,1,35,35,0,match
1q8w7i1,1,35,35,0,match
1q8w7j3,1,35,35,0,match
1q8w7jr,1,6,6,0,match
1q8w7to,1,35,35,0,match
1q8w7uz,1,35,35,0,match
1q8w836,1,35,35,0,match
1q8w893,1,35,35,0,match
1q8w8f1,1,35,35,0,match
1q8w8ub,1,35,35,0,match
1q8w90w,1,35,35,0,match
1q8w9pj,1,4,4,0,match
1q8wa5m,1,1,1,0,match
1q8war1,1,35,35,0,match
1q8wau8,1,35,35,0,match
1q8wb1e,1,35,35,0,match
1q8wbh0,1,35,35,0,match
1q8wbko,1,2,2,0,match
1q8wc12,1,35,35,0,match
1q8wcje,1,35,35,0,match
1q8wcwu,1,35,35,0,match
1q8wd9s,1,35,35,0,match
1q8wd9v,1,35,35,0,match
1q8wdaq,1,35,35,0,match
1q8wdmm,1,35,35,0,match
1q8wdyw,1,1,1,0,match
1q8we1k,1,34,34,0,match
1q8we4d,1,34,34,0,match
1q8welx,1,34,34,0,match
1q8weqz,1,35,35,0,match
1q8wevv,1,5,5,0,match
1q8wf5g,1,35,35,0,match
1q8wf8m,1,35,35,0,match
1q8wfd6,1,35,35,0,match
1q8wfpf,1,1,1,0,match
1q8wfwh,1,35,35,0,match
1q8wg0v,1,1,1,0,match
1q8wg2g,1,1,1,0,match
1q8wg6d,1,35,35,0,match
1q8wg9w,1,35,35,0,match
1q8wgey,1,35,35,0,match
1q8wgw9,1,35,35,0,match
1q8whgu,1,35,35,0,match
1q8whlk,1,5,5,0,match
1q8whs9,1,35,35,0,match
1q8wi1o,1,35,35,0,match
1q8wi84,1,35,35,0,match
1q8wiz0,1,35,35,0,match
1q8wjbs,1,35,35,0,match
1q8wjgu,1,35,35,0,match
1q8wjr0,1,35,35,0,match
1q8wjwo,1,35,35,0,match
1q8wk1z,1,35,35,0,match
1q8wkgp,1,35,35,0,match
1q8wkm8,1,35,35,0,match
1q8wkqq,1,34,34,0,match
1q8wkvn,1,35,35,0,match
1q8wm42,1,35,35,0,match
1q8wm4u,1,35,35,0,match
1q8wm52,1,5,5,0,match
1q8wnk2,1,35,35,0,match
1q8wnse,1,35,35,0,match
1q8wny8,1,35,35,0,match
1q8wogs,1,34,34,0,match
1q8wojd,1,34,34,0,match
1q8wq05,1,34,34,0,match
1q8wqk1,1,34,34,0,match
1q8wqsz,1,34,34,0,match
1q8wr0r,1,34,34,0,match
1q8wr4k,1,2,2,0,match
1q8wrjs,1,34,34,0,match
1q8wrq4,1,34,34,0,match
1q8ws8c,1,34,34,0,match
1q8wsnn,1,2,2,0,match
1q8wt2p,1,4,4,0,match
1q8wt4u,1,34,34,0,match
1q8wtnc,1,34,34,0,match
1q8wuiz,1,34,34,0,match
1q8wupq,1,1,1,0,match
1q8wv2d,1,35,35,0,match
1q8wv2t,1,35,35,0,match
1q8wvf5,1,4,4,0,match
1q8wvs5,1,35,35,0,match
1q8ww3m,1,5,5,0,match
1q8ww9s,1,35,35,0,match
1q8wwic,1,35,35,0,match
1q8wwit,1,35,35,0,match
1q8wwm1,1,35,35,0,match
1q8wwv6,1,35,35,0,match
1q8wwz3,1,35,35,0,match
1q8wxag,1,35,35,0,match
1q8wxcv,1,35,35,0,match
1q8wxep,1,4,4,0,match
1q8wxer,1,35,35,0,match
1q8wy7r,1,35,35,0,match
1q8wygk,1,34,34,0,match
1q8wygs,1,34,34,0,match
1q8wyil,1,34,34,0,match
1q8wz69,1,34,34,0,match
1q8wzs2,1,34,34,0,match
1q8wzv8,1,34,34,0,match
1q8x0h1,1,34,34,0,match
1q8x0jn,1,34,34,0,match
1q8x0n2,1,34,34,0,match
1q8x0oj,1,34,34,0,match
1q8x1i5,1,34,34,0,match
1q8x1j2,1,34,34,0,match
1q8x1oj,1,34,34,0,match
1q8x1qa,1,34,34,0,match
1q8x1t7,1,34,34,0,match
1q8x1tt,1,34,34,0,match
1q8x26g,1,34,34,0,match
1q8x29i,1,34,34,0,match
1q8x2e6,1,34,34,0,match
1q8x2ii,1,34,34,0,match
1q8x2m9,1,34,34,0,match
1q8x2za,1,3,3,0,match
1q8x37o,1,18,18,0,match
1q8x3h3,1,34,34,0,match
1q8x3l8,1,34,34,0,match
1q8x3lh,1,34,34,0,match
1q8x3n0,1,34,34,0,match
1q8x410,1,18,18,0,match
1q8x41v,1,34,34,0,match
1q8x4du,1,34,34,0,match
1q8x4oo,1,34,34,0,match
1q8x4vv,1,34,34,0,match
1q8x56u,1,34,34,0,match
1q8x59k,1,3,3,0,match
1q8x5sp,1,34,34,0,match
1q8x6fe,1,34,34,0,match
1q8x6pb,1,34,34,0,match
1q8x78o,1,34,34,0,match
1q8x7aa,1,34,34,0,match
1q8x7vs,1,33,33,0,match
1q8x7xl,1,33,33,0,match
1q8x89p,1,33,33,0,match
1q8x908,1,33,33,0,match
1q8x9ez,1,34,34,0,match
1q8xajj,1,34,34,0,match
1q8xb42,1,34,34,0,match
1q8xb5l,1,2,2,0,match
1q8xb7a,1,34,34,0,match
1q8xbw9,1,34,34,0,match
1q8xbyp,1,23,23,0,match
1q8xc4j,1,3,3,0,match
1q8xc8v,1,34,34,0,match
1q8xd71,1,34,34,0,match
1q8xe9v,1,34,34,0,match
1q8xenr,1,1,1,0,match
1q8xf5j,1,34,34,0,match
1q8xf62,1,2,2,0,match
1q8xf8q,1,34,34,0,match
1q8xfaf,1,34,34,0,match
1q8xfki,1,34,34,0,match
1q8xfrn,1,34,34,0,match
1q8xfv5,1,3,3,0,match
1q8xg67,1,34,34,0,match
1q8xggq,1,34,34,0,match
1q8xggw,1,3,3,0,match
1q8xgjo,1,34,34,0,match
1q8xgkk,1,1,1,0,match
1q8xgl3,1,28,28,0,match
1q8xgvd,1,34,34,0,match
1q8xgxc,1,34,34,0,match
1q8xh7e,1,34,34,0,match
1q8xhc9,1,33,33,0,match
1q8xhya,1,33,33,0,match
1q8xifl,1,33,33,0,match
1q8xirl,1,33,33,0,match
1q8xj9x,1,33,33,0,match
1q8xjd5,1,1,1,0,match
1q8xjlq,1,33,33,0,match
1q8xjnv,1,12,12,0,match
1q8xjvp,1,33,33,0,match
1q8xk45,1,33,33,0,match
1q8xkam,1,33,33,0,match
1q8xkd5,1,33,33,0,match
1q8xkjs,1,33,33,0,match
1q8xkkf,1,33,33,0,match
1q8xkl8,1,33,33,0,match
1q8xkr4,1,33,33,0,match
1q8xl00,1,33,33,0,match
1q8xl48,1,33,33,0,match
1q8xl7c,1,33,33,0,match
1q8xlvp,1,33,33,0,match
1q8xly9,1,33,33,0,match
1q8xm8h,1,25,25,0,match
1q8xmc3,1,33,33,0,match
1q8xmhe,1,33,33,0,match
1q8xmjg,1,33,33,0,match
1q8xmo7,1,33,33,0,match
1q8xn4a,1,34,34,0,match
1q8xna1,1,1,1,0,match
1q8xnb6,1,34,34,0,match
1q8xnbe,1,2,2,0,match
1q8xndb,1,34,34,0,match
1q8xnl2,1,1,1,0,match
1q8xnz6,1,34,34,0,match
1q8xokw,1,34,34,0,match
1q8xoo5,1,1,1,0,match
1q8xpkv,1,34,34,0,match
1q8xplp,1,34,34,0,match
1q8xqpc,1,33,33,0,match
1q8xr6e,1,33,33,0,match
1q8xrc3,1,33,33,0,match
1q8xriv,1,33,33,0,match
1q8xrsm,1,33,33,0,match
1q8xrve,1,33,33,0,match
1q8xrxa,1,33,33,0,match
1q8xsv2,1,33,33,0,match
1q8xsz6,1,33,33,0,match
1q8xt43,1,33,33,0,match
1q8xtiv,1,33,33,0,match
1q8xtw2,1,34,34,0,match
1q8xu9x,1,33,33,0,match
1q8xumw,1,33,33,0,match
1q8xus0,1,33,33,0,match
1q8xv13,1,2,2,0,match
1q8xv25,1,33,33,0,match
1q8xv9f,1,33,33,0,match
1q8xvdz,1,33,33,0,match
1q8xwao,1,33,33,0,match
1q8xwc3,1,34,34,0,match
1q8xwe4,1,34,34,0,match
1q8xwwp,1,34,34,0,match
1q8xx55,1,34,34,0,match
1q8xx8p,1,34,34,0,match
1q8xxb4,1,34,34,0,match
1q8xxoq,1,34,34,0,match
1q8xy4n,1,34,34,0,match
1q8xzkv,1,34,34,0,match
1q8xzl7,1,34,34,0,match
1q8xznh,1,34,34,0,match
1q8y05b,1,33,33,0,match
1q8y0qx,1,33,33,0,match
1q8y0rw,1,33,33,0,match
1q8y110,1,33,33,0,match
1q8y1bl,1,33,33,0,match
1q8y1y7,1,33,33,0,match
1q8y2ol,1,33,33,0,match
1q8y3ib,1,33,33,0,match
1q8y3kc,1,33,33,0,match
1q8y3qc,1,33,33,0,match
1q8y471,1,33,33,0,match
1q8y4fe,1,33,33,0,match
1q8y4o2,1,33,33,0,match
1q8y5yn,1,33,33,0,match
1q8y69f,1,33,33,0,match
1q8y6e2,1,6,6,0,match
1q8y6qh,1,7,7,0,match
1q8y6yk,1,33,33,0,match
1q8y7ja,1,33,33,0,match
1q8y7ny,1,33,33,0,match
1q8y7st,1,33,33,0,match
1q8y81i,1,33,33,0,match
1q8y85w,1,33,33,0,match
1q8y89h,1,33,33,0,match
1q8y9e7,1,33,33,0,match
1q8y9h7,1,33,33,0,match
1q8y9od,1,33,33,0,match
1q8ya56,1,33,33,0,match
1q8ya5b,1,33,33,0,match
1q8yagf,1,34,34,0,match
1q8yaj2,1,33,33,0,match
1q8yazg,1,33,33,0,match
1q8yb2b,1,33,33,0,match
1q8yb5t,1,33,33,0,match
1q8yb9k,1,33,33,0,match
1q8ybkn,1,33,33,0,match
1q8ybnl,1,33,33,0,match
1q8ybqy,1,33,33,0,match
1q8yc02,1,33,33,0,match
1q8yc2d,1,33,33,0,match
1q8ycdp,1,33,33,0,match
1q8ycrx,1,2,2,0,match
1q8yd46,1,22,22,0,match
1q8ye1p,1,33,33,0,match
1q8yep1,1,33,33,0,match
1q8yeqi,1,33,33,0,match
1q8yf05,1,33,33,0,match
1q8yfca,1,33,33,0,match
1q8yff5,1,33,33,0,match
1q8yfme,1,1,1,0,match
1q8yftq,1,33,33,0,match
1q8ygar,1,33,33,0,match
1q8ygcn,1,33,33,0,match
1q8ygf9,1,1,1,0,match
1q8ygfo,1,2,2,0,match
1q8ygh2,1,33,33,0,match
1q8yguh,1,34,34,0,match
1q8ygxd,1,34,34,0,match
1q8yh15,1,34,34,0,match
1q8yhcc,1,34,34,0,match
1q8yhjk,1,34,34,0,match
1q8yhpe,1,34,34,0,match
1q8yhpq,1,34,34,0,match
1q8yi0a,1,33,33,0,match
1q8yia3,1,1,1,0,match
1q8yiqj,1,33,33,0,match
1q8yiyf,1,33,33,0,match
1q8yj19,1,33,33,0,match
1q8yj5k,1,33,33,0,match
1q8yja0,1,33,33,0,match
1q8yjci,1,33,33,0,match
1q8yjg6,1,33,33,0,match
1q8yjj9,1,33,33,0,match
1q8yjpe,1,33,33,0,match
1q8yjpl,1,33,33,0,match
1q8yjt3,1,33,33,0,match
1q8yk6u,1,33,33,0,match
1q8ykr9,1,33,33,0,match
1q8ylf3,1,33,33,0,match
1q8ymko,1,33,33,0,match
1q8yn9s,1,33,33,0,match
1q8yne0,1,33,33,0,match
1q8yo0m,1,33,33,0,match
1q8yp7w,1,33,33,0,match
1q8ypp1,1,33,33,0,match
1q8ypys,1,33,33,0,match
1q8yq85,1,33,33,0,match
1q8yqbb,1,34,34,0,match
1q8yqc9,1,34,34,0,match
1q8yqf6,1,34,34,0,match
1q8yqik,1,34,34,0,match
1q8yqjd,1,34,34,0,match
1q8yqrr,1,34,34,0,match
1q8yr60,1,33,33,0,match
1q8yr9q,1,33,33,0,match
1q8yrd3,1,33,33,0,match
1q8yrp5,1,33,33,0,match
1q8ys7i,1,33,33,0,match
1q8ys98,1,33,33,0,match
1q8yscc,1,33,33,0,match
1q8ysgb,1,33,33,0,match
1q8ysuh,1,33,33,0,match
1q8yt1y,1,33,33,0,match
1q8ytft,1,3,3,0,match
1q8yu3h,1,33,33,0,match
1q8yu3s,1,33,33,0,match
1q8yupk,1,33,33,0,match
1q8yv1l,1,33,33,0,match
1q8yv7v,1,33,33,0,match
1q8yvgz,1,33,33,0,match
1q8yw6e,1,1,1,0,match
1q8yw97,1,33,33,0,match
1q8ywi0,1,33,33,0,match
1q8ywvd,1,33,33,0,match
1q8ywzo,1,33,33,0,match
1q8yx19,1,33,33,0,match
1q8yxkc,1,33,33,0,match
1q8yy95,1,33,33,0,match
1q8yybe,1,33,33,0,match
1q8yyue,1,33,33,0,match
1q8yyx4,1,1,1,0,match
1q8yz9p,1,33,33,0,match
1q8yzh2,1,33,33,0,match
1q8yzyf,1,33,33,0,match
1q8z0an,1,33,33,0,match
1q8z0p1,1,33,33,0,match
1q8z0wl,1,33,33,0,match
1q8z1nx,1,33,33,0,match
1q8z2rj,1,33,33,0,match
1q8z342,1,33,33,0,match
1q8z3t2,1,33,33,0,match
1q8z3uy,1,33,33,0,match
1q8z4sf,1,9,9,0,match
1q8z4vq,1,33,33,0,match
1q8z5tx,1,33,33,0,match
1q8z621,1,33,33,0,match
1q8z7mx,1,33,33,0,match
1q8z7oc,1,33,33,0,match
1q8z7q7,1,33,33,0,match
1q8z8d9,1,33,33,0,match
1q8z8pv,1,32,32,0,match
1q8z8ys,1,32,32,0,match
1q8z9ey,1,32,32,0,match
1q8z9nd,1,32,32,0,match
1q8zac6,1,32,32,0,match
1q8zagb,1,32,32,0,match
1q8zaif,1,32,32,0,match
1q8zanf,1,33,33,0,match
1q8zau2,1,33,33,0,match
1q8zb95,1,6,6,0,match
1q8zbh8,1,33,33,0,match
1q8zby9,1,30,30,0,match
1q8zbzz,1,33,33,0,match
1q8zcge,1,33,33,0,match
1q8zd4x,1,33,33,0,match
1q8zd5w,1,33,33,0,match
1q8zdb5,1,33,33,0,match
1q8zdbv,1,33,33,0,match
1q8zdk6,1,33,33,0,match
1q8zdl6,1,33,33,0,match
1q8zego,1,33,33,0,match
1q8zemh,1,33,33,0,match
1q8zeno,1,33,33,0,match
1q8zesr,1,33,33,0,match
1q8zf00,1,33,33,0,match
1q8zf0l,1,33,33,0,match
1q8zfrl,1,33,33,0,match
1q8zg4d,1,33,33,0,match
1q8zgjt,1,33,33,0,match
1q8zh6r,1,33,33,0,match
1q8zhp2,1,32,32,0,match
1q8zi2c,1,32,32,0,match
1q8zi67,1,33,33,0,match
1q8zidd,1,33,33,0,match
1q8zilp,1,33,33,0,match
1q8zj0n,1,33,33,0,match
1q8zjcn,1,33,33,0,match
1q8zk2o,1,33,33,0,match
1q8zkar,1,33,33,0,match
1q8zkd0,1,33,33,0,match
1q8zknd,1,33,33,0,match
1q8zkwe,1,33,33,0,match
1q8zl9h,1,33,33,0,match
1q8zlnu,1,33,33,0,match
1q8zm13,1,33,33,0,match
1q8zmdk,1,33,33,0,match
1q8zmo7,1,33,33,0,match
1q8zmo8,1,33,33,0,match
1q8zn3s,1,33,33,0,match
1q8zo6s,1,33,33,0,match
1q8zoeg,1,33,33,0,match
1q8zoix,1,33,33,0,match
1q8zokt,1,1,1,0,match
1q8zor2,1,33,33,0,match
1q8zp1p,1,33,33,0,match
1q8zp1y,1,33,33,0,match
1q8zpwy,1,33,33,0,match
1q8zpxl,1,7,7,0,match
1q8zq7u,1,32,32,0,match
1q8zqeo,1,32,32,0,match
1q8zqhe,1,32,32,0,match
1q8zqjl,1,32,32,0,match
1q8zqlo,1,32,32,0,match
1q8zqrn,1,32,32,0,match
1q8zr6g,1,2,2,0,match
1q8zref,1,32,32,0,match
1q8zrkd,1,32,32,0,match
1q8zske,1,32,32,0,match
1q8zt8x,1,32,32,0,match
1q8zthx,1,32,32,0,match
1q8ztnz,1,32,32,0,match
1q8ztow,1,32,32,0,match
1q8ztqo,1,32,32,0,match
1q8zuj0,1,32,32,0,match
1q8zv5v,1,2,2,0,match
1q8zvaq,1,12,12,0,match
1q8zvcr,1,32,32,0,match
1q8zvf4,1,32,32,0,match
1q8zvwo,1,32,32,0,match
1q8zw11,1,33,33,0,match
1q8zw4p,1,33,33,0,match
1q8zwcr,1,33,33,0,match
1q8zwo5,1,33,33,0,match
1q8zxf4,1,33,33,0,match
1q8zxg4,1,1,1,0,match
1q8zy9q,1,33,33,0,match
1q8zz7g,1,12,12,0,match
1q8zzfk,1,32,32,0,match
1q9007p,1,32,32,0,match
1q9008n,1,29,29,0,match
1q900hf,1,32,32,0,match
1q900yx,1,32,32,0,match
1q9017e,1,18,18,0,match
1q9019k,1,32,32,0,match
1q901ua,1,32,32,0,match
1q901uc,1,32,32,0,match
1q901x0,1,18,18,0,match
1q9021e,1,32,32,0,match
1q902ea,1,32,32,0,match
1q902ye,1,32,32,0,match
1q903ad,1,1,1,0,match
1q903nv,1,27,27,0,match
1q903ry,1,32,32,0,match
1q90421,1,32,32,0,match
1q9042n,1,32,32,0,match
1q904sf,1,32,32,0,match
1q9054w,1,32,32,0,match
1q9055m,1,32,32,0,match
1q9057k,1,32,32,0,match
1q9057t,1,32,32,0,match
1q906ip,1,32,32,0,match
1q906yo,1,11,11,0,match
1q907ji,1,31,31,0,match
1q907jt,1,2,2,0,match
1q90817,1,31,31,0,match
1q908jn,1,1,1,0,match
1q908ny,1,31,31,0,match
1q908rl,1,31,31,0,match
1q9097o,1,31,31,0,match
1q909iu,1,31,31,0,match
1q90a7h,1,1,1,0,match
1q90ac3,1,31,31,0,match
1q90aju,1,31,31,0,match
1q90aqj,1,31,31,0,match
1q90be9,1,26,26,0,match
1q90bfl,1,31,31,0,match
1q90bo7,1,31,31,0,match
1q90daq,1,31,31,0,match
1q90dc3,1,31,31,0,match
1q90f4b,1,26,26,0,match
1q90fbf,1,31,31,0,match
1q90for,1,31,31,0,match
1q90fsd,1,31,31,0,match
1q90fvc,1,32,32,0,match
1q90fyl,1,32,32,0,match
1q90g3v,1,32,32,0,match
1q90gx7,1,31,31,0,match
1q90gyy,1,31,31,0,match
1q90h2u,1,31,31,0,match
1q90hh1,1,31,31,0,match
1q90ia3,1,31,31,0,match
1q90kot,1,31,31,0,match
1q90kuy,1,31,31,0,match
1q90l3x,1,31,31,0,match
1q90lll,1,31,31,0,match
1q90lpd,1,31,31,0,match
1q90m62,1,31,31,0,match
1q90meg,1,31,31,0,match
1q90myt,1,31,31,0,match
1q90mz7,1,31,31,0,match
1q90n5i,1,31,31,0,match
1q90npy,1,2,2,0,match
1q90nvc,1,31,31,0,match
1q90o0l,1,9,9,0,match
1q90ox3,1,31,31,0,match
1q90p43,1,31,31,0,match
1q90pa6,1,31,31,0,match
1q90pgr,1,31,31,0,match
1q90ph7,1,30,30,0,match
1q90q82,1,8,8,0,match
1q90qfp,1,30,30,0,match
1q90qgg,1,30,30,0,match
1q90qqg,1,30,30,0,match
1q90ril,1,30,30,0,match
1q90rm1,1,7,7,0,match
1q90rpi,1,30,30,0,match
1q90srd,1,30,30,0,match
1q90t12,1,1,1,0,match
1q90t38,1,18,18,0,match
1q90t3t,1,30,30,0,match
1q90t9m,1,30,30,0,match
1q90tv7,1,30,30,0,match
1q90u4a,1,30,30,0,match
1q90ub1,1,30,30,0,match
1q90uhb,1,30,30,0,match
1q90v4n,1,30,30,0,match
1q90vdy,1,30,30,0,match
1q90vvr,1,30,30,0,match
1q90w6c,1,30,30,0,match
1q90wcg,1,30,30,0,match
1q90wn0,1,30,30,0,match
1q90x4u,1,30,30,0,match
1q90xcn,1,31,31,0,match
1q90xcx,1,31,31,0,match
1q90xk7,1,1,1,0,match
1q90xns,1,31,31,0,match
1q90y4w,1,6,6,0,match
1q90yba,1,31,31,0,match
1q90yff,1,24,24,0,match
1q90ym4,1,30,30,0,match
1q90ytd,1,30,30,0,match
1q90ziz,1,30,30,0,match
1q90zlg,1,30,30,0,match
1q910rz,1,30,30,0,match
1q911g6,1,30,30,0,match
1q9124x,1,30,30,0,match
1q9128x,1,5,5,0,match
1q912xr,1,30,30,0,match
1q9139o,1,30,30,0,match
1q913i7,1,30,30,0,match
1q913tt,1,30,30,0,match
1q9141c,1,30,30,0,match
1q914is,1,30,30,0,match
1q914m7,1,30,30,0,match
1q9169j,1,30,30,0,match
1q917jg,1,29,29,0,match
1q917qc,1,4,4,0,match
1q91874,1,29,29,0,match
1q9187o,1,29,29,0,match
1q918ep,1,29,29,0,match
1q919wt,1,29,29,0,match
1q91ali,1,1,1,0,match
1q91ard,1,29,29,0,match
1q91bw1,1,6,6,0,match
1q91by5,1,29,29,0,match
1q91dzj,1,29,29,0,match
1q91e23,1,29,29,0,match
1q91e4z,1,29,29,0,match
1q91f4b,1,29,29,0,match
1q91g8o,1,1,1,0,match
1q91grq,1,28,28,0,match
1q91gyq,1,28,28,0,match
1q91h36,1,28,28,0,match
1q91hhs,1,28,28,0,match
1q91hzb,1,28,28,0,match
1q91j2w,1,28,28,0,match
1q91j82,1,28,28,0,match
1q91jdb,1,28,28,0,match
1q91kcz,1,29,29,0,match
1q91lf2,1,29,29,0,match
1q91lvy,1,29,29,0,match
1q91mhy,1,29,29,0,match
1q91nbs,1,29,29,0,match
1q91nlu,1,29,29,0,match
1q91o5o,1,29,29,0,match
1q91o88,1,29,29,0,match
1q91ozm,1,29,29,0,match
1q91p6h,1,29,29,0,match
1q91q0s,1,28,28,0,match
1q91q9b,1,28,28,0,match
1q91qn0,1,28,28,0,match
1q91s4s,1,28,28,0,match
1q91t7j,1,28,28,0,match
1q91tg9,1,28,28,0,match
1q91tzz,1,20,20,0,match
1q91ucc,1,28,28,0,match
1q91udc,1,12,12,0,match
1q91ugg,1,28,28,0,match
1q91v0e,1,28,28,0,match
1q91v77,1,28,28,0,match
1q91vn8,1,28,28,0,match
1q91wkb,1,28,28,0,match
1q91wql,1,28,28,0,match
1q91x0l,1,28,28,0,match
1q91xbk,1,28,28,0,match
1q91xzs,1,2,2,0,match
1q91y36,1,28,28,0,match
1q91zfa,1,27,27,0,match
1q9207o,1,3,3,0,match
1q920aj,1,27,27,0,match
1q920f5,1,27,27,0,match
1q921kf,1,27,27,0,match
1q921n2,1,17,17,0,match
1q921wk,1,1,1,0,match
1q922ij,1,27,27,0,match
1q922of,1,27,27,0,match
1q922s2,1,27,27,0,match
1q9233b,1,27,27,0,match
1q924ht,1,27,27,0,match
1q9250r,1,27,27,0,match
1q9254s,1,28,28,0,match
1q925gg,1,28,28,0,match
1q925sn,1,4,4,0,match
1q925w3,1,28,28,0,match
1q926uh,1,28,28,0,match
1q926yb,1,28,28,0,match
1q927ep,1,28,28,0,match
1q927z5,1,28,28,0,match
1q927zv,1,28,28,0,match
1q928q9,1,27,27,0,match
1q928x0,1,27,27,0,match
1q9290j,1,27,27,0,match
1q9290v,1,27,27,0,match
1q92922,1,27,27,0,match
1q92932,1,27,27,0,match
1q9294q,1,27,27,0,match
1q92abg,1,27,27,0,match
1q92afw,1,20,20,0,match
1q92ao4,1,27,27,0,match
1q92bbc,1,27,27,0,match
1q92bh9,1,27,27,0,match
1q92bxc,1,27,27,0,match
1q92c04,1,27,27,0,match
1q92c7q,1,27,27,0,match
1q92cks,1,27,27,0,match
1q92cs1,1,27,27,0,match
1q92dv1,1,27,27,0,match
1q92efp,1,27,27,0,match
1q92ei2,1,1,1,0,match
1q92epr,1,27,27,0,match
1q92eqr,1,6,6,0,match
1q92evb,1,27,27,0,match
1q92f1g,1,2,2,0,match
1q92fff,1,27,27,0,match
1q92g28,1,27,27,0,match
1q92gsg,1,27,27,0,match
1q92gv0,1,27,27,0,match
1q92h1a,1,28,28,0,match
1q92hkd,1,3,3,0,match
1q92hmy,1,28,28,0,match
1q92ho9,1,28,28,0,match
1q92hy9,1,27,27,0,match
1q92i7t,1,27,27,0,match
1q92ip6,1,27,27,0,match
1q92isy,1,27,27,0,match
1q92ixz,1,27,27,0,match
1q92k5j,1,27,27,0,match
1q92ktf,1,27,27,0,match
1q92lla,1,27,27,0,match
1q92llf,1,27,27,0,match
1q92lua,1,27,27,0,match
1q92mf8,1,27,27,0,match
1q92od9,1,25,25,0,match
1q92ouy,1,27,27,0,match
1q92oxv,1,27,27,0,match
1q92p6i,1,27,27,0,match
1q92q96,1,1,1,0,match
1q92qde,1,27,27,0,match
1q92qmc,1,27,27,0,match
1q92rb1,1,7,7,0,match
1q92ri1,1,27,27,0,match
1q92s1h,1,26,26,0,match
1q92sb4,1,26,26,0,match
1q92t65,1,26,26,0,match
1q92tcn,1,26,26,0,match
1q92tly,1,26,26,0,match
1q92uve,1,16,16,0,match
1q92vhq,1,9,9,0,match
1q92vt4,1,26,26,0,match
1q92vze,1,26,26,0,match
1q92w1p,1,26,26,0,match
1q92wbx,1,1,1,0,match
1q92wey,1,15,15,0,match
1q92wfm,1,26,26,0,match
1q92wnk,1,26,26,0,match
1q92x48,1,26,26,0,match
1q92x84,1,26,26,0,match
1q92xal,1,26,26,0,match
1q92xpf,1,26,26,0,match
1q92y3f,1,26,26,0,match
1q92z9w,1,26,26,0,match
1q92zop,1,26,26,0,match
1q9307g,1,26,26,0,match
1q930cb,1,1,1,0,match
1q930ix,1,26,26,0,match
1q930y5,1,26,26,0,match
1q9310m,1,26,26,0,match
1q9313f,1,26,26,0,match
1q9319a,1,26,26,0,match
1q931si,1,25,25,0,match
1q931zf,1,25,25,0,match
1q9322k,1,25,25,0,match
1q9323x,1,25,25,0,match
1q932a0,1,25,25,0,match
1q932od,1,25,25,0,match
1q932vl,1,26,26,0,match
1q932zc,1,3,3,0,match
1q9333m,1,26,26,0,match
1q933x4,1,26,26,0,match
1q934e9,1,26,26,0,match
1q934s2,1,26,26,0,match
1q9350x,1,26,26,0,match
1q9358e,1,26,26,0,match
1q9359p,1,26,26,0,match
1q935nr,1,26,26,0,match
1q936un,1,26,26,0,match
1q9379z,1,26,26,0,match
1q937bd,1,26,26,0,match
1q937eo,1,26,26,0,match
1q9381a,1,26,26,0,match
1q9385g,1,26,26,0,match
1q938gc,1,26,26,0,match
1q9397i,1,26,26,0,match
1q939bx,1,26,26,0,match
1q939me,1,26,26,0,match
1q939x0,1,26,26,0,match
1q93a6i,1,26,26,0,match
1q93a6w,1,26,26,0,match
1q93bdq,1,26,26,0,match
1q93bz6,1,26,26,0,match
1q93ciq,1,6,6,0,match
1q93cpn,1,25,25,0,match
1q93cpv,1,25,25,0,match
1q93cyz,1,2,2,0,match
1q93d40,1,25,25,0,match
1q93dix,1,25,25,0,match
1q93dr4,1,25,25,0,match
1q93e47,1,25,25,0,match
1q93etr,1,25,25,0,match
1q93fxp,1,25,25,0,match
1q93gpf,1,25,25,0,match
1q93h5k,1,25,25,0,match
1q93hkd,1,25,25,0,match
1q93hya,1,26,26,0,match
1q93hzh,1,26,26,0,match
1q93i0f,1,26,26,0,match
1q93i41,1,12,12,0,match
1q93i8z,1,26,26,0,match
1q93ic7,1,16,16,0,match
1q93iot,1,26,26,0,match
1q93j0l,1,26,26,0,match
1q93jcu,1,13,13,0,match
1q93jfa,1,26,26,0,match
1q93kiw,1,26,26,0,match
1q93kv1,1,26,26,0,match
1q93lbo,1,26,26,0,match
1q93lmd,1,21,21,0,match
1q93lx7,1,26,26,0,match
1q93m5c,1,26,26,0,match
1q93mgt,1,26,26,0,match
1q93mkv,1,12,12,0,match
1q93mnr,1,1,1,0,match
1q93mqa,1,26,26,0,match
1q93muf,1,26,26,0,match
1q93n58,1,26,26,0,match
1q93nkj,1,25,25,0,match
1q93nmt,1,25,25,0,match
1q93oc0,1,25,25,0,match
1q93ocm,1,25,25,0,match
1q93ol4,1,25,25,0,match
1q93omf,1,2,2,0,match
1q93oqc,1,25,25,0,match
1q93oqq,1,25,25,0,match
1q93ph5,1,15,15,0,match
1q93pik,1,25,25,0,match
1q93pkz,1,25,25,0,match
1q93q9k,1,25,25,0,match
1q93qb4,1,13,13,0,match
1q93qu7,1,25,25,0,match
1q93qx4,1,25,25,0,match
1q93snr,1,25,25,0,match
1q93soz,1,25,25,0,match
1q93sxl,1,25,25,0,match
1q93sy5,1,1,1,0,match
1q93t8a,1,25,25,0,match
1q93tgu,1,25,25,0,match
1q93tj8,1,26,26,0,match
1q93ugn,1,26,26,0,match
1q93v6c,1,26,26,0,match
1q93veo,1,13,13,0,match
1q93vl8,1,26,26,0,match
1q93vxs,1,26,26,0,match
1q93w2o,1,25,25,0,match
1q93wdv,1,26,26,0,match
1q93wp7,1,26,26,0,match
1q93wxd,1,26,26,0,match
1q93xbp,1,26,26,0,match
1q93xms,1,26,26,0,match
1q93xqv,1,26,26,0,match
1q93y0w,1,13,13,0,match
1q93yif,1,26,26,0,match
1q93yuk,1,26,26,0,match
1q93z4y,1,26,26,0,match
1q93z5u,1,26,26,0,match
1q93zv6,1,25,25,0,match
1q93zz9,1,25,25,0,match
1q9400g,1,25,25,0,match
1q940l1,1,3,3,0,match
1q940nw,1,25,25,0,match
1q940v5,1,25,25,0,match
1q94226,1,25,25,0,match
1q942ea,1,25,25,0,match
1q942h5,1,25,25,0,match
1q942ig,1,25,25,0,match
1q942pv,1,25,25,0,match
1q9431u,1,25,25,0,match
1q943e5,1,25,25,0,match
1q943gm,1,25,25,0,match
1q943r7,1,25,25,0,match
1q944cd,1,25,25,0,match
1q944n5,1,25,25,0,match
1q944rx,1,25,25,0,match
1q944tx,1,25,25,0,match
1q9452m,1,25,25,0,match
1q945hh,1,15,15,0,match
1q945ma,1,25,25,0,match
1q945yf,1,25,25,0,match
1q9464g,1,8,8,0,match
1q946fp,1,25,25,0,match
1q946ga,1,25,25,0,match
1q946lq,1,1,1,0,match
1q946tw,1,25,25,0,match
1q9479f,1,25,25,0,match
1q947ga,1,25,25,0,match
1q947km,1,1,1,0,match
1q947l9,1,25,25,0,match
1q947ue,1,25,25,0,match
1q94805,1,26,26,0,match
1q9487s,1,26,26,0,match
1q9495m,1,26,26,0,match
1q949de,1,10,10,0,match
1q949j9,1,26,26,0,match
1q949lk,1,4,4,0,match
1q949vp,1,26,26,0,match
1q94aso,1,26,26,0,match
1q94b5h,1,25,25,0,match
1q94bvw,1,13,13,0,match
1q94c18,1,25,25,0,match
1q94c1p,1,25,25,0,match
1q94d2f,1,25,25,0,match
1q94d38,1,25,25,0,match
1q94d4c,1,25,25,0,match
1q94d91,1,25,25,0,match
1q94dgz,1,25,25,0,match
1q94dv2,1,25,25,0,match
1q94dv3,1,25,25,0,match
1q94e0v,1,25,25,0,match
1q94e45,1,25,25,0,match
1q94e6p,1,25,25,0,match
1q94e8p,1,25,25,0,match
1q94eas,1,2,2,0,match
1q94efu,1,25,25,0,match
1q94el4,1,25,25,0,match
1q94f6z,1,25,25,0,match
1q94fcp,1,14,14,0,match
1q94fmu,1,25,25,0,match
1q94fpd,1,25,25,0,match
1q94g8r,1,25,25,0,match
1q94h00,1,25,25,0,match
1q94h8u,1,25,25,0,match
1q94haj,1,25,25,0,match
1q94hlr,1,25,25,0,match
1q94hrj,1,25,25,0,match
1q94i5x,1,1,1,0,match
1q94idl,1,3,3,0,match
1q94j8o,1,25,25,0,match
1q94jnt,1,23,23,0,match
1q94jpi,1,25,25,0,match
1q94jrb,1,4,4,0,match
1q94k8d,1,25,25,0,match
1q94ke1,1,25,25,0,match
1q94ked,1,25,25,0,match
1q94kme,1,25,25,0,match
1q94kso,1,25,25,0,match
1q94ktu,1,25,25,0,match
1q94ky0,1,1,1,0,match
1q94l02,1,25,25,0,match
1q94l61,1,25,25,0,match
1q94lki,1,25,25,0,match
1q94lvk,1,26,26,0,match
1q94lws,1,26,26,0,match
1q94m0k,1,26,26,0,match
1q94mj1,1,26,26,0,match
1q94msa,1,26,26,0,match
1q94n6n,1,1,1,0,match
1q94neu,1,25,25,0,match
1q94nf7,1,25,25,0,match
1q94nnv,1,25,25,0,match
1q94npu,1,25,25,0,match
1q94nt4,1,25,25,0,match
1q94o0y,1,25,25,0,match
1q94o3k,1,1,1,0,match
1q94obh,1,25,25,0,match
1q94obo,1,25,25,0,match
1q94or0,1,25,25,0,match
1q94ot4,1,25,25,0,match
1q94owf,1,25,25,0,match
1q94oze,1,25,25,0,match
1q94p6r,1,25,25,0,match
1q94pci,1,2,2,0,match
1q94pd1,1,25,25,0,match
1q94pk6,1,25,25,0,match
1q94pml,1,3,3,0,match
1q94pwz,1,25,25,0,match
1q94qa6,1,25,25,0,match
1q94qlg,1,25,25,0,match
1q94qxd,1,25,25,0,match
1q94qxi,1,25,25,0,match
1q94r2u,1,25,25,0,match
1q94r8g,1,25,25,0,match
1q94rlh,1,25,25,0,match
1q94rpz,1,2,2,0,match
1q94s3k,1,25,25,0,match
1q94ske,1,25,25,0,match
1q94tbn,1,25,25,0,match
1q94tft,1,25,25,0,match
1q94tjk,1,25,25,0,match
1q94tlr,1,9,9,0,match
1q94txe,1,25,25,0,match
1q94u2k,1,25,25,0,match
1q94uz6,1,25,25,0,match
1q94vku,1,25,25,0,match
1q94w41,1,19,19,0,match
1q94wi9,1,25,25,0,match
1q94wtn,1,25,25,0,match
1q94x0m,1,25,25,0,match
1q94x3n,1,25,25,0,match
1q94xjc,1,25,25,0,match
1q94xon,1,25,25,0,match
1q94xyj,1,25,25,0,match
1q94y6r,1,26,26,0,match
1q94ygf,1,26,26,0,match
1q94ztt,1,26,26,0,match
1q95096,1,2,2,0,match
1q950gs,1,25,25,0,match
1q950lf,1,25,25,0,match
1q950mu,1,25,25,0,match
1q950s7,1,25,25,0,match
1q951gn,1,25,25,0,match
1q951te,1,3,3,0,match
1q951ux,1,25,25,0,match
1q9524w,1,25,25,0,match
1q952cu,1,25,25,0,match
1q952qc,1,25,25,0,match
1q9532r,1,25,25,0,match
1q9538j,1,25,25,0,match
1q954bm,1,25,25,0,match
1q954gd,1,25,25,0,match
1q954sg,1,25,25,0,match
1q954sn,1,25,25,0,match
1q955bb,1,25,25,0,match
1q955sf,1,25,25,0,match
1q95653,1,25,25,0,match
1q956b8,1,25,25,0,match
1q956bo,1,25,25,0,match
1q956il,1,25,25,0,match
1q956jk,1,25,25,0,match
1q956ms,1,25,25,0,match
1q956qo,1,25,25,0,match
1q956tf,1,25,25,0,match
1q956yj,1,25,25,0,match
1q9571y,1,2,2,0,match
1q9578u,1,25,25,0,match
1q9579l,1,2,2,0,match
1q9585h,1,24,24,0,match
1q9588l,1,25,25,0,match
1q958xm,1,25,25,0,match
1q958yl,1,25,25,0,match
1q9595h,1,25,25,0,match
1q959jq,1,25,25,0,match
1q959py,1,26,26,0,match
1q95aav,1,26,26,0,match
1q95ac1,1,26,26,0,match
1q95amp,1,26,26,0,match
1q95ap1,1,26,26,0,match
1q95aw0,1,2,2,0,match
1q95b2o,1,26,26,0,match
1q95b4s,1,26,26,0,match
1q95b6z,1,26,26,0,match
1q95bcw,1,26,26,0,match
1q95be8,1,26,26,0,match
1q95bzo,1,26,26,0,match
1q95cdu,1,26,26,0,match
1q95cdx,1,26,26,0,match
1q95cg8,1,26,26,0,match
1q95cvk,1,26,26,0,match
1q95czh,1,26,26,0,match
1q95d7g,1,26,26,0,match
1q95d9z,1,26,26,0,match
1q95de6,1,1,1,0,match
1q95det,1,1,1,0,match
1q95dit,1,25,25,0,match
1q95dqv,1,25,25,0,match
1q95elt,1,25,25,0,match
1q95eyi,1,25,25,0,match
1q95eyy,1,25,25,0,match
1q95f81,1,25,25,0,match
1q95fqd,1,25,25,0,match
1q95fx9,1,25,25,0,match
1q95gcl,1,25,25,0,match
1q95gkg,1,25,25,0,match
1q95gpa,1,25,25,0,match
1q95gx4,1,25,25,0,match
1q95gyp,1,26,26,0,match
1q95h1x,1,4,4,0,match
1q95h4s,1,26,26,0,match
1q95hd6,1,26,26,0,match
1q95hdw,1,26,26,0,match
1q95hgp,1,26,26,0,match
1q95i9o,1,26,26,0,match
1q95i9t,1,26,26,0,match
1q95igr,1,26,26,0,match
1q95ij2,1,26,26,0,match
1q95ikb,1,26,26,0,match
1q95ior,1,26,26,0,match
1q95ira,1,26,26,0,match
1q95j7g,1,26,26,0,match
1q95jap,1,26,26,0,match
1q95jpk,1,26,26,0,match
1q95jqj,1,14,14,0,match
1q95jvk,1,26,26,0,match
1q95k4d,1,26,26,0,match
1q95k8z,1,18,18,0,match
1q95kkx,1,26,26,0,match
1q95knr,1,26,26,0,match
1q95ljo,1,26,26,0,match
1q95lw2,1,26,26,0,match
1q95mkl,1,26,26,0,match
1q95nea,1,8,8,0,match
1q95nin,1,26,26,0,match
1q95ntt,1,26,26,0,match
1q95o32,1,26,26,0,match
1q95oa0,1,26,26,0,match
1q95ohv,1,26,26,0,match
1q95ond,1,26,26,0,match
1q95orz,1,26,26,0,match
1q95p01,1,27,27,0,match
1q95p79,1,4,4,0,match
1q95pg5,1,27,27,0,match
1q95q65,1,6,6,0,match
1q95q96,1,27,27,0,match
1q95qo4,1,26,26,0,match
1q95qpo,1,26,26,0,match
1q95qvr,1,26,26,0,match
1q95qwv,1,26,26,0,match
1q95r1g,1,9,9,0,match
1q95r93,1,26,26,0,match
1q95ri6,1,26,26,0,match
1q95ro8,1,26,26,0,match
1q95s3n,1,26,26,0,match
1q95sed,1,26,26,0,match
1q95spo,1,26,26,0,match
1q95szo,1,26,26,0,match
1q95t3h,1,6,6,0,match
1q95tdb,1,26,26,0,match
1q95ttu,1,26,26,0,match
1q95u1q,1,26,26,0,match
1q95v7f,1,26,26,0,match
1q95vf9,1,26,26,0,match
1q95vo7,1,26,26,0,match
1q95vrr,1,26,26,0,match
1q95wtm,1,26,26,0,match
1q95wyb,1,26,26,0,match
1q95x2j,1,26,26,0,match
1q95xcg,1,26,26,0,match
1q95xem,1,26,26,0,match
1q95xix,1,26,26,0,match
1q95xot,1,26,26,0,match
1q95xqq,1,26,26,0,match
1q95xtk,1,26,26,0,match
1q95y2m,1,26,26,0,match
1q95y3k,1,26,26,0,match
1q95yt8,1,26,26,0,match
1q95yv5,1,26,26,0,match
1q95yyk,1,26,26,0,match
1q95z4n,1,26,26,0,match
1q95z7j,1,26,26,0,match
1q95zfh,1,26,26,0,match
1q95zh9,1,27,27,0,match
1q95zpn,1,27,27,0,match
1q95zrf,1,27,27,0,match
1q95zs2,1,27,27,0,match
1q95zv7,1,27,27,0,match
1q9606e,1,27,27,0,match
1q960g6,1,20,20,0,match
1q9610t,1,27,27,0,match
1q961f8,1,27,27,0,match
1q962b4,1,1,1,0,match
1q962f4,1,27,27,0,match
1q962n5,1,27,27,0,match
1q962u1,1,27,27,0,match
1q9632m,1,27,27,0,match
1q96337,1,27,27,0,match
1q963lp,1,26,26,0,match
1q964ly,1,26,26,0,match
1q964md,1,26,26,0,match
1q964nr,1,26,26,0,match
1q964pk,1,26,26,0,match
1q964xc,1,26,26,0,match
1q9651d,1,26,26,0,match
1q965c7,1,26,26,0,match
1q965gl,1,26,26,0,match
1q96615,1,26,26,0,match
1q967q0,1,26,26,0,match
1q9686v,1,26,26,0,match
1q968ca,1,26,26,0,match
1q968lf,1,26,26,0,match
1q969ht,1,26,26,0,match
1q969nd,1,26,26,0,match
1q96aa0,1,26,26,0,match
1q96aj5,1,6,6,0,match
1q96av6,1,2,2,0,match
1q96azp,1,26,26,0,match
1q96b5q,1,26,26,0,match
1q96bl8,1,26,26,0,match
1q96bru,1,26,26,0,match
1q96bvf,1,26,26,0,match
1q96c2k,1,26,26,0,match
1q96c2v,1,26,26,0,match
1q96ctr,1,26,26,0,match
1q96d0v,1,4,4,0,match
1q96d29,1,26,26,0,match
1q96d7h,1,26,26,0,match
1q96dnn,1,3,3,0,match
1q96dt8,1,26,26,0,match
1q96eh0,1,26,26,0,match
1q96elr,1,26,26,0,match
1q96equ,1,26,26,0,match
1q96erw,1,26,26,0,match
1q96f4r,1,26,26,0,match
1q96fem,1,26,26,0,match
1q96fi5,1,26,26,0,match
1q96fu5,1,26,26,0,match
1q96fx3,1,27,27,0,match
1q96fxo,1,27,27,0,match
1q96gav,1,1,1,0,match
1q96hfg,1,26,26,0,match
1q96hux,1,26,26,0,match
1q96hvg,1,26,26,0,match
1q96hx4,1,26,26,0,match
1q96hxu,1,26,26,0,match
1q96i9a,1,26,26,0,match
1q96iau,1,26,26,0,match
1q96isa,1,26,26,0,match
1q96j09,1,26,26,0,match
1q96jfp,1,26,26,0,match
1q96jjw,1,14,14,0,match
1q96jx1,1,26,26,0,match
1q96jxq,1,26,26,0,match
1q96kai,1,26,26,0,match
1q96kg7,1,26,26,0,match
1q96kwe,1,26,26,0,match
1q96kzb,1,26,26,0,match
1q96lg4,1,26,26,0,match
1q96lia,1,26,26,0,match
1q96llk,1,1,1,0,match
1q96mau,1,26,26,0,match
1q96mgx,1,26,26,0,match
1q96mi4,1,26,26,0,match
1q96mr8,1,4,4,0,match
1q96n3f,1,26,26,0,match
1q96nfn,1,26,26,0,match
1q96nwz,1,26,26,0,match
1q96nx3,1,26,26,0,match
1q96onx,1,26,26,0,match
1q96oob,1,26,26,0,match
1q96op9,1,26,26,0,match
1q96p0y,1,26,26,0,match
1q96pe2,1,26,26,0,match
1q96pn9,1,26,26,0,match
1q96pom,1,26,26,0,match
1q96pri,1,26,26,0,match
1q96qc4,1,26,26,0,match
1q96qcl,1,1,1,0,match
1q96qdc,1,26,26,0,match
1q96qqd,1,1,1,0,match
1q96qtl,1,26,26,0,match
1q96rf1,1,26,26,0,match
1q96rqa,1,26,26,0,match
1q96saw,1,1,1,0,match
1q96sd7,1,27,27,0,match
1q96sw2,1,27,27,0,match
1q96t29,1,27,27,0,match
1q96t52,1,27,27,0,match
1q96tp7,1,27,27,0,match
1q96trh,1,3,3,0,match
1q96ts8,1,2,2,0,match
1q96ufy,1,26,26,0,match
1q96uiy,1,26,26,0,match
1q96umu,1,26,26,0,match
1q96v1b,1,1,1,0,match
1q96vil,1,23,23,0,match
1q96vkw,1,8,8,0,match
1q96wjk,1,26,26,0,match
1q96wjo,1,26,26,0,match
1q96x85,1,26,26,0,match
1q96x9o,1,26,26,0,match
1q96xbs,1,26,26,0,match
1q96xh7,1,26,26,0,match
1q96xt0,1,26,26,0,match
1q96y1l,1,26,26,0,match
1q96y4s,1,26,26,0,match
1q96ytf,1,26,26,0,match
1q96yyg,1,26,26,0,match
1q96z4l,1,26,26,0,match
1q96zpz,1,26,26,0,match
1q96ztl,1,3,3,0,match
1q970fs,1,26,26,0,match
1q970kv,1,26,26,0,match
1q9716b,1,2,2,0,match
1q972js,1,26,26,0,match
1q972s8,1,26,26,0,match
1q972xt,1,26,26,0,match
1q972zf,1,26,26,0,match
1q9733n,1,26,26,0,match
1q97363,1,7,7,0,match
1q973qf,1,26,26,0,match
1q973yb,1,26,26,0,match
1q973yg,1,26,26,0,match
1q97401,1,26,26,0,match
1q9740e,1,26,26,0,match
1q9745y,1,26,26,0,match
1q974dv,1,26,26,0,match
1q974ug,1,26,26,0,match
1q974yy,1,26,26,0,match
1q974zk,1,26,26,0,match
1q975gu,1,26,26,0,match
1q975r0,1,6,6,0,match
1q9765o,1,1,1,0,match
1q976jl,1,27,27,0,match
1q976ka,1,27,27,0,match
1q976wf,1,27,27,0,match
1q976xx,1,27,27,0,match
1q977p3,1,27,27,0,match
1q977re,1,27,27,0,match
1q9781c,1,6,6,0,match
1q9781w,1,27,27,0,match
1q9785e,1,27,27,0,match
1q97860,1,27,27,0,match
1q978cd,1,26,26,0,match
1q978mn,1,26,26,0,match
1q978sl,1,26,26,0,match
1q978wh,1,26,26,0,match
1q978wk,1,26,26,0,match
1q9790r,1,26,26,0,match
1q979fd,1,26,26,0,match
1q979k6,1,26,26,0,match
1q979zc,1,26,26,0,match
1q97a0p,1,26,26,0,match
1q97bf4,1,26,26,0,match
1q97cil,1,26,26,0,match
1q97dnc,1,26,26,0,match
1q97e9q,1,26,26,0,match
1q97e9w,1,26,26,0,match
1q97eqn,1,26,26,0,match
1q97ex2,1,26,26,0,match
1q97g1f,1,26,26,0,match
1q97gjh,1,26,26,0,match
1q97gln,1,26,26,0,match
1q97i1t,1,6,6,0,match
1q97in0,1,26,26,0,match
1q97j1f,1,11,11,0,match
1q97jcl,1,26,26,0,match
1q97kkv,1,26,26,0,match
1q97l1t,1,26,26,0,match
1q97l4p,1,13,13,0,match
1q97l89,1,26,26,0,match
1q97le0,1,26,26,0,match
1q97lls,1,26,26,0,match
1q97miu,1,25,25,0,match
1q97msv,1,25,25,0,match
1q97mt5,1,25,25,0,match
1q97nan,1,25,25,0,match
1q97ol0,1,25,25,0,match
1q97on7,1,5,5,0,match
1q97oo8,1,5,5,0,match
1q97ovn,1,25,25,0,match
1q97ovo,1,25,25,0,match
1q97p1q,1,25,25,0,match
1q97p51,1,26,26,0,match
1q97poz,1,26,26,0,match
1q97qm1,1,26,26,0,match
1q97qmo,1,26,26,0,match
1q97rxc,1,26,26,0,match
1q97sqw,1,26,26,0,match
1q97swe,1,26,26,0,match
1q97ta8,1,26,26,0,match
1q97tk5,1,18,18,0,match
1q97tm5,1,26,26,0,match
1q97tmc,1,1,1,0,match
1q97ub4,1,26,26,0,match
1q97vp9,1,26,26,0,match
1q97w2k,1,26,26,0,match
1q97wsn,1,26,26,0,match
1q97wxh,1,26,26,0,match
1q97xe3,1,26,26,0,match
1q97xh5,1,26,26,0,match
1q97xoz,1,26,26,0,match
1q97xyy,1,26,26,0,match
1q97y02,1,26,26,0,match
1q97y5l,1,26,26,0,match
1q97y8u,1,26,26,0,match
1q97y93,1,26,26,0,match
1q97yzw,1,26,26,0,match
1q97zpa,1,26,26,0,match
1q9803l,1,1,1,0,match
1q9805b,1,26,26,0,match
1q9807e,1,26,26,0,match
1q980m4,1,25,25,0,match
1q980oc,1,25,25,0,match
1q9815h,1,25,25,0,match
1q9816m,1,25,25,0,match
1q981fb,1,25,25,0,match
1q981vu,1,26,26,0,match
1q982hg,1,26,26,0,match
1q9841d,1,26,26,0,match
1q984pk,1,26,26,0,match
1q98560,1,26,26,0,match
1q985c0,1,26,26,0,match
1q986ae,1,26,26,0,match
1q9875e,1,26,26,0,match
1q987qg,1,26,26,0,match
1q987yh,1,26,26,0,match
1q988ar,1,5,5,0,match
1q988ef,1,26,26,0,match
1q988q0,1,26,26,0,match
1q989m1,1,26,26,0,match
1q989m2,1,26,26,0,match
1q98a3t,1,26,26,0,match
1q98a4t,1,26,26,0,match
1q98a5u,1,18,18,0,match
1q98azk,1,26,26,0,match
1q98bwr,1,26,26,0,match
1q98c8q,1,1,1,0,match
1q98cji,1,26,26,0,match
1q98cr5,1,26,26,0,match
1q98csp,1,26,26,0,match
1q98d04,1,2,2,0,match
1q98dl2,1,6,6,0,match
1q98dp5,1,10,10,0,match
1q98e48,1,2,2,0,match
1q98ee5,1,27,27,0,match
1q98eim,1,26,26,0,match
1q98ezh,1,26,26,0,match
1q98fhl,1,26,26,0,match
1q98fi4,1,26,26,0,match
1q98fnm,1,26,26,0,match
1q98fo5,1,26,26,0,match
1q98fy0,1,26,26,0,match
1q98g3c,1,26,26,0,match
1q98g6b,1,26,26,0,match
1q98ggj,1,26,26,0,match
1q98gu5,1,26,26,0,match
1q98h6o,1,26,26,0,match
1q98iim,1,26,26,0,match
1q98ilz,1,10,10,0,match
1q98ip3,1,26,26,0,match
1q98isv,1,26,26,0,match
1q98jii,1,26,26,0,match
1q98k32,1,26,26,0,match
1q98k74,1,26,26,0,match
1q98k84,1,26,26,0,match
1q98k8l,1,2,2,0,match
1q98k91,1,26,26,0,match
1q98kf7,1,26,26,0,match
1q98kif,1,11,11,0,match
1q98kk6,1,26,26,0,match
1q98kml,1,26,26,0,match
1q98kqk,1,26,26,0,match
1q98l8u,1,26,26,0,match
1q98l9s,1,26,26,0,match
1q98n78,1,26,26,0,match
1q98n8v,1,26,26,0,match
1q98o1w,1,26,26,0,match
1q98ow9,1,26,26,0,match
1q98p4o,1,26,26,0,match
1q98q5s,1,26,26,0,match
1q98qgk,1,26,26,0,match
1q98ql5,1,27,27,0,match
1q98rmb,1,27,27,0,match
1q98rx0,1,27,27,0,match
1q98s4r,1,27,27,0,match
1q98s8s,1,27,27,0,match
1q98saq,1,27,27,0,match
1q98sem,1,1,1,0,match
1q98swd,1,26,26,0,match
1q98t0a,1,26,26,0,match
1q98t2j,1,26,26,0,match
1q98tf7,1,26,26,0,match
1q98tk1,1,26,26,0,match
1q98tqq,1,26,26,0,match
1q98u24,1,26,26,0,match
1q98ucr,1,26,26,0,match
1q98ugn,1,26,26,0,match
1q98uog,1,26,26,0,match
1q98us8,1,26,26,0,match
1q98v0a,1,10,10,0,match
1q98voa,1,26,26,0,match
1q98vpw,1,26,26,0,match
1q98vy7,1,26,26,0,match
1q98x32,1,25,25,0,match
1q98x70,1,26,26,0,match
1q98xbi,1,26,26,0,match
1q98xj1,1,26,26,0,match
1q98xnm,1,1,1,0,match
1q98ybv,1,26,26,0,match
1q98ydt,1,26,26,0,match
1q98zfx,1,26,26,0,match
1q98zmn,1,26,26,0,match
1q98zxw,1,2,2,0,match
1q9901e,1,24,24,0,match
1q9906v,1,26,26,0,match
1q990bz,1,26,26,0,match
1q990pb,1,26,26,0,match
1q9925p,1,26,26,0,match
1q993bo,1,26,26,0,match
1q9947y,1,26,26,0,match
1q994eg,1,1,1,0,match
1q994ms,1,1,1,0,match
1q9951q,1,25,25,0,match
1q995nh,1,26,26,0,match
1q9968q,1,26,26,0,match
1q996hc,1,27,27,0,match
1q9973m,1,10,10,0,match
1q99796,1,1,1,0,match
1q997c1,1,3,3,0,match
1q997ga,1,26,26,0,match
1q998rx,1,26,26,0,match
1q998yc,1,26,26,0,match
1q9990f,1,26,26,0,match
1q9996n,1,26,26,0,match
1q999rh,1,1,1,0,match
1q99a09,1,26,26,0,match
1q99a1h,1,6,6,0,match
1q99a1j,1,26,26,0,match
1q99aal,1,26,26,0,match
1q99aca,1,26,26,0,match
1q99bae,1,26,26,0,match
1q99bwl,1,26,26,0,match
1q99cek,1,16,16,0,match
1q99coo,1,26,26,0,match
1q99dgh,1,26,26,0,match
1q99e7e,1,26,26,0,match
1q99e82,1,2,2,0,match
1q99elj,1,26,26,0,match
1q99eu5,1,26,26,0,match
1q99f3k,1,26,26,0,match
1q99gek,1,26,26,0,match
1q99h2m,1,1,1,0,match
1q99h42,1,26,26,0,match
1q99h88,1,26,26,0,match
1q99iba,1,26,26,0,match
1q99ik7,1,26,26,0,match
1q99iq5,1,26,26,0,match
1q99jck,1,10,10,0,match
1q99klc,1,1,1,0,match
1q99kq1,1,26,26,0,match
1q99kzi,1,25,25,0,match
1q99ly0,1,25,25,0,match
1q99m6q,1,25,25,0,match
1q99mf0,1,25,25,0,match
1q99mug,1,25,25,0,match
1q99nrr,1,25,25,0,match
1q99o7o,1,25,25,0,match
1q99p8l,1,25,25,0,match
1q99pfc,1,25,25,0,match
1q99r6c,1,26,26,0,match
1q99r9q,1,26,26,0,match
1q99sex,1,26,26,0,match
1q99tfa,1,1,1,0,match
1q99tth,1,26,26,0,match
1q99u96,1,26,26,0,match
1q99ugx,1,26,26,0,match
1q99ukt,1,1,1,0,match
1q99vf5,1,26,26,0,match
1q99von,1,26,26,0,match
1q99vwx,1,26,26,0,match
1q99w3v,1,26,26,0,match
1q99w77,1,26,26,0,match
1q99wdf,1,26,26,0,match
1q99wpi,1,26,26,0,match
1q99xt0,1,26,26,0,match
1q99y02,1,26,26,0,match
1q99ya8,1,26,26,0,match
1q99ygf,1,26,26,0,match
1q99ygt,1,26,26,0,match
1q99yi9,1,26,26,0,match
1q99ypa,1,26,26,0,match
1q99yqv,1,26,26,0,match
1q99z01,1,26,26,0,match
1q99z36,1,25,25,0,match
1q99z62,1,25,25,0,match
1q99z6n,1,25,25,0,match
1q9a04b,1,25,25,0,match
1q9a0oj,1,25,25,0,match
1q9a1jc,1,25,25,0,match
1q9a1te,1,26,26,0,match
1q9a2fh,1,26,26,0,match
1q9a3h9,1,26,26,0,match
1q9a3hn,1,26,26,0,match
1q9a3kd,1,26,26,0,match
1q9a480,1,26,26,0,match
1q9a49a,1,26,26,0,match
1q9a4bx,1,26,26,0,match
1q9a59d,1,2,2,0,match
1q9a5b0,1,26,26,0,match
1q9a5bj,1,26,26,0,match
1q9a5sl,1,26,26,0,match
1q9a5wy,1,26,26,0,match
1q9a66z,1,26,26,0,match
1q9a760,1,8,8,0,match
1q9a762,1,11,11,0,match
1q9a7kk,1,24,24,0,match
1q9a7x6,1,26,26,0,match
1q9a89u,1,26,26,0,match
1q9a8bx,1,26,26,0,match
1q9a8qg,1,26,26,0,match
1q9a8uo,1,26,26,0,match
1q9a8yt,1,26,26,0,match
1q9a998,1,26,26,0,match
1q9a9c8,1,26,26,0,match
1q9a9hw,1,26,26,0,match
1q9a9n1,1,26,26,0,match
1q9a9rm,1,26,26,0,match
1q9aagk,1,26,26,0,match
1q9aao9,1,26,26,0,match
1q9aap3,1,26,26,0,match
1q9aate,1,26,26,0,match
1q9aaul,1,26,26,0,match
1q9ab5i,1,26,26,0,match
1q9ab5x,1,26,26,0,match
1q9ab83,1,27,27,0,match
1q9abik,1,27,27,0,match
1q9abuo,1,27,27,0,match
1q9ac9g,1,27,27,0,match
1q9acey,1,27,27,0,match
1q9acfg,1,7,7,0,match
1q9adjo,1,26,26,0,match
1q9aenp,1,26,26,0,match
1q9aews,1,26,26,0,match
1q9afdv,1,26,26,0,match
1q9aftz,1,1,1,0,match
1q9ag8v,1,26,26,0,match
1q9agje,1,26,26,0,match
1q9agtp,1,26,26,0,match
1q9ahom,1,26,26,0,match
1q9ai05,1,26,26,0,match
1q9ai5r,1,26,26,0,match
1q9aiks,1,1,1,0,match
1q9aiqx,1,26,26,0,match
1q9aj5t,1,26,26,0,match
1q9aj7j,1,26,26,0,match
1q9aj8m,1,1,1,0,match
1q9aj8q,1,26,26,0,match
1q9aj92,1,26,26,0,match
1q9ajnw,1,26,26,0,match
1q9ajw0,1,26,26,0,match
1q9ak41,1,26,26,0,match
1q9al3c,1,26,26,0,match
1q9albn,1,2,2,0,match
1q9ald4,1,26,26,0,match
1q9am38,1,7,7,0,match
1q9ambt,1,26,26,0,match
1q9amdb,1,26,26,0,match
1q9amdw,1,26,26,0,match
1q9ams6,1,26,26,0,match
1q9amvr,1,26,26,0,match
1q9amyo,1,1,1,0,match
1q9anj6,1,26,26,0,match
1q9aocm,1,26,26,0,match
1q9aodx,1,26,26,0,match
1q9aoo8,1,26,26,0,match
1q9aovs,1,7,7,0,match
1q9aozh,1,26,26,0,match
1q9apgb,1,26,26,0,match
1q9apy9,1,1,1,0,match
1q9aqf2,1,26,26,0,match
1q9arah,1,25,25,0,match
1q9arbb,1,25,25,0,match
1q9arhe,1,26,26,0,match
1q9arq8,1,26,26,0,match
1q9arwt,1,26,26,0,match
1q9as50,1,26,26,0,match
1q9asr5,1,26,26,0,match
1q9at0i,1,26,26,0,match
1q9at44,1,26,26,0,match
1q9at8f,1,26,26,0,match
1q9au2y,1,26,26,0,match
1q9au4a,1,26,26,0,match
1q9au87,1,26,26,0,match
1q9auqa,1,26,26,0,match
1q9auyf,1,26,26,0,match
1q9auzc,1,26,26,0,match
1q9avek,1,26,26,0,match
1q9avhx,1,26,26,0,match
1q9aw06,1,26,26,0,match
1q9awep,1,26,26,0,match
1q9awj1,1,26,26,0,match
1q9awly,1,26,26,0,match
1q9awrs,1,26,26,0,match
1q9axaf,1,26,26,0,match
1q9axkz,1,26,26,0,match
1q9axx2,1,26,26,0,match
1q9az9l,1,26,26,0,match
1q9b05k,1,26,26,0,match
1q9b083,1,26,26,0,match
1q9b0j4,1,6,6,0,match
1q9b0o2,1,26,26,0,match
1q9b0o5,1,26,26,0,match
1q9b0wi,1,26,26,0,match
1q9b0x5,1,26,26,0,match
1q9b153,1,26,26,0,match
1q9b1bn,1,27,27,0,match
1q9b2ku,1,27,27,0,match
1q9b2n1,1,27,27,0,match
1q9b3ec,1,27,27,0,match
1q9b3jq,1,27,27,0,match
1q9b3ob,1,27,27,0,match
1q9b3ul,1,27,27,0,match
1q9b42n,1,27,27,0,match
1q9b4d5,1,1,1,0,match
1q9b4di,1,27,27,0,match
1q9b4gh,1,27,27,0,match
1q9b4lv,1,27,27,0,match
1q9b4zm,1,1,1,0,match
1q9b557,1,27,27,0,match
1q9b55m,1,27,27,0,match
1q9b676,1,5,5,0,match
1q9b6pf,1,26,26,0,match
1q9b6s0,1,26,26,0,match
1q9b717,1,26,26,0,match
1q9b76h,1,26,26,0,match
1q9b77i,1,26,26,0,match
1q9b81e,1,26,26,0,match
1q9b880,1,26,26,0,match
1q9b96p,1,26,26,0,match
1q9b9gl,1,26,26,0,match
1q9b9ki,1,26,26,0,match
1q9b9no,1,26,26,0,match
1q9b9sh,1,26,26,0,match
1q9b9yz,1,26,26,0,match
1q9ba25,1,26,26,0,match
1q9ba3l,1,6,6,0,match
1q9baj3,1,26,26,0,match
1q9bb30,1,27,27,0,match
1q9bbn0,1,1,1,0,match
1q9bbp8,1,21,21,0,match
1q9bbux,1,1,1,0,match
1q9bc0z,1,27,27,0,match
1q9bcb2,1,6,6,0,match
1q9bcl0,1,27,27,0,match
1q9bdm8,1,27,27,0,match
1q9be7q,1,9,9,0,match
1q9befg,1,27,27,0,match
1q9bem4,1,27,27,0,match
1q9bex9,1,5,5,0,match
1q9bfix,1,27,27,0,match
1q9bfmc,1,27,27,0,match
1q9bfog,1,5,5,0,match
1q9bfy0,1,27,27,0,match
1q9bg28,1,27,27,0,match
1q9bgab,1,27,27,0,match
1q9bhc5,1,27,27,0,match
1q9bhf5,1,27,27,0,match
1q9bhx1,1,27,27,0,match
1q9bi1y,1,27,27,0,match
1q9biu3,1,27,27,0,match
1q9biw1,1,27,27,0,match
1q9bj41,1,27,27,0,match
1q9bjhg,1,27,27,0,match
1q9bjns,1,27,27,0,match
1q9bkfq,1,26,26,0,match
1q9bkpq,1,26,26,0,match
1q9bkwb,1,4,4,0,match
1q9bl9g,1,26,26,0,match
1q9bld6,1,26,26,0,match
1q9bmz6,1,26,26,0,match
1q9bn44,1,26,26,0,match
1q9bnml,1,26,26,0,match
1q9bnnm,1,4,4,0,match
1q9bo0c,1,26,26,0,match
1q9boli,1,1,1,0,match
1q9bopt,1,27,27,0,match
1q9bpcf,1,1,1,0,match
1q9bpi3,1,27,27,0,match
1q9bq1l,1,27,27,0,match
1q9br2e,1,27,27,0,match
1q9brg5,1,1,1,0,match
1q9brkm,1,27,27,0,match
1q9brpd,1,27,27,0,match
1q9brps,1,27,27,0,match
1q9bry1,1,27,27,0,match
1q9bs0g,1,27,27,0,match
1q9bs39,1,27,27,0,match
1q9bsrm,1,18,18,0,match
1q9bsu6,1,27,27,0,match
1q9bsvy,1,27,27,0,match
1q9btqb,1,25,25,0,match
1q9btus,1,27,27,0,match
1q9bue3,1,1,1,0,match
1q9bur7,1,27,27,0,match
1q9buyu,1,4,4,0,match
1q9bv13,1,27,27,0,match
1q9bvcf,1,27,27,0,match
1q9bvnd,1,27,27,0,match
1q9bw4x,1,27,27,0,match
1q9bww2,1,27,27,0,match
1q9bx1m,1,27,27,0,match
1q9bx49,1,27,27,0,match
1q9bx6p,1,27,27,0,match
1q9bxx5,1,27,27,0,match
1q9bynq,1,26,26,0,match
1q9byqg,1,26,26,0,match
1q9byqp,1,26,26,0,match
1q9bysa,1,26,26,0,match
1q9bz4m,1,2,2,0,match
1q9bz7s,1,26,26,0,match
1q9bzvn,1,26,26,0,match
1q9c09b,1,26,26,0,match
1q9c136,1,26,26,0,match
1q9c1yb,1,26,26,0,match
1q9c244,1,26,26,0,match
1q9c294,1,26,26,0,match
1q9c2f9,1,26,26,0,match
1q9c2w2,1,3,3,0,match
1q9c54j,1,4,4,0,match
1q9c5q3,1,26,26,0,match
1q9c6fs,1,26,26,0,match
1q9c6la,1,26,26,0,match
1q9c6o4,1,26,26,0,match
1q9c6oc,1,26,26,0,match
1q9c6so,1,1,1,0,match
1q9c72g,1,26,26,0,match
1q9c73i,1,26,26,0,match
1q9c7j5,1,27,27,0,match
1q9c89v,1,27,27,0,match
1q9c8sh,1,27,27,0,match
1q9c8z7,1,24,24,0,match
1q9c93v,1,27,27,0,match
1q9c98v,1,27,27,0,match
1q9c9hi,1,27,27,0,match
1q9c9pt,1,27,27,0,match
1q9ca7z,1,27,27,0,match
1q9caad,1,27,27,0,match
1q9caas,1,27,27,0,match
1q9cadn,1,27,27,0,match
1q9catu,1,27,27,0,match
1q9cav5,1,26,26,0,match
1q9cbh4,1,27,27,0,match
1q9cblf,1,27,27,0,match
1q9cchv,1,24,24,0,match
1q9ccvs,1,26,26,0,match
1q9cd62,1,24,24,0,match
1q9cd9e,1,26,26,0,match
1q9cdgt,1,26,26,0,match
1q9cdqn,1,26,26,0,match
1q9ce51,1,26,26,0,match
1q9cehv,1,26,26,0,match
1q9celg,1,26,26,0,match
1q9cem1,1,26,26,0,match
1q9cevk,1,26,26,0,match
1q9cf69,1,26,26,0,match
1q9cfbf,1,27,27,0,match
1q9cfe1,1,27,27,0,match
1q9cff1,1,27,27,0,match
1q9cfoq,1,27,27,0,match
1q9cfot,1,27,27,0,match
1q9cg08,1,27,27,0,match
1q9cg8q,1,27,27,0,match
1q9cgai,1,27,27,0,match
1q9cgb9,1,27,27,0,match
1q9cghp,1,27,27,0,match
1q9cgtt,1,27,27,0,match
1q9ch1d,1,27,27,0,match
1q9ch1g,1,27,27,0,match
1q9ch7y,1,27,27,0,match
1q9chen,1,27,27,0,match
1q9cho3,1,27,27,0,match
1q9ciit,1,3,3,0,match
1q9ciml,1,27,27,0,match
1q9cj1u,1,27,27,0,match
1q9cjlr,1,27,27,0,match
1q9cjp9,1,27,27,0,match
1q9ckbt,1,27,27,0,match
1q9ckj3,1,27,27,0,match
1q9ckyx,1,16,16,0,match
1q9cla1,1,27,27,0,match
1q9clde,1,27,27,0,match
1q9clft,1,27,27,0,match
1q9cli7,1,27,27,0,match
1q9clvx,1,27,27,0,match
1q9cm5f,1,27,27,0,match
1q9cm9c,1,27,27,0,match
1q9cmfe,1,27,27,0,match
1q9cmr8,1,27,27,0,match
1q9cmsu,1,27,27,0,match
1q9cmxz,1,27,27,0,match
1q9cn23,1,27,27,0,match
1q9cngi,1,25,25,0,match
1q9cnuh,1,27,27,0,match
1q9co4k,1,27,27,0,match
1q9coei,1,27,27,0,match
1q9cpaw,1,27,27,0,match
1q9cpdz,1,27,27,0,match
1q9cprx,1,27,27,0,match
1q9cptr,1,27,27,0,match
1q9cqgs,1,27,27,0,match
1q9cqvq,1,1,1,0,match
1q9crg9,1,5,5,0,match
1q9crvm,1,27,27,0,match
1q9cryp,1,27,27,0,match
1q9csie,1,27,27,0,match
1q9csw5,1,27,27,0,match
1q9ctad,1,4,4,0,match
1q9ctao,1,27,27,0,match
1q9ctma,1,27,27,0,match
1q9ctq7,1,1,1,0,match
1q9cu9n,1,27,27,0,match
1q9cumw,1,27,27,0,match
1q9cuqi,1,27,27,0,match
1q9cuzw,1,27,27,0,match
1q9cv4s,1,27,27,0,match
1q9cv7r,1,27,27,0,match
1q9cvau,1,27,27,0,match
1q9cwpa,1,27,27,0,match
1q9cxot,1,27,27,0,match
1q9cxqa,1,27,27,0,match
1q9cxxi,1,27,27,0,match
1q9cyjf,1,27,27,0,match
1q9czjc,1,27,27,0,match
1q9czo2,1,27,27,0,match
1q9d0r8,1,27,27,0,match
1q9d0va,1,27,27,0,match
1q9d1gt,1,6,6,0,match
1q9d1jy,1,27,27,0,match
1q9d1v6,1,27,27,0,match
1q9d26s,1,27,27,0,match
1q9d2r2,1,27,27,0,match
1q9d3ck,1,27,27,0,match
1q9d3lw,1,27,27,0,match
1q9d3wh,1,26,26,0,match
1q9d41m,1,27,27,0,match
1q9d484,1,27,27,0,match
1q9d4t0,1,27,27,0,match
1q9d4yk,1,2,2,0,match
1q9d52y,1,27,27,0,match
1q9d5d4,1,27,27,0,match
1q9d5hl,1,27,27,0,match
1q9d5vk,1,27,27,0,match
1q9d60r,1,26,26,0,match
1q9d684,1,26,26,0,match
1q9d6cj,1,1,1,0,match
1q9d6md,1,13,13,0,match
1q9d71y,1,27,27,0,match
1q9d7yx,1,27,27,0,match
1q9d81e,1,27,27,0,match
1q9d8w2,1,27,27,0,match
1q9d93y,1,1,1,0,match
1q9d9dx,1,27,27,0,match
1q9d9ga,1,10,10,0,match
1q9d9i8,1,27,27,0,match
1q9d9j9,1,27,27,0,match
1q9d9k2,1,27,27,0,match
1q9d9vi,1,27,27,0,match
1q9daoh,1,27,27,0,match
1q9davr,1,27,27,0,match
1q9dbgq,1,27,27,0,match
1q9dbox,1,27,27,0,match
1q9dcf3,1,27,27,0,match
1q9dck9,1,27,27,0,match
1q9dcmv,1,27,27,0,match
1q9dcrf,1,27,27,0,match
1q9dcvx,1,27,27,0,match
1q9de1e,1,27,27,0,match
1q9de2a,1,27,27,0,match
1q9de4k,1,27,27,0,match
1q9df14,1,27,27,0,match
1q9dfsx,1,1,1,0,match
1q9dftx,1,6,6,0,match
1q9dfzu,1,27,27,0,match
1q9dg46,1,27,27,0,match
1q9dg9v,1,27,27,0,match
1q9dgja,1,27,27,0,match
1q9dgzs,1,8,8,0,match
1q9dh5j,1,27,27,0,match
1q9dhcy,1,27,27,0,match
1q9dhz5,1,27,27,0,match
1q9dimf,1,28,28,0,match
1q9dirp,1,28,28,0,match
1q9dj1f,1,28,28,0,match
1q9dj4q,1,8,8,0,match
1q9djhr,1,28,28,0,match
1q9djto,1,24,24,0,match
1q9dk18,1,28,28,0,match
1q9dk3v,1,28,28,0,match
1q9dkaa,1,27,27,0,match
1q9dkgy,1,27,27,0,match
1q9dkjj,1,27,27,0,match
1q9dkp8,1,27,27,0,match
1q9dksg,1,16,16,0,match
1q9dkvn,1,27,27,0,match
1q9dkzc,1,27,27,0,match
1q9dm73,1,2,2,0,match
1q9dmd4,1,27,27,0,match
1q9dmgx,1,27,27,0,match
1q9dmli,1,27,27,0,match
1q9dmz5,1,27,27,0,match
1q9dmzo,1,27,27,0,match
1q9dn0l,1,27,27,0,match
1q9dn88,1,27,27,0,match
1q9dn8n,1,6,6,0,match
1q9dnfm,1,27,27,0,match
1q9dno3,1,27,27,0,match
1q9do1r,1,1,1,0,match
1q9do3a,1,26,26,0,match
1q9do5c,1,27,27,0,match
1q9dojz,1,27,27,0,match
1q9dok3,1,1,1,0,match
1q9dokf,1,27,27,0,match
1q9doxj,1,27,27,0,match
1q9doxr,1,27,27,0,match
1q9dpxr,1,27,27,0,match
1q9dpz9,1,28,28,0,match
1q9dq3m,1,28,28,0,match
1q9dqa4,1,28,28,0,match
1q9dreh,1,28,28,0,match
1q9drvk,1,28,28,0,match
1q9ds7m,1,28,28,0,match
1q9dsdw,1,28,28,0,match
1q9dtgc,1,28,28,0,match
1q9dts8,1,28,28,0,match
1q9dtv7,1,28,28,0,match
1q9du2x,1,28,28,0,match
1q9dueq,1,28,28,0,match
1q9dumi,1,28,28,0,match
1q9duoq,1,28,28,0,match
1q9duyo,1,5,5,0,match
1q9duzi,1,28,28,0,match
1q9dv3k,1,28,28,0,match
1q9dvbp,1,28,28,0,match
1q9dvh0,1,28,28,0,match
1q9dvte,1,28,28,0,match
1q9dw5f,1,27,27,0,match
1q9dwr1,1,28,28,0,match
1q9dx5g,1,28,28,0,match
1q9dxgj,1,28,28,0,match
1q9dxji,1,28,28,0,match
1q9dxjp,1,1,1,0,match
1q9dxwf,1,28,28,0,match
1q9dy30,1,28,28,0,match
1q9dyi9,1,27,27,0,match
1q9dypj,1,27,27,0,match
1q9dyr9,1,27,27,0,match
1q9dz8j,1,27,27,0,match
1q9dzjz,1,27,27,0,match
1q9e0e5,1,27,27,0,match
1q9e0mr,1,27,27,0,match
1q9e0xt,1,27,27,0,match
1q9e0zx,1,27,27,0,match
1q9e1a6,1,27,27,0,match
1q9e1gn,1,27,27,0,match
1q9e1lz,1,27,27,0,match
1q9e1ow,1,7,7,0,match
1q9e1pj,1,9,9,0,match
1q9e2bj,1,27,27,0,match
1q9e2fe,1,27,27,0,match
1q9e3kb,1,27,27,0,match
1q9e3s9,1,27,27,0,match
1q9e42h,1,27,27,0,match
1q9e476,1,27,27,0,match
1q9e4dm,1,1,1,0,match
1q9e4ds,1,28,28,0,match
1q9e4ml,1,28,28,0,match
1q9e4p7,1,28,28,0,match
1q9e57b,1,28,28,0,match
1q9e5kf,1,1,1,0,match
1q9e5o0,1,28,28,0,match
1q9e5zs,1,28,28,0,match
1q9e66v,1,28,28,0,match
1q9e6pv,1,28,28,0,match
1q9e7so,1,2,2,0,match
1q9e80q,1,28,28,0,match
1q9e8a9,1,28,28,0,match
1q9e8j6,1,28,28,0,match
1q9e8oj,1,28,28,0,match
1q9e9md,1,28,28,0,match
1q9e9mm,1,7,7,0,match
1q9eacu,1,28,28,0,match
1q9eado,1,28,28,0,match
1q9eaea,1,28,28,0,match
1q9eaw3,1,28,28,0,match
1q9eb4u,1,28,28,0,match
1q9ebu0,1,28,28,0,match
1q9eche,1,28,28,0,match
1q9ecpv,1,27,27,0,match
1q9ecu2,1,27,27,0,match
1q9ed34,1,27,27,0,match
1q9ee01,1,27,27,0,match
1q9eef0,1,27,27,0,match
1q9eeoh,1,27,27,0,match
1q9efkh,1,27,27,0,match
1q9egpe,1,27,27,0,match
1q9egty,1,27,27,0,match
1q9egvd,1,27,27,0,match
1q9eh21,1,27,27,0,match
1q9eh98,1,27,27,0,match
1q9ehdh,1,27,27,0,match
1q9ehe0,1,27,27,0,match
1q9ehvt,1,27,27,0,match
1q9ei1a,1,28,28,0,match
1q9ei4l,1,28,28,0,match
1q9ei9s,1,28,28,0,match
1q9eiyn,1,28,28,0,match
1q9eizo,1,28,28,0,match
1q9ej1t,1,28,28,0,match
1q9ej6b,1,1,1,0,match
1q9ejia,1,28,28,0,match
1q9ejp5,1,28,28,0,match
1q9ek46,1,28,28,0,match
1q9ekdm,1,28,28,0,match
1q9el3c,1,28,28,0,match
1q9el5m,1,28,28,0,match
1q9el7i,1,1,1,0,match
1q9eldn,1,28,28,0,match
1q9ell4,1,28,28,0,match
1q9elnh,1,28,28,0,match
1q9eloj,1,1,1,0,match
1q9elv1,1,28,28,0,match
1q9elx4,1,28,28,0,match
1q9emdv,1,28,28,0,match
1q9emjl,1,28,28,0,match
1q9emlt,1,28,28,0,match
1q9emm8,1,28,28,0,match
1q9emuy,1,28,28,0,match
1q9enfy,1,28,28,0,match
1q9engx,1,28,28,0,match
1q9enib,1,28,28,0,match
1q9enno,1,28,28,0,match
1q9enra,1,28,28,0,match
1q9eoxw,1,28,28,0,match
1q9ep81,1,28,28,0,match
1q9eq40,1,28,28,0,match
1q9eqf7,1,28,28,0,match
1q9eqhw,1,1,1,0,match
1q9erd6,1,27,27,0,match
1q9eri7,1,27,27,0,match
1q9eslp,1,28,28,0,match
1q9esuz,1,28,28,0,match
1q9eszj,1,28,28,0,match
1q9eteq,1,28,28,0,match
1q9etkb,1,28,28,0,match
1q9eudd,1,28,28,0,match
1q9evrz,1,9,9,0,match
1q9ew2y,1,28,28,0,match
1q9ewcs,1,28,28,0,match
1q9ewdo,1,28,28,0,match
1q9ewo3,1,28,28,0,match
1q9ex4s,1,28,28,0,match
1q9exh8,1,28,28,0,match
1q9exhm,1,28,28,0,match
1q9exwp,1,28,28,0,match
1q9ey0x,1,28,28,0,match
1q9ey74,1,28,28,0,match
1q9ezfq,1,28,28,0,match
1q9ezxz,1,28,28,0,match
1q9f02u,1,28,28,0,match
1q9f08z,1,2,2,0,match
1q9f0pq,1,1,1,0,match
1q9f0vi,1,1,1,0,match
1q9f12u,1,28,28,0,match
1q9f172,1,28,28,0,match
1q9f19t,1,28,28,0,match
1q9f1j9,1,28,28,0,match
1q9f1mg,1,28,28,0,match
1q9f22l,1,28,28,0,match
1q9f2cf,1,28,28,0,match
1q9f2dw,1,28,28,0,match
1q9f2nz,1,28,28,0,match
1q9f30m,1,28,28,0,match
1q9f31q,1,28,28,0,match
1q9f3qc,1,28,28,0,match
1q9f3ww,1,29,29,0,match
1q9f41d,1,29,29,0,match
1q9f479,1,29,29,0,match
1q9f4h1,1,12,12,0,match
1q9f4rc,1,29,29,0,match
1q9f52l,1,28,28,0,match
1q9f5lx,1,28,28,0,match
1q9f6er,1,28,28,0,match
1q9f6vf,1,28,28,0,match
1q9f751,1,28,28,0,match
1q9f765,1,28,28,0,match
1q9f7a1,1,1,1,0,match
1q9f7cj,1,28,28,0,match
1q9f7cq,1,28,28,0,match
1q9f7kx,1,28,28,0,match
1q9f96m,1,28,28,0,match
1q9f9o6,1,28,28,0,match
1q9f9wc,1,28,28,0,match
1q9f9yn,1,15,15,0,match
1q9fa9x,1,28,28,0,match
1q9famv,1,27,27,0,match
1q9fb1q,1,28,28,0,match
1q9fbll,1,28,28,0,match
1q9fbzp,1,28,28,0,match
1q9fc4a,1,28,28,0,match
1q9fcjl,1,28,28,0,match
1q9fcnh,1,28,28,0,match
1q9fdaz,1,28,28,0,match
1q9fdgj,1,28,28,0,match
1q9fdtc,1,28,28,0,match
1q9fdu2,1,28,28,0,match
1q9fduo,1,28,28,0,match
1q9fdvr,1,28,28,0,match
1q9felo,1,28,28,0,match
1q9fenu,1,28,28,0,match
1q9ff8x,1,28,28,0,match
1q9ffy3,1,28,28,0,match
1q9fh3m,1,28,28,0,match
1q9fhao,1,28,28,0,match
1q9fi21,1,28,28,0,match
1q9fjqr,1,27,27,0,match
1q9fk4c,1,27,27,0,match
1q9fk95,1,27,27,0,match
1q9fkpb,1,27,27,0,match
1q9flaq,1,27,27,0,match
1q9fljn,1,27,27,0,match
1q9fm4v,1,27,27,0,match
1q9fm73,1,27,27,0,match
1q9fm8t,1,27,27,0,match
1q9fmzb,1,28,28,0,match
1q9foog,1,3,3,0,match
1q9foz2,1,28,28,0,match
1q9fp0e,1,28,28,0,match
1q9fpg6,1,28,28,0,match
1q9fqad,1,28,28,0,match
1q9fqat,1,28,28,0,match
1q9fqx0,1,28,28,0,match
1q9fr0b,1,28,28,0,match
1q9frbi,1,28,28,0,match
1q9frgo,1,28,28,0,match
1q9frt6,1,28,28,0,match
1q9fsal,1,28,28,0,match
1q9fscg,1,10,10,0,match
1q9fu16,1,28,28,0,match
1q9fu72,1,28,28,0,match
1q9fu9e,1,28,28,0,match
1q9fue5,1,1,1,0,match
1q9fuyj,1,28,28,0,match
1q9fvxe,1,28,28,0,match
1q9fw2t,1,28,28,0,match
1q9fw7j,1,28,28,0,match
1q9fwof,1,28,28,0,match
1q9fww0,1,14,14,0,match
1q9fx7i,1,28,28,0,match
1q9fxg9,1,28,28,0,match
1q9fxgv,1,28,28,0,match
1q9fyy7,1,27,27,0,match
1q9g0dg,1,27,27,0,match
1q9g0x5,1,27,27,0,match
1q9g1jl,1,28,28,0,match
1q9g1kc,1,28,28,0,match
1q9g22b,1,28,28,0,match
1q9g2m6,1,28,28,0,match
1q9g3cz,1,24,24,0,match
1q9g3em,1,28,28,0,match
1q9g3ml,1,3,3,0,match
1q9g3nt,1,28,28,0,match
1q9g3nw,1,28,28,0,match
1q9g3yl,1,28,28,0,match
1q9g44w,1,28,28,0,match
1q9g45n,1,28,28,0,match
1q9g4ew,1,28,28,0,match
1q9g4yi,1,28,28,0,match
1q9g54q,1,28,28,0,match
1q9g5gd,1,28,28,0,match
1q9g5h6,1,28,28,0,match
1q9g5lu,1,28,28,0,match
1q9g5pc,1,28,28,0,match
1q9g5zg,1,28,28,0,match
1q9g6hx,1,28,28,0,match
1q9g6wc,1,28,28,0,match
1q9g79o,1,28,28,0,match
1q9g7a7,1,28,28,0,match
1q9g8hr,1,28,28,0,match
1q9g8wx,1,28,28,0,match
1q9g91i,1,28,28,0,match
1q9g9lq,1,28,28,0,match
1q9g9m3,1,28,28,0,match
1q9ga5w,1,28,28,0,match
1q9ga8b,1,2,2,0,match
1q9gakb,1,28,28,0,match
1q9gapo,1,28,28,0,match
1q9gau2,1,3,3,0,match
1q9gaun,1,28,28,0,match
1q9gazg,1,28,28,0,match
1q9gb3p,1,9,9,0,match
1q9gbmo,1,28,28,0,match
1q9gbs0,1,28,28,0,match
1q9gbxr,1,28,28,0,match
1q9gck7,1,27,27,0,match
1q9gcso,1,27,27,0,match
1q9gcta,1,27,27,0,match
1q9gcup,1,27,27,0,match
1q9gd3a,1,27,27,0,match
1q9gdim,1,28,28,0,match
1q9gdoj,1,28,28,0,match
1q9ge5i,1,28,28,0,match
1q9gebo,1,28,28,0,match
1q9geeq,1,28,28,0,match
1q9gejq,1,28,28,0,match
1q9gema,1,28,28,0,match
1q9geuf,1,28,28,0,match
1q9gewp,1,28,28,0,match
1q9gf9k,1,3,3,0,match
1q9gfic,1,28,28,0,match
1q9gfqf,1,28,28,0,match
1q9gg2u,1,28,28,0,match
1q9ggfx,1,28,28,0,match
1q9ggl9,1,28,28,0,match
1q9gglv,1,28,28,0,match
1q9ggxn,1,28,28,0,match
1q9ggz6,1,28,28,0,match
1q9gh1i,1,28,28,0,match
1q9ghhv,1,28,28,0,match
1q9gi2v,1,28,28,0,match
1q9gi8i,1,28,28,0,match
1q9giqr,1,1,1,0,match
1q9gj5m,1,28,28,0,match
1q9gjbu,1,28,28,0,match
1q9gjf0,1,28,28,0,match
1q9gjf8,1,28,28,0,match
1q9gjlr,1,28,28,0,match
1q9gjn2,1,28,28,0,match
1q9gjxr,1,28,28,0,match
1q9gk6n,1,28,28,0,match
1q9gkf6,1,28,28,0,match
1q9gksi,1,1,1,0,match
1q9gkzd,1,28,28,0,match
1q9glvc,1,28,28,0,match
1q9glvl,1,28,28,0,match
1q9gmhj,1,28,28,0,match
1q9gms3,1,28,28,0,match
1q9gn26,1,28,28,0,match
1q9gn4p,1,29,29,0,match
1q9gnbg,1,29,29,0,match
1q9gnoq,1,29,29,0,match
1q9gnz6,1,29,29,0,match
1q9go48,1,29,29,0,match
1q9goi0,1,29,29,0,match
1q9gp32,1,29,29,0,match
1q9gq99,1,28,28,0,match
1q9gqu7,1,28,28,0,match
1q9gr07,1,28,28,0,match
1q9gr3x,1,28,28,0,match
1q9grlr,1,28,28,0,match
1q9gs6t,1,28,28,0,match
1q9gs73,1,28,28,0,match
1q9gt57,1,28,28,0,match
1q9gthq,1,28,28,0,match
1q9gtl2,1,28,28,0,match
1q9gtlw,1,28,28,0,match
1q9gtmo,1,28,28,0,match
1q9gtou,1,28,28,0,match
1q9gtu8,1,28,28,0,match
1q9gucm,1,12,12,0,match
1q9gudb,1,8,8,0,match
1q9gusj,1,2,2,0,match
1q9gvw1,1,28,28,0,match
1q9gvyn,1,2,2,0,match
1q9gw7p,1,28,28,0,match
1q9gwei,1,28,28,0,match
1q9gwk0,1,28,28,0,match
1q9gx1w,1,2,2,0,match
1q9gxih,1,28,28,0,match
1q9gxkh,1,28,28,0,match
1q9gyd4,1,28,28,0,match
1q9gyqy,1,9,9,0,match
1q9gyxm,1,28,28,0,match
1q9gz5g,1,28,28,0,match
1q9gz7w,1,2,2,0,match
1q9gzfz,1,28,28,0,match
1q9gzhd,1,28,28,0,match
1q9gzm8,1,28,28,0,match
1q9gzmi,1,29,29,0,match
1q9gzrw,1,29,29,0,match
1q9gzxm,1,29,29,0,match
1q9h112,1,12,12,0,match
1q9h13e,1,29,29,0,match
1q9h2n6,1,29,29,0,match
1q9h2vo,1,29,29,0,match
1q9h2zr,1,29,29,0,match
1q9h34b,1,3,3,0,match
1q9h36r,1,29,29,0,match
1q9h3k5,1,29,29,0,match
1q9h3to,1,8,8,0,match
1q9h4dr,1,28,28,0,match
1q9h5xf,1,28,28,0,match
1q9h63w,1,28,28,0,match
1q9h64d,1,28,28,0,match
1q9h6p1,1,28,28,0,match
1q9h6xk,1,28,28,0,match
1q9h6zb,1,28,28,0,match
1q9h75j,1,3,3,0,match
1q9h761,1,2,2,0,match
1q9h7g0,1,28,28,0,match
1q9h7lu,1,28,28,0,match
1q9h80e,1,28,28,0,match
1q9h82k,1,1,1,0,match
1q9h834,1,28,28,0,match
1q9h840,1,28,28,0,match
1q9h8lr,1,28,28,0,match
1q9h8xg,1,28,28,0,match
1q9h8xr,1,28,28,0,match
1q9h96v,1,2,2,0,match
1q9h9bk,1,28,28,0,match
1q9h9uh,1,29,29,0,match
1q9h9xy,1,29,29,0,match
1q9hafc,1,29,29,0,match
1q9hax5,1,29,29,0,match
1q9hbar,1,29,29,0,match
1q9hbci,1,29,29,0,match
1q9hby2,1,5,5,0,match
1q9hcx7,1,29,29,0,match
1q9hdhg,1,29,29,0,match
1q9hdrs,1,29,29,0,match
1q9hdu2,1,7,7,0,match
1q9he3z,1,29,29,0,match
1q9he99,1,29,29,0,match
1q9heb1,1,29,29,0,match
1q9hfb3,1,10,10,0,match
1q9hfej,1,29,29,0,match
1q9hftj,1,29,29,0,match
1q9hgj5,1,29,29,0,match
1q9hh4b,1,1,1,0,match
1q9hhfg,1,1,1,0,match
1q9hhjy,1,29,29,0,match
1q9hibp,1,28,28,0,match
1q9hiox,1,28,28,0,match
1q9hiq5,1,3,3,0,match
1q9hixa,1,29,29,0,match
1q9hj3a,1,29,29,0,match
1q9hj93,1,29,29,0,match
1q9hjbj,1,29,29,0,match
1q9hjdh,1,16,16,0,match
1q9hjn0,1,29,29,0,match
1q9hjr2,1,29,29,0,match
1q9hjrk,1,29,29,0,match
1q9hjwr,1,29,29,0,match
1q9hk78,1,29,29,0,match
1q9hl3j,1,29,29,0,match
1q9hlr1,1,29,29,0,match
1q9hmax,1,29,29,0,match
1q9hmjr,1,29,29,0,match
1q9hnwa,1,29,29,0,match
1q9hp0m,1,29,29,0,match
1q9hpc8,1,1,1,0,match
1q9hpee,1,29,29,0,match
1q9hphv,1,29,29,0,match
1q9hpjo,1,29,29,0,match
1q9hpk1,1,3,3,0,match
1q9hpmd,1,29,29,0,match
1q9hpr5,1,29,29,0,match
1q9hpvs,1,29,29,0,match
1q9hpvt,1,29,29,0,match
1q9hpzk,1,29,29,0,match
1q9hq3d,1,29,29,0,match
1q9hqkz,1,1,1,0,match
1q9hqot,1,29,29,0,match
1q9hr6t,1,29,29,0,match
1q9hrbx,1,29,29,0,match
1q9hrfo,1,30,30,0,match
1q9hrkf,1,30,30,0,match
1q9hrw0,1,30,30,0,match
1q9hrwy,1,30,30,0,match
1q9hsne,1,30,30,0,match
1q9ht47,1,30,30,0,match
1q9htgh,1,5,5,0,match
1q9htgi,1,1,1,0,match
1q9htqr,1,30,30,0,match
1q9htyf,1,30,30,0,match
1q9hu3r,1,1,1,0,match
1q9hucq,1,30,30,0,match
1q9hudp,1,30,30,0,match
1q9hv24,1,2,2,0,match
1q9hv35,1,1,1,0,match
1q9hvb0,1,29,29,0,match
1q9hvo0,1,29,29,0,match
1q9hw3t,1,29,29,0,match
1q9hw5k,1,17,17,0,match
1q9hweh,1,29,29,0,match
1q9hwi2,1,4,4,0,match
1q9hwo4,1,29,29,0,match
1q9hwye,1,29,29,0,match
1q9hxxw,1,26,26,0,match
1q9hy03,1,1,1,0,match
1q9hyai,1,29,29,0,match
1q9hywz,1,29,29,0,match
1q9hz5q,1,29,29,0,match
1q9i019,1,29,29,0,match
1q9i0hq,1,29,29,0,match
1q9i0j4,1,2,2,0,match
1q9i0os,1,29,29,0,match
1q9i0sb,1,29,29,0,match
1q9i0sn,1,29,29,0,match
1q9i0uc,1,29,29,0,match
1q9i0uf,1,29,29,0,match
1q9i22h,1,7,7,0,match
1q9i2n9,1,26,26,0,match
1q9i2t2,1,6,6,0,match
1q9i328,1,29,29,0,match
1q9i3dx,1,30,30,0,match
1q9i3iy,1,30,30,0,match
1q9i3o0,1,10,10,0,match
1q9i3rw,1,30,30,0,match
1q9i40h,1,30,30,0,match
1q9i4em,1,30,30,0,match
1q9i4oc,1,9,9,0,match
1q9i57p,1,30,30,0,match
1q9i58b,1,3,3,0,match
1q9i5ap,1,30,30,0,match
1q9i68z,1,30,30,0,match
1q9i6au,1,30,30,0,match
1q9i73n,1,30,30,0,match
1q9i8yp,1,29,29,0,match
1q9i93s,1,29,29,0,match
1q9i948,1,29,29,0,match
1q9iamb,1,29,29,0,match
1q9ic15,1,29,29,0,match
1q9idnb,1,29,29,0,match
1q9idr0,1,29,29,0,match
1q9idu6,1,29,29,0,match
1q9iekt,1,29,29,0,match
1q9iet7,1,29,29,0,match
1q9iewc,1,29,29,0,match
1q9iexo,1,29,29,0,match
1q9ifmm,1,30,30,0,match
1q9ifus,1,28,28,0,match
1q9ig9z,1,1,1,0,match
1q9igeu,1,10,10,0,match
1q9igg2,1,30,30,0,match
1q9igzn,1,30,30,0,match
1q9ih8x,1,30,30,0,match
1q9ihm6,1,30,30,0,match
1q9ii5d,1,30,30,0,match
1q9ii63,1,30,30,0,match
1q9ij58,1,30,30,0,match
1q9ijip,1,30,30,0,match
1q9ikdt,1,30,30,0,match
1q9ikfa,1,30,30,0,match
1q9ikl6,1,30,30,0,match
1q9iklo,1,30,30,0,match
1q9il5m,1,30,30,0,match
1q9ilv2,1,29,29,0,match
1q9im0o,1,29,29,0,match
1q9im3h,1,30,30,0,match
1q9im9b,1,30,30,0,match
1q9im9q,1,30,30,0,match
1q9imvk,1,30,30,0,match
1q9in3q,1,30,30,0,match
1q9in4u,1,30,30,0,match
1q9ino3,1,30,30,0,match
1q9inyd,1,30,30,0,match
1q9iooj,1,30,30,0,match
1q9ip38,1,30,30,0,match
1q9ip92,1,30,30,0,match
1q9ipjr,1,30,30,0,match
1q9ipkj,1,30,30,0,match
1q9iplc,1,30,30,0,match
1q9iq0c,1,30,30,0,match
1q9iq2g,1,30,30,0,match
1q9iqi9,1,30,30,0,match
1q9ir0r,1,30,30,0,match
1q9irjj,1,30,30,0,match
1q9is0s,1,30,30,0,match
1q9isfs,1,30,30,0,match
1q9iss4,1,30,30,0,match
1q9it07,1,30,30,0,match
1q9it2s,1,21,21,0,match
1q9itca,1,30,30,0,match
1q9itd6,1,30,30,0,match
1q9itjt,1,30,30,0,match
1q9iu3o,1,30,30,0,match
1q9iuwy,1,30,30,0,match
1q9ivza,1,13,13,0,match
1q9iwjj,1,30,30,0,match
1q9iwtq,1,30,30,0,match
1q9ix0d,1,11,11,0,match
1q9ix6d,1,1,1,0,match
1q9ixff,1,30,30,0,match
1q9ixl3,1,30,30,0,match
1q9ixma,1,31,31,0,match
1q9ixo1,1,1,1,0,match
1q9iyc4,1,30,30,0,match
1q9iyjg,1,25,25,0,match
1q9iyxr,1,30,30,0,match
1q9ize9,1,30,30,0,match
1q9izwo,1,30,30,0,match
1q9j044,1,2,2,0,match
1q9j047,1,30,30,0,match
1q9j0o6,1,30,30,0,match
1q9j0vc,1,30,30,0,match
1q9j1gu,1,30,30,0,match
1q9j1l6,1,30,30,0,match
1q9j1va,1,30,30,0,match
1q9j1vq,1,30,30,0,match
1q9j232,1,30,30,0,match
1q9j2ac,1,30,30,0,match
1q9j2dm,1,30,30,0,match
1q9j2h0,1,30,30,0,match
1q9j2kv,1,30,30,0,match
1q9j2s3,1,30,30,0,match
1q9j3fp,1,30,30,0,match
1q9j3fr,1,30,30,0,match
1q9j3sa,1,12,12,0,match
1q9j4xi,1,1,1,0,match
1q9j5g0,1,30,30,0,match
1q9j6c2,1,31,31,0,match
1q9j6fg,1,31,31,0,match
1q9j773,1,31,31,0,match
1q9j7nz,1,31,31,0,match
1q9j7wa,1,31,31,0,match
1q9j7wp,1,31,31,0,match
1q9j8r9,1,2,2,0,match
1q9j9h2,1,31,31,0,match
1q9j9ks,1,31,31,0,match
1q9ja3l,1,31,31,0,match
1q9jad5,1,31,31,0,match
1q9jalm,1,31,31,0,match
1q9jawh,1,31,31,0,match
1q9jaxh,1,31,31,0,match
1q9jb06,1,30,30,0,match
1q9jbaz,1,30,30,0,match
1q9jc0l,1,30,30,0,match
1q9jcq2,1,30,30,0,match
1q9jczh,1,30,30,0,match
1q9jd51,1,30,30,0,match
1q9jdjr,1,30,30,0,match
1q9jdqb,1,30,30,0,match
1q9jdt2,1,30,30,0,match
1q9je8m,1,30,30,0,match
1q9jez2,1,30,30,0,match
1q9jfnc,1,30,30,0,match
1q9jfo7,1,30,30,0,match
1q9jfqn,1,2,2,0,match
1q9jfyv,1,30,30,0,match
1q9jhb7,1,30,30,0,match
1q9jhq6,1,30,30,0,match
1q9jhsg,1,31,31,0,match
1q9jhtj,1,31,31,0,match
1q9jiar,1,31,31,0,match
1q9jih0,1,31,31,0,match
1q9jin5,1,1,1,0,match
1q9jiqy,1,3,3,0,match
1q9jit7,1,31,31,0,match
1q9jiv0,1,31,31,0,match
1q9jiy4,1,31,31,0,match
1q9jjns,1,31,31,0,match
1q9jjw8,1,31,31,0,match
1q9jjyi,1,31,31,0,match
1q9jkzb,1,31,31,0,match
1q9jldu,1,3,3,0,match
1q9jlug,1,31,31,0,match
1q9jm1p,1,31,31,0,match
1q9jmkd,1,31,31,0,match
1q9jmn1,1,31,31,0,match
1q9jmyv,1,31,31,0,match
1q9jndi,1,31,31,0,match
1q9jnhn,1,31,31,0,match
1q9jnhu,1,31,31,0,match
1q9jnlu,1,2,2,0,match
1q9jnsa,1,1,1,0,match
1q9jo5z,1,30,30,0,match
1q9jogy,1,31,31,0,match
1q9jokr,1,31,31,0,match
1q9jp3o,1,31,31,0,match
1q9jp52,1,31,31,0,match
1q9jpfp,1,31,31,0,match
1q9jpqc,1,1,1,0,match
1q9jptn,1,31,31,0,match
1q9jpvx,1,31,31,0,match
1q9jpyg,1,31,31,0,match
1q9jqan,1,21,21,0,match
1q9jscd,1,31,31,0,match
1q9jso2,1,31,31,0,match
1q9jtpt,1,31,31,0,match
1q9jttg,1,31,31,0,match
1q9ju53,1,31,31,0,match
1q9jueh,1,1,1,0,match
1q9juq6,1,31,31,0,match
1q9jv4h,1,31,31,0,match
1q9jva9,1,31,31,0,match
1q9jvo5,1,31,31,0,match
1q9jwcd,1,31,31,0,match
1q9jxgv,1,31,31,0,match
1q9jxoy,1,6,6,0,match
1q9jxr2,1,31,31,0,match
1q9jy1i,1,3,3,0,match
1q9jy8j,1,31,31,0,match
1q9jygf,1,31,31,0,match
1q9jyi6,1,31,31,0,match
1q9jysc,1,31,31,0,match
1q9jyuk,1,32,32,0,match
1q9jze2,1,32,32,0,match
1q9jzrh,1,32,32,0,match
1q9k07m,1,1,1,0,match
1q9k0b8,1,32,32,0,match
1q9k0ba,1,32,32,0,match
1q9k15j,1,31,31,0,match
1q9k1cy,1,31,31,0,match
1q9k1tn,1,31,31,0,match
1q9k1vx,1,5,5,0,match
1q9k2gi,1,1,1,0,match
1q9k2x0,1,31,31,0,match
1q9k31m,1,5,5,0,match
1q9k35s,1,31,31,0,match
1q9k3n7,1,31,31,0,match
1q9k408,1,31,31,0,match
1q9k44v,1,31,31,0,match
1q9k4vp,1,31,31,0,match
1q9k53a,1,31,31,0,match
1q9k5lm,1,31,31,0,match
1q9k5on,1,31,31,0,match
1q9k5rl,1,31,31,0,match
1q9k5wc,1,31,31,0,match
1q9k62z,1,31,31,0,match
1q9k6d5,1,31,31,0,match
1q9k7d4,1,31,31,0,match
1q9k7ze,1,32,32,0,match
1q9k803,1,3,3,0,match
1q9k82r,1,32,32,0,match
1q9k8ge,1,32,32,0,match
1q9k8t2,1,1,1,0,match
1q9k97a,1,32,32,0,match
1q9k9b2,1,32,32,0,match
1q9ka2l,1,32,32,0,match
1q9ka4w,1,32,32,0,match
1q9ka71,1,32,32,0,match
1q9kaiv,1,32,32,0,match
1q9kavy,1,32,32,0,match
1q9kays,1,1,1,0,match
1q9kbs8,1,32,32,0,match
1q9kc25,1,32,32,0,match
1q9kc2x,1,32,32,0,match
1q9kcgq,1,32,32,0,match
1q9kco6,1,32,32,0,match
1q9kcv1,1,32,32,0,match
1q9kd30,1,32,32,0,match
1q9ke4y,1,9,9,0,match
1q9kef5,1,32,32,0,match
1q9ken9,1,32,32,0,match
1q9keo2,1,32,32,0,match
1q9keuv,1,32,32,0,match
1q9kev1,1,32,32,0,match
1q9kf29,1,32,32,0,match
1q9kf7d,1,32,32,0,match
1q9kfnt,1,16,16,0,match
1q9kfoc,1,17,17,0,match
1q9kg0x,1,32,32,0,match
1q9kgcc,1,32,32,0,match
1q9kgnr,1,32,32,0,match
1q9khd0,1,32,32,0,match
1q9khkk,1,32,32,0,match
1q9khkr,1,13,13,0,match
1q9khl6,1,32,32,0,match
1q9khq2,1,32,32,0,match
1q9khsc,1,32,32,0,match
1q9khv7,1,33,33,0,match
1q9ki08,1,33,33,0,match
1q9ki3f,1,2,2,0,match
1q9ki3u,1,33,33,0,match
1q9kiqz,1,33,33,0,match
1q9kjcs,1,33,33,0,match
1q9kjsu,1,33,33,0,match
1q9kjyw,1,33,33,0,match
1q9kkhi,1,33,33,0,match
1q9kkl6,1,33,33,0,match
1q9kl0s,1,33,33,0,match
1q9kl4r,1,4,4,0,match
1q9kl9p,1,33,33,0,match
1q9klee,1,33,33,0,match
1q9klwc,1,33,33,0,match
1q9km2m,1,2,2,0,match
1q9kmx5,1,1,1,0,match
1q9knhy,1,33,33,0,match
1q9knxg,1,33,33,0,match
1q9komk,1,33,33,0,match
1q9koqy,1,33,33,0,match
1q9kpa9,1,33,33,0,match
1q9kpam,1,33,33,0,match
1q9kpm1,1,2,2,0,match
1q9kq5v,1,34,34,0,match
1q9krj0,1,33,33,0,match
1q9krr4,1,4,4,0,match
1q9krtf,1,33,33,0,match
1q9ks32,1,1,1,0,match
1q9ktym,1,33,33,0,match
1q9kua9,1,33,33,0,match
1q9kuj7,1,3,3,0,match
1q9kvcr,1,33,33,0,match
1q9kvt6,1,33,33,0,match
1q9kvxl,1,33,33,0,match
1q9kw4j,1,8,8,0,match
1q9kw60,1,33,33,0,match
1q9kwxa,1,33,33,0,match
1q9kx1v,1,33,33,0,match
1q9kxd0,1,1,1,0,match
1q9ky3z,1,33,33,0,match
1q9ky40,1,33,33,0,match
1q9ky5x,1,6,6,0,match
1q9kyd7,1,8,8,0,match
1q9kywe,1,33,33,0,match
1q9kyxa,1,2,2,0,match
1q9kz6d,1,33,33,0,match
1q9kzaf,1,33,33,0,match
1q9kzsf,1,34,34,0,match
1q9l08w,1,34,34,0,match
1q9l0iu,1,34,34,0,match
1q9l0ni,1,34,34,0,match
1q9l0zh,1,18,18,0,match
1q9l11c,1,34,34,0,match
1q9l16d,1,34,34,0,match
1q9l1ge,1,34,34,0,match
1q9l1p9,1,34,34,0,match
1q9l2er,1,34,34,0,match
1q9l2hh,1,34,34,0,match
1q9l2oz,1,34,34,0,match
1q9l2rz,1,34,34,0,match
1q9l3fk,1,33,33,0,match
1q9l43k,1,33,33,0,match
1q9l46e,1,33,33,0,match
1q9l48f,1,33,33,0,match
1q9l4b5,1,34,34,0,match
1q9l4ql,1,34,34,0,match
1q9l5dk,1,34,34,0,match
1q9l5pr,1,34,34,0,match
1q9l60v,1,34,34,0,match
1q9l67h,1,34,34,0,match
1q9l6c3,1,34,34,0,match
1q9l6m8,1,34,34,0,match
1q9l6pq,1,34,34,0,match
1q9l6t3,1,34,34,0,match
1q9l6xp,1,34,34,0,match
1q9l7ns,1,34,34,0,match
1q9l90h,1,34,34,0,match
1q9l9h9,1,34,34,0,match
1q9l9hx,1,34,34,0,match
1q9l9vh,1,34,34,0,match
1q9l9zo,1,1,1,0,match
1q9lac7,1,34,34,0,match
1q9lacw,1,2,2,0,match
1q9lbp6,1,34,34,0,match
1q9lc91,1,34,34,0,match
1q9lcnf,1,34,34,0,match
1q9ld95,1,34,34,0,match
1q9ldcl,1,34,34,0,match
1q9ldf8,1,34,34,0,match
1q9ldf9,1,34,34,0,match
1q9lebl,1,34,34,0,match
1q9lejg,1,34,34,0,match
1q9lejq,1,34,34,0,match
1q9leuj,1,34,34,0,match
1q9lf2q,1,35,35,0,match
1q9lf41,1,35,35,0,match
1q9lfat,1,1,1,0,match
1q9lflt,1,35,35,0,match
1q9lgu3,1,34,34,0,match
1q9lgyf,1,6,6,0,match
1q9lhq0,1,34,34,0,match
1q9lhty,1,34,34,0,match
1q9li8x,1,34,34,0,match
1q9liw7,1,34,34,0,match
1q9lizs,1,34,34,0,match
1q9lj1o,1,34,34,0,match
1q9ljkt,1,34,34,0,match
1q9ljyy,1,10,10,0,match
1q9llhp,1,34,34,0,match
1q9llrb,1,12,12,0,match
1q9llzy,1,34,34,0,match
1q9lml6,1,34,34,0,match
1q9lmq0,1,34,34,0,match
1q9lmwv,1,34,34,0,match
1q9ln5q,1,34,34,0,match
1q9lo5v,1,34,34,0,match
1q9lo90,1,34,34,0,match
1q9loht,1,34,34,0,match
1q9loln,1,34,34,0,match
1q9loog,1,34,34,0,match
1q9louj,1,1,1,0,match
1q9lphr,1,17,17,0,match
1q9lqhb,1,34,34,0,match
1q9lqu1,1,34,34,0,match
1q9lrb6,1,34,34,0,match
1q9lrl5,1,34,34,0,match
1q9lrqk,1,34,34,0,match
1q9ls3o,1,34,34,0,match
1q9ls7m,1,34,34,0,match
1q9ltah,1,33,33,0,match
1q9ltnb,1,33,33,0,match
1q9ltvv,1,33,33,0,match
1q9lua6,1,34,34,0,match
1q9luvh,1,34,34,0,match
1q9luz5,1,34,34,0,match
1q9lv7w,1,34,34,0,match
1q9lv9h,1,34,34,0,match
1q9lv9s,1,34,34,0,match
1q9lvmo,1,34,34,0,match
1q9lvqq,1,34,34,0,match
1q9lvtk,1,34,34,0,match
1q9lvv1,1,34,34,0,match
1q9lvx5,1,17,17,0,match
1q9lwpz,1,34,34,0,match
1q9lwxq,1,34,34,0,match
1q9lx1s,1,15,15,0,match
1q9ly6m,1,34,34,0,match
1q9lyci,1,34,34,0,match
1q9lz3x,1,35,35,0,match
1q9lz4k,1,35,35,0,match
1q9lz8j,1,35,35,0,match
1q9lzs8,1,35,35,0,match
1q9lzuw,1,5,5,0,match
1q9lzvo,1,35,35,0,match
1q9lzwb,1,35,35,0,match
1q9lzxg,1,35,35,0,match
1q9lzzv,1,35,35,0,match
1q9m0nk,1,35,35,0,match
1q9m0o2,1,35,35,0,match
1q9m0rh,1,35,35,0,match
1q9m18i,1,35,35,0,match
1q9m18m,1,35,35,0,match
1q9m1o5,1,35,35,0,match
1q9m1uh,1,2,2,0,match
1q9m1zt,1,35,35,0,match
1q9m26z,1,35,35,0,match
1q9m2at,1,1,1,0,match
1q9m2kx,1,35,35,0,match
1q9m2mn,1,35,35,0,match
1q9m2qo,1,35,35,0,match
1q9m30z,1,35,35,0,match
1q9m3le,1,35,35,0,match
1q9m3sq,1,1,1,0,match
1q9m3yy,1,35,35,0,match
1q9m46j,1,35,35,0,match
1q9m4cl,1,35,35,0,match
1q9m518,1,35,35,0,match
1q9m537,1,2,2,0,match
1q9m53y,1,35,35,0,match
1q9m58q,1,35,35,0,match
1q9m597,1,35,35,0,match
1q9m659,1,35,35,0,match
1q9m6uv,1,35,35,0,match
1q9m7z5,1,35,35,0,match
1q9m8a2,1,35,35,0,match
1q9m8ao,1,35,35,0,match
1q9m8ka,1,35,35,0,match
1q9m8re,1,35,35,0,match
1q9m9eb,1,35,35,0,match
1q9m9uu,1,35,35,0,match
1q9maqw,1,35,35,0,match
1q9maz2,1,1,1,0,match
1q9mbx0,1,35,35,0,match
1q9mc6p,1,10,10,0,match
1q9mce6,1,35,35,0,match
1q9mcgr,1,35,35,0,match
1q9mcp5,1,36,36,0,match
1q9mcr4,1,36,36,0,match
1q9mcwq,1,36,36,0,match
1q9mcyf,1,36,36,0,match
1q9mdi2,1,36,36,0,match
1q9mdvw,1,1,1,0,match
1q9meh1,1,36,36,0,match
1q9mem6,1,36,36,0,match
1q9mf47,1,36,36,0,match
1q9mfss,1,36,36,0,match
1q9mg71,1,1,1,0,match
1q9mgce,1,36,36,0,match
1q9mgle,1,36,36,0,match
1q9mgv8,1,36,36,0,match
1q9mh0t,1,1,1,0,match
1q9mhjj,1,36,36,0,match
1q9mhtz,1,35,35,0,match
1q9mipp,1,35,35,0,match
1q9mj3m,1,35,35,0,match
1q9mjb3,1,35,35,0,match
1q9mjge,1,35,35,0,match
1q9mk1j,1,35,35,0,match
1q9mk61,1,35,35,0,match
1q9mk9q,1,35,35,0,match
1q9mkj0,1,35,35,0,match
1q9mknf,1,35,35,0,match
1q9mlb7,1,35,35,0,match
1q9mlkj,1,35,35,0,match
1q9mll6,1,35,35,0,match
1q9mlpg,1,35,35,0,match
1q9mlsu,1,35,35,0,match
1q9mlwz,1,3,3,0,match
1q9mmn9,1,36,36,0,match
1q9mmos,1,36,36,0,match
1q9mn5l,1,2,2,0,match
1q9mn81,1,36,36,0,match
1q9mnaf,1,5,5,0,match
1q9mnps,1,2,2,0,match
1q9mo9v,1,36,36,0,match
1q9mot1,1,36,36,0,match
1q9mpoo,1,36,36,0,match
1q9mpwr,1,36,36,0,match
1q9mpy9,1,36,36,0,match
1q9mpyb,1,36,36,0,match
1q9mqpp,1,36,36,0,match
1q9mqvh,1,36,36,0,match
1q9mqz8,1,36,36,0,match
1q9mr23,1,2,2,0,match
1q9mr8s,1,36,36,0,match
1q9mrck,1,36,36,0,match
1q9mrgb,1,36,36,0,match
1q9ms9j,1,36,36,0,match
1q9ms9p,1,36,36,0,match
1q9msjd,1,36,36,0,match
1q9mskd,1,36,36,0,match
1q9msly,1,36,36,0,match
1q9msod,1,36,36,0,match
1q9msqg,1,23,23,0,match
1q9mtb6,1,36,36,0,match
1q9mtno,1,37,37,0,match
1q9mtof,1,37,37,0,match
1q9mu1l,1,37,37,0,match
1q9mu2c,1,1,1,0,match
1q9mu4c,1,37,37,0,match
1q9mu5i,1,37,37,0,match
1q9mufu,1,36,36,0,match
1q9mutl,1,36,36,0,match
1q9muvz,1,36,36,0,match
1q9mvwe,1,36,36,0,match
1q9mw1k,1,36,36,0,match
1q9mwrv,1,36,36,0,match
1q9mx61,1,36,36,0,match
1q9mx87,1,36,36,0,match
1q9mxc7,1,36,36,0,match
1q9mxy8,1,1,1,0,match
1q9my17,1,36,36,0,match
1q9myh9,1,36,36,0,match
1q9mynd,1,36,36,0,match
1q9mz05,1,36,36,0,match
1q9mz9p,1,36,36,0,match
1q9mzty,1,36,36,0,match
1q9n05g,1,36,36,0,match
1q9n171,1,37,37,0,match
1q9n197,1,37,37,0,match
1q9n1jy,1,37,37,0,match
1q9n1yr,1,37,37,0,match
1q9n20v,1,37,37,0,match
1q9n25p,1,37,37,0,match
1q9n2cr,1,37,37,0,match
1q9n2dr,1,37,37,0,match
1q9n2ts,1,37,37,0,match
1q9n2us,1,37,37,0,match
1q9n3cb,1,37,37,0,match
1q9n44p,1,37,37,0,match
1q9n46z,1,37,37,0,match
1q9n4n2,1,37,37,0,match
1q9n4qe,1,1,1,0,match
1q9n4rj,1,37,37,0,match
1q9n4rr,1,37,37,0,match
1q9n4tn,1,37,37,0,match
1q9n4zg,1,37,37,0,match
1q9n5g9,1,37,37,0,match
1q9n5ic,1,38,38,0,match
1q9n5zs,1,38,38,0,match
1q9n65q,1,38,38,0,match
1q9n6ne,1,37,37,0,match
1q9n6p0,1,37,37,0,match
1q9n746,1,37,37,0,match
1q9n75n,1,37,37,0,match
1q9n7ip,1,37,37,0,match
1q9n80n,1,37,37,0,match
1q9n9li,1,37,37,0,match
1q9nae2,1,37,37,0,match
1q9nahm,1,1,1,0,match
1q9namx,1,37,37,0,match
1q9nanx,1,1,1,0,match
1q9naw9,1,37,37,0,match
1q9naxd,1,37,37,0,match
1q9nb9d,1,37,37,0,match
1q9nbkx,1,1,1,0,match
1q9nbnz,1,2,2,0,match
1q9nbzp,1,37,37,0,match
1q9nc2r,1,37,37,0,match
1q9ncu7,1,37,37,0,match
1q9ndo3,1,37,37,0,match
1q9ndwh,1,37,37,0,match
1q9ne30,1,37,37,0,match
1q9ne4d,1,38,38,0,match
1q9ne92,1,38,38,0,match
1q9nee5,1,38,38,0,match
1q9nefa,1,38,38,0,match
1q9neym,1,38,38,0,match
1q9nf9u,1,1,1,0,match
1q9nffr,1,11,11,0,match
1q9nh4e,1,38,38,0,match
1q9nh95,1,38,38,0,match
1q9nhml,1,38,38,0,match
1q9nht5,1,38,38,0,match
1q9ni0i,1,5,5,0,match
1q9ni5y,1,37,37,0,match
1q9ni8s,1,37,37,0,match
1q9nibw,1,37,37,0,match
1q9nifc,1,37,37,0,match
1q9njuv,1,37,37,0,match
1q9nk0d,1,37,37,0,match
1q9nk0h,1,4,4,0,match
1q9nk4f,1,19,19,0,match
1q9nkdb,1,37,37,0,match
1q9nkmo,1,37,37,0,match
1q9nkq4,1,37,37,0,match
1q9nlch,1,37,37,0,match
1q9nlgo,1,37,37,0,match
1q9nlxw,1,37,37,0,match
1q9nmi5,1,37,37,0,match
1q9nmjk,1,37,37,0,match
1q9nmnn,1,2,2,0,match
1q9nnzw,1,37,37,0,match
1q9nojk,1,37,37,0,match
1q9nont,1,37,37,0,match
1q9nosg,1,38,38,0,match
1q9npiw,1,38,38,0,match
1q9nplk,1,38,38,0,match
1q9nplr,1,38,38,0,match
1q9npuu,1,38,38,0,match
1q9nqnm,1,38,38,0,match
1q9nqrm,1,38,38,0,match
1q9nr1a,1,38,38,0,match
1q9nr2p,1,38,38,0,match
1q9nr38,1,15,15,0,match
1q9nr8s,1,13,13,0,match
1q9nrij,1,38,38,0,match
1q9nrts,1,4,4,0,match
1q9nsv5,1,38,38,0,match
1q9nt43,1,38,38,0,match
1q9nth1,1,38,38,0,match
1q9ntj6,1,38,38,0,match
1q9ntn5,1,38,38,0,match
1q9ntqa,1,38,38,0,match
1q9nu7j,1,37,37,0,match
1q9nudu,1,37,37,0,match
1q9nv2q,1,37,37,0,match
1q9nv6d,1,38,38,0,match
1q9nvb1,1,38,38,0,match
1q9nvgt,1,38,38,0,match
1q9nvjl,1,38,38,0,match
1q9nvou,1,3,3,0,match
1q9nvqb,1,33,33,0,match
1q9nwde,1,38,38,0,match
1q9nwdw,1,38,38,0,match
1q9nwlh,1,38,38,0,match
1q9nwqs,1,38,38,0,match
1q9nx28,1,38,38,0,match
1q9nx6w,1,38,38,0,match
1q9nxda,1,38,38,0,match
1q9nxmu,1,38,38,0,match
1q9nyhz,1,38,38,0,match
1q9nys2,1,38,38,0,match
1q9nz1b,1,38,38,0,match
1q9nz6o,1,1,1,0,match
1q9nz8o,1,38,38,0,match
1q9nzji,1,38,38,0,match
1q9nzt9,1,38,38,0,match
1q9nzvn,1,38,38,0,match
1q9o0jf,1,38,38,0,match
1q9o0xt,1,38,38,0,match
1q9o15g,1,6,6,0,match
1q9o1es,1,1,1,0,match
1q9o1oe,1,38,38,0,match
1q9o23w,1,3,3,0,match
1q9o2ly,1,5,5,0,match
1q9o2r9,1,38,38,0,match
1q9o2yq,1,3,3,0,match
1q9o3ap,1,38,38,0,match
1q9o3da,1,1,1,0,match
1q9o3p5,1,38,38,0,match
1q9o3rv,1,38,38,0,match
1q9o41b,1,38,38,0,match
1q9o4ar,1,39,39,0,match
1q9o4ct,1,39,39,0,match
1q9o4db,1,39,39,0,match
1q9o4mu,1,39,39,0,match
1q9o5jr,1,6,6,0,match
1q9o5kf,1,39,39,0,match
1q9o5ta,1,38,38,0,match
1q9o6kz,1,38,38,0,match
1q9o6wd,1,3,3,0,match
1q9o6zq,1,38,38,0,match
1q9o812,1,38,38,0,match
1q9o8o7,1,38,38,0,match
1q9o8sb,1,38,38,0,match
1q9o8ve,1,38,38,0,match
1q9o8yb,1,38,38,0,match
1q9o94b,1,38,38,0,match
1q9o9wq,1,38,38,0,match
1q9oa4w,1,38,38,0,match
1q9oaqt,1,38,38,0,match
1q9oarl,1,1,1,0,match
1q9oasf,1,38,38,0,match
1q9ob92,1,1,1,0,match
1q9obmy,1,38,38,0,match
1q9obqt,1,38,38,0,match
1q9obtu,1,38,38,0,match
1q9obyx,1,38,38,0,match
1q9oc6n,1,38,38,0,match
1q9oc82,1,24,24,0,match
1q9oc8i,1,1,1,0,match
1q9ocel,1,38,38,0,match
1q9od1a,1,38,38,0,match
1q9ode1,1,38,38,0,match
1q9odm0,1,38,38,0,match
1q9oe4h,1,38,38,0,match
1q9oe7b,1,38,38,0,match
1q9oecn,1,38,38,0,match
1q9oeqf,1,38,38,0,match
1q9oeul,1,38,38,0,match
1q9ofc1,1,38,38,0,match
1q9ofh9,1,38,38,0,match
1q9og85,1,38,38,0,match
1q9og9k,1,38,38,0,match
1q9oggg,1,1,1,0,match
1q9ogmu,1,38,38,0,match
1q9oh3v,1,38,38,0,match
1q9oh6h,1,38,38,0,match
1q9ohn4,1,37,37,0,match
1q9ohu1,1,37,37,0,match
1q9oj93,1,37,37,0,match
1q9ojff,1,37,37,0,match
1q9ojsx,1,38,38,0,match
1q9ok08,1,38,38,0,match
1q9okbi,1,38,38,0,match
1q9olcp,1,38,38,0,match
1q9oldv,1,38,38,0,match
1q9olmb,1,38,38,0,match
1q9olol,1,26,26,0,match
1q9om4y,1,38,38,0,match
1q9om89,1,38,38,0,match
1q9omlz,1,38,38,0,match
1q9omnv,1,38,38,0,match
1q9ompo,1,38,38,0,match
1q9on3q,1,38,38,0,match
1q9on65,1,38,38,0,match
1q9oo0o,1,1,1,0,match
1q9oojs,1,38,38,0,match
1q9oood,1,38,38,0,match
1q9oor7,1,38,38,0,match
1q9oorq,1,20,20,0,match
1q9oouo,1,38,38,0,match
1q9oov5,1,38,38,0,match
1q9ooxj,1,38,38,0,match
1q9op90,1,38,38,0,match
1q9opph,1,1,1,0,match
1q9opxz,1,38,38,0,match
1q9oqdm,1,38,38,0,match
1q9oqxd,1,38,38,0,match
1q9or58,1,38,38,0,match
1q9or65,1,39,39,0,match
1q9or90,1,39,39,0,match
1q9ormx,1,39,39,0,match
1q9orus,1,39,39,0,match
1q9orz8,1,39,39,0,match
1q9osrx,1,39,39,0,match
1q9ou61,1,38,38,0,match
1q9oufk,1,7,7,0,match
1q9ouo9,1,38,38,0,match
1q9ov06,1,38,38,0,match
1q9ov1q,1,38,38,0,match
1q9ov95,1,38,38,0,match
1q9ovgv,1,38,38,0,match
1q9ovi1,1,38,38,0,match
1q9ovuf,1,38,38,0,match
1q9ow1z,1,38,38,0,match
1q9ow79,1,5,5,0,match
1q9ox2x,1,38,38,0,match
1q9ox40,1,38,38,0,match
1q9oxiz,1,38,38,0,match
1q9oy1r,1,38,38,0,match
1q9oy7g,1,38,38,0,match
1q9oydk,1,38,38,0,match
1q9oyg6,1,38,38,0,match
1q9oyo7,1,38,38,0,match
1q9oz5b,1,38,38,0,match
1q9oz88,1,36,36,0,match
1q9oz8k,1,38,38,0,match
1q9oz9f,1,38,38,0,match
1q9ozvh,1,38,38,0,match
1q9p01k,1,1,1,0,match
1q9p02l,1,38,38,0,match
1q9p04l,1,38,38,0,match
1q9p0ur,1,38,38,0,match
1q9p0wn,1,1,1,0,match
1q9p14e,1,38,38,0,match
1q9p1d3,1,38,38,0,match
1q9p227,1,38,38,0,match
1q9p29l,1,9,9,0,match
1q9p2jn,1,1,1,0,match
1q9p2n3,1,38,38,0,match
1q9p38o,1,16,16,0,match
1q9p3cj,1,38,38,0,match
1q9p3t5,1,38,38,0,match
1q9p42r,1,38,38,0,match
1q9p43g,1,38,38,0,match
1q9p48t,1,37,37,0,match
1q9p4ah,1,37,37,0,match
1q9p4b4,1,37,37,0,match
1q9p4r8,1,37,37,0,match
1q9p4rd,1,37,37,0,match
1q9p4yf,1,37,37,0,match
1q9p52l,1,37,37,0,match
1q9p5jw,1,37,37,0,match
1q9p5tj,1,37,37,0,match
1q9p5wz,1,37,37,0,match
1q9p5zv,1,37,37,0,match
1q9p60k,1,37,37,0,match
1q9p67z,1,37,37,0,match
1q9p68j,1,37,37,0,match
1q9p6eq,1,37,37,0,match
1q9p6f6,1,37,37,0,match
1q9p6kq,1,37,37,0,match
1q9p6qb,1,38,38,0,match
1q9p6uo,1,38,38,0,match
1q9p6wy,1,38,38,0,match
1q9p6xs,1,38,38,0,match
1q9p8h0,1,38,38,0,match
1q9p8ng,1,38,38,0,match
1q9p8qa,1,2,2,0,match
1q9p8sj,1,38,38,0,match
1q9p8vt,1,38,38,0,match
1q9p975,1,38,38,0,match
1q9p988,1,38,38,0,match
1q9p99h,1,38,38,0,match
1q9p9jh,1,38,38,0,match
1q9p9ll,1,38,38,0,match
1q9pa0z,1,1,1,0,match
1q9pa4g,1,38,38,0,match
1q9paew,1,38,38,0,match
1q9paiv,1,38,38,0,match
1q9pav1,1,38,38,0,match
1q9pb8w,1,38,38,0,match
1q9pbi0,1,38,38,0,match
1q9pbuw,1,38,38,0,match
1q9pclw,1,38,38,0,match
1q9pcyb,1,38,38,0,match
1q9pd26,1,38,38,0,match
1q9pd6a,1,38,38,0,match
1q9pd8w,1,38,38,0,match
1q9pdkv,1,38,38,0,match
1q9pdns,1,38,38,0,match
1q9pdzc,1,38,38,0,match
1q9pe39,1,38,38,0,match
1q9pege,1,17,17,0,match
1q9peih,1,38,38,0,match
1q9pfo3,1,2,2,0,match
1q9pfog,1,37,37,0,match
1q9pg0g,1,37,37,0,match
1q9pg6z,1,37,37,0,match
1q9pgzh,1,37,37,0,match
1q9ph28,1,37,37,0,match
1q9phbu,1,37,37,0,match
1q9phee,1,37,37,0,match
1q9pir6,1,37,37,0,match
1q9piy9,1,3,3,0,match
1q9pj3p,1,37,37,0,match
1q9pjf9,1,31,31,0,match
1q9pkfr,1,37,37,0,match
1q9pkpt,1,37,37,0,match
1q9pks0,1,38,38,0,match
1q9pl5l,1,38,38,0,match
1q9pla3,1,2,2,0,match
1q9plkh,1,38,38,0,match
1q9plu1,1,38,38,0,match
1q9pmdl,1,38,38,0,match
1q9pmov,1,38,38,0,match
1q9pn89,1,38,38,0,match
1q9pnma,1,2,2,0,match
1q9podz,1,38,38,0,match
1q9pooy,1,38,38,0,match
1q9pov9,1,38,38,0,match
1q9ppal,1,1,1,0,match
1q9ppol,1,38,38,0,match
1q9pq2s,1,38,38,0,match
1q9pq9v,1,38,38,0,match
1q9pqeo,1,37,37,0,match
1q9pqn4,1,37,37,0,match
1q9pqrh,1,37,37,0,match
1q9prbs,1,37,37,0,match
1q9prhs,1,37,37,0,match
1q9prhu,1,37,37,0,match
1q9prke,1,37,37,0,match
1q9pro6,1,37,37,0,match
1q9prs4,1,37,37,0,match
1q9ps44,1,37,37,0,match
1q9ps9z,1,37,37,0,match
1q9psak,1,37,37,0,match
1q9psvq,1,37,37,0,match
1q9pt1l,1,38,38,0,match
1q9pt7j,1,38,38,0,match
1q9ptbj,1,38,38,0,match
1q9ptbx,1,38,38,0,match
1q9ptis,1,38,38,0,match
1q9ptjz,1,38,38,0,match
1q9ptnq,1,38,38,0,match
1q9ptro,1,3,3,0,match
1q9ptu5,1,38,38,0,match
1q9ptz2,1,38,38,0,match
1q9pu1y,1,38,38,0,match
1q9pu5u,1,38,38,0,match
1q9pu7a,1,38,38,0,match
1q9puej,1,38,38,0,match
1q9puin,1,36,36,0,match
1q9pukl,1,38,38,0,match
1q9pul9,1,38,38,0,match
1q9pvlu,1,38,38,0,match
1q9pvvz,1,38,38,0,match
1q9pw7u,1,38,38,0,match
1q9pwig,1,38,38,0,match
1q9pwox,1,38,38,0,match
1q9pwrl,1,38,38,0,match
1q9pwu4,1,38,38,0,match
1q9py6x,1,38,38,0,match
1q9py7o,1,38,38,0,match
1q9pyca,1,38,38,0,match
1q9pytw,1,38,38,0,match
1q9pz4z,1,38,38,0,match
1q9pz6u,1,38,38,0,match
1q9pz9k,1,1,1,0,match
1q9pzgh,1,38,38,0,match
1q9pztm,1,38,38,0,match
1q9q0jh,1,38,38,0,match
1q9q0l4,1,38,38,0,match
1q9q0o3,1,38,38,0,match
1q9q0q5,1,38,38,0,match
1q9q1q6,1,37,37,0,match
1q9q1r8,1,37,37,0,match
1q9q1y6,1,37,37,0,match
1q9q22g,1,37,37,0,match
1q9q2ew,1,37,37,0,match
1q9q2j2,1,38,38,0,match
1q9q2sb,1,13,13,0,match
1q9q2ux,1,38,38,0,match
1q9q3hd,1,38,38,0,match
1q9q3sh,1,38,38,0,match
1q9q3yi,1,38,38,0,match
1q9q447,1,2,2,0,match
1q9q48f,1,38,38,0,match
1q9q4zk,1,38,38,0,match
1q9q51m,1,38,38,0,match
1q9q575,1,38,38,0,match
1q9q588,1,38,38,0,match
1q9q5f1,1,38,38,0,match
1q9q5gm,1,38,38,0,match
1q9q5ou,1,38,38,0,match
1q9q5s7,1,38,38,0,match
1q9q637,1,1,1,0,match
1q9q69t,1,38,38,0,match
1q9q6dz,1,38,38,0,match
1q9q6z6,1,38,38,0,match
1q9q71m,1,1,1,0,match
1q9q727,1,38,38,0,match
1q9q739,1,38,38,0,match
1q9q7hx,1,3,3,0,match
1q9q7sh,1,38,38,0,match
1q9q81w,1,38,38,0,match
1q9q83w,1,38,38,0,match
1q9q8eu,1,38,38,0,match
1q9q8sg,1,38,38,0,match
1q9q8un,1,38,38,0,match
1q9q9pp,1,11,11,0,match
1q9q9yw,1,38,38,0,match
1q9qa84,1,14,14,0,match
1q9qapc,1,38,38,0,match
1q9qb8b,1,38,38,0,match
1q9qblo,1,38,38,0,match
1q9qbly,1,38,38,0,match
1q9qbx7,1,38,38,0,match
1q9qbz1,1,29,29,0,match
1q9qcm4,1,12,12,0,match
1q9qcu8,1,38,38,0,match
1q9qcvp,1,2,2,0,match
1q9qd5m,1,38,38,0,match
1q9qddg,1,38,38,0,match
1q9qdpd,1,38,38,0,match
1q9qdtj,1,38,38,0,match
1q9qea9,1,38,38,0,match
1q9qefs,1,38,38,0,match
1q9qeq8,1,38,38,0,match
1q9qfd9,1,3,3,0,match
1q9qgdl,1,38,38,0,match
1q9qgkm,1,38,38,0,match
1q9qgmb,1,38,38,0,match
1q9qgqh,1,38,38,0,match
1q9qgs9,1,38,38,0,match
1q9qgu0,1,38,38,0,match
1q9qh1g,1,38,38,0,match
1q9qh1z,1,38,38,0,match
1q9qhb0,1,38,38,0,match
1q9qhno,1,38,38,0,match
1q9qi25,1,38,38,0,match
1q9qiii,1,38,38,0,match
1q9qio8,1,38,38,0,match
1q9qiru,1,38,38,0,match
1q9qiur,1,38,38,0,match
1q9qj7a,1,38,38,0,match
1q9qjg6,1,38,38,0,match
1q9qkd6,1,38,38,0,match
1q9ql5j,1,1,1,0,match
1q9qme0,1,38,38,0,match
1q9qmgv,1,38,38,0,match
1q9qmjw,1,38,38,0,match
1q9qmok,1,38,38,0,match
1q9qmu0,1,38,38,0,match
1q9qmxu,1,37,37,0,match
1q9qmzv,1,37,37,0,match
1q9qnpo,1,37,37,0,match
1q9qo6x,1,37,37,0,match
1q9qojz,1,2,2,0,match
1q9qokw,1,37,37,0,match
1q9qonx,1,37,37,0,match
1q9qoyw,1,37,37,0,match
1q9qp2h,1,38,38,0,match
1q9qp3y,1,38,38,0,match
1q9qp98,1,38,38,0,match
1q9qpai,1,38,38,0,match
1q9qpbc,1,38,38,0,match
1q9qpid,1,38,38,0,match
1q9qplt,1,38,38,0,match
1q9qpuc,1,38,38,0,match
1q9qq26,1,38,38,0,match
1q9qqgg,1,38,38,0,match
1q9qqst,1,38,38,0,match
1q9qr6n,1,38,38,0,match
1q9qru4,1,37,37,0,match
1q9qryh,1,38,38,0,match
1q9qtv5,1,38,38,0,match
1q9qu1v,1,38,38,0,match
1q9quk1,1,38,38,0,match
1q9quta,1,38,38,0,match
1q9qv7d,1,38,38,0,match
1q9qv7f,1,3,3,0,match
1q9qv8r,1,38,38,0,match
1q9qvge,1,38,38,0,match
1q9qvjb,1,38,38,0,match
1q9qwoi,1,38,38,0,match
1q9qx2f,1,38,38,0,match
1q9qxwv,1,37,37,0,match
1q9qy4e,1,38,38,0,match
1q9qy6u,1,38,38,0,match
1q9qyiu,1,38,38,0,match
1q9qz5y,1,38,38,0,match
1q9qzct,1,38,38,0,match
1q9qzv4,1,38,38,0,match
1q9r030,1,38,38,0,match
1q9r04u,1,38,38,0,match
1q9r0fa,1,38,38,0,match
1q9r0i3,1,38,38,0,match
1q9r0sh,1,38,38,0,match
1q9r2kz,1,4,4,0,match
1q9r387,1,38,38,0,match
1q9r3d7,1,38,38,0,match
1q9r3fd,1,38,38,0,match
1q9r4iq,1,38,38,0,match
1q9r4q3,1,38,38,0,match
1q9r68v,1,38,38,0,match
1q9r6ch,1,38,38,0,match
1q9r6vi,1,38,38,0,match
1q9r76i,1,38,38,0,match
1q9r7uu,1,38,38,0,match
1q9r7xt,1,37,37,0,match
1q9r85p,1,37,37,0,match
1q9r87z,1,37,37,0,match
1q9r8ey,1,37,37,0,match
1q9r9gp,1,37,37,0,match
1q9r9z8,1,37,37,0,match
1q9raeo,1,37,37,0,match
1q9rap8,1,37,37,0,match
1q9rapv,1,37,37,0,match
1q9rbd0,1,37,37,0,match
1q9rbkg,1,37,37,0,match
1q9rbr5,1,37,37,0,match
1q9rbtx,1,37,37,0,match
1q9rbyt,1,37,37,0,match
1q9rc9u,1,37,37,0,match
1q9rcgf,1,37,37,0,match
1q9rckx,1,37,37,0,match
1q9rczw,1,37,37,0,match
1q9rdrs,1,37,37,0,match
1q9red5,1,4,4,0,match
1q9rewi,1,37,37,0,match
1q9rf67,1,37,37,0,match
1q9rf8u,1,38,38,0,match
1q9rfde,1,38,38,0,match
1q9rfdw,1,38,38,0,match
1q9rfm8,1,38,38,0,match
1q9rfxe,1,38,38,0,match
1q9rgno,1,38,38,0,match
1q9rh0x,1,1,1,0,match
1q9rh1o,1,4,4,0,match
1q9rhpr,1,2,2,0,match
1q9ri73,1,38,38,0,match
1q9riq4,1,37,37,0,match
1q9rixc,1,37,37,0,match
1q9rizo,1,37,37,0,match
1q9rj1r,1,37,37,0,match
1q9rj22,1,37,37,0,match
1q9rj9r,1,37,37,0,match
1q9rjzc,1,37,37,0,match
1q9rkl8,1,37,37,0,match
1q9rknc,1,37,37,0,match
1q9rl4t,1,37,37,0,match
1q9rlct,1,37,37,0,match
1q9rltz,1,37,37,0,match
1q9rmmt,1,37,37,0,match
1q9rneh,1,37,37,0,match
1q9rngb,1,4,4,0,match
1q9rnrb,1,37,37,0,match
1q9rnu9,1,2,2,0,match
1q9ro1p,1,37,37,0,match
1q9ro2y,1,37,37,0,match
1q9ro3r,1,1,1,0,match
1q9royd,1,37,37,0,match
1q9rp09,1,37,37,0,match
1q9rp7z,1,37,37,0,match
1q9rpji,1,37,37,0,match
1q9rpm5,1,37,37,0,match
1q9rpr4,1,37,37,0,match
1q9rpyo,1,37,37,0,match
1q9rqdc,1,37,37,0,match
1q9rqn5,1,37,37,0,match
1q9rqoa,1,1,1,0,match
1q9rrfm,1,37,37,0,match
1q9rs26,1,38,38,0,match
1q9rsbd,1,38,38,0,match
1q9rsxb,1,38,38,0,match
1q9rtd5,1,37,37,0,match
1q9rtl4,1,37,37,0,match
1q9rtn7,1,37,37,0,match
1q9ru6y,1,3,3,0,match
1q9rv7v,1,3,3,0,match
1q9rwt3,1,37,37,0,match
1q9rwti,1,1,1,0,match
1q9rx4g,1,37,37,0,match
1q9rxou,1,1,1,0,match
1q9ry8c,1,37,37,0,match
1q9ryg9,1,37,37,0,match
1q9rylw,1,37,37,0,match
1q9ryxx,1,37,37,0,match
1q9rz3o,1,37,37,0,match
1q9rzle,1,37,37,0,match
1q9rzob,1,2,2,0,match
1q9rzpt,1,37,37,0,match
1q9s02n,1,37,37,0,match
1q9s0in,1,37,37,0,match
1q9s0j8,1,37,37,0,match
1q9s0tk,1,8,8,0,match
1q9s0xf,1,37,37,0,match
1q9s1km,1,1,1,0,match
1q9s23w,1,37,37,0,match
1q9s4qz,1,36,36,0,match
1q9s65b,1,36,36,0,match
1q9s6ce,1,36,36,0,match
1q9s6ft,1,36,36,0,match
1q9s7br,1,1,1,0,match
1q9s7h4,1,36,36,0,match
1q9s7ya,1,36,36,0,match
1q9s8eg,1,36,36,0,match
1q9s8fq,1,36,36,0,match
1q9s8kt,1,36,36,0,match
1q9s8qt,1,36,36,0,match
1q9s8wt,1,36,36,0,match
1q9sa47,1,36,36,0,match
1q9saoy,1,36,36,0,match
1q9sax3,1,36,36,0,match
1q9sb0g,1,36,36,0,match
1q9sb2l,1,36,36,0,match
1q9sb7f,1,36,36,0,match
1q9scaq,1,36,36,0,match
1q9sccy,1,36,36,0,match
1q9scgi,1,2,2,0,match
1q9schi,1,36,36,0,match
1q9scjc,1,36,36,0,match
1q9sd0q,1,35,35,0,match
1q9sdet,1,36,36,0,match
1q9sdzm,1,36,36,0,match
1q9se0c,1,36,36,0,match
1q9se5o,1,36,36,0,match
1q9se8o,1,36,36,0,match
1q9se9m,1,36,36,0,match
1q9ses4,1,36,36,0,match
1q9sfe7,1,36,36,0,match
1q9sffz,1,36,36,0,match
1q9sg2x,1,36,36,0,match
1q9sgsz,1,2,2,0,match
1q9sguv,1,36,36,0,match
1q9sgwe,1,24,24,0,match
1q9sgxs,1,36,36,0,match
1q9sh1f,1,36,36,0,match
1q9sh4i,1,36,36,0,match
1q9shep,1,36,36,0,match
1q9shgj,1,36,36,0,match
1q9shkd,1,36,36,0,match
1q9sht8,1,36,36,0,match
1q9shuj,1,36,36,0,match
1q9sia5,1,36,36,0,match
1q9siii,1,36,36,0,match
1q9sinx,1,36,36,0,match
1q9sisw,1,1,1,0,match
1q9siya,1,36,36,0,match
1q9sjmy,1,13,13,0,match
1q9sjvb,1,36,36,0,match
1q9skbz,1,36,36,0,match
1q9skca,1,36,36,0,match
1q9skfk,1,36,36,0,match
1q9skht,1,36,36,0,match
1q9sl2o,1,36,36,0,match
1q9sl45,1,36,36,0,match
1q9slqh,1,36,36,0,match
1q9slt8,1,36,36,0,match
1q9slv1,1,36,36,0,match
1q9sm8w,1,35,35,0,match
1q9sn0g,1,35,35,0,match
1q9sodz,1,35,35,0,match
1q9sow9,1,9,9,0,match
1q9sowz,1,36,36,0,match
1q9sp7a,1,6,6,0,match
1q9spah,1,36,36,0,match
1q9sqbw,1,36,36,0,match
1q9sqmw,1,36,36,0,match
1q9sr3x,1,12,12,0,match
1q9sr7i,1,2,2,0,match
1q9srki,1,27,27,0,match
1q9srnv,1,36,36,0,match
1q9srrq,1,36,36,0,match
1q9ss6i,1,36,36,0,match
1q9sscj,1,36,36,0,match
1q9ssmp,1,36,36,0,match
1q9ssqt,1,36,36,0,match
1q9st01,1,36,36,0,match
1q9stby,1,36,36,0,match
1q9stc3,1,36,36,0,match
1q9stf9,1,36,36,0,match
1q9str0,1,36,36,0,match
1q9sugh,1,36,36,0,match
1q9suv4,1,36,36,0,match
1q9svfs,1,35,35,0,match
1q9svoe,1,35,35,0,match
1q9sw2s,1,35,35,0,match
1q9swr6,1,35,35,0,match
1q9sx7s,1,1,1,0,match
1q9sxej,1,35,35,0,match
1q9sxgh,1,35,35,0,match
1q9syn1,1,35,35,0,match
1q9syt1,1,35,35,0,match
1q9sz1r,1,35,35,0,match
1q9sz6u,1,35,35,0,match
1q9szl5,1,11,11,0,match
1q9t046,1,35,35,0,match
1q9t0i8,1,35,35,0,match
1q9t0k0,1,35,35,0,match
1q9t0lj,1,35,35,0,match
1q9t0uu,1,35,35,0,match
1q9t12v,1,35,35,0,match
1q9t153,1,34,34,0,match
1q9t18u,1,35,35,0,match
1q9t1mj,1,2,2,0,match
1q9t1q0,1,35,35,0,match
1q9t2dj,1,35,35,0,match
1q9t2dk,1,35,35,0,match
1q9t2g4,1,35,35,0,match
1q9t2lg,1,35,35,0,match
1q9t2s2,1,35,35,0,match
1q9t2z7,1,35,35,0,match
1q9t32u,1,36,36,0,match
1q9t34p,1,36,36,0,match
1q9t5lw,1,1,1,0,match
1q9t5mx,1,35,35,0,match
1q9t5r0,1,12,12,0,match
1q9t6sf,1,35,35,0,match
1q9t79s,1,35,35,0,match
1q9t8ka,1,35,35,0,match
1q9t8sl,1,35,35,0,match
1q9t8yu,1,35,35,0,match
1q9ta5s,1,35,35,0,match
1q9ta7r,1,35,35,0,match
1q9tafq,1,3,3,0,match
1q9tajh,1,35,35,0,match
1q9tb8i,1,35,35,0,match
1q9tbfs,1,35,35,0,match
1q9tbju,1,1,1,0,match
1q9tbld,1,35,35,0,match
1q9tbpm,1,35,35,0,match
1q9tbsx,1,35,35,0,match
1q9tc19,1,35,35,0,match
1q9tc22,1,5,5,0,match
1q9tc37,1,35,35,0,match
1q9tchi,1,35,35,0,match
1q9tcz7,1,35,35,0,match
1q9tdjm,1,34,34,0,match
1q9tdpn,1,34,34,0,match
1q9tekm,1,34,34,0,match
1q9tezt,1,34,34,0,match
1q9tf4x,1,34,34,0,match
1q9tfky,1,34,34,0,match
1q9tfz2,1,34,34,0,match
1q9tg00,1,34,34,0,match
1q9tg39,1,34,34,0,match
1q9tg3o,1,34,34,0,match
1q9tg6e,1,34,34,0,match
1q9tgip,1,34,34,0,match
1q9th2f,1,34,34,0,match
1q9thjo,1,34,34,0,match
1q9thq5,1,34,34,0,match
1q9ti08,1,34,34,0,match
1q9ti3r,1,35,35,0,match
1q9tie3,1,35,35,0,match
1q9tikf,1,35,35,0,match
1q9timp,1,35,35,0,match
1q9tiq1,1,35,35,0,match
1q9tivy,1,35,35,0,match
1q9tj3d,1,35,35,0,match
1q9tjjz,1,35,35,0,match
1q9tjtq,1,35,35,0,match
1q9tkd2,1,35,35,0,match
1q9tlys,1,35,35,0,match
1q9tm32,1,35,35,0,match
1q9tm8g,1,35,35,0,match
1q9tme3,1,35,35,0,match
1q9tnwp,1,34,34,0,match
1q9tocd,1,34,34,0,match
1q9tpnr,1,34,34,0,match
1q9tpo0,1,34,34,0,match
1q9tq2t,1,34,34,0,match
1q9tq4o,1,34,34,0,match
1q9tqhv,1,2,2,0,match
1q9tqkj,1,34,34,0,match
1q9tqqh,1,34,34,0,match
1q9tr5r,1,5,5,0,match
1q9trbl,1,34,34,0,match
1q9trr8,1,4,4,0,match
1q9ts06,1,34,34,0,match
1q9ts8o,1,34,34,0,match
1q9tsmg,1,34,34,0,match
1q9tssf,1,34,34,0,match
1q9tt4m,1,34,34,0,match
1q9ttd9,1,2,2,0,match
1q9tthj,1,34,34,0,match
1q9tue0,1,1,1,0,match
1q9tuv1,1,34,34,0,match
1q9tv5n,1,34,34,0,match
1q9tvbr,1,34,34,0,match
1q9tvg0,1,34,34,0,match
1q9tw1u,1,33,33,0,match
1q9tw5b,1,33,33,0,match
1q9tw6p,1,33,33,0,match
1q9tw7r,1,33,33,0,match
1q9twax,1,33,33,0,match
1q9twvy,1,13,13,0,match
1q9twya,1,16,16,0,match
1q9twyd,1,4,4,0,match
1q9txrs,1,33,33,0,match
1q9txyt,1,33,33,0,match
1q9tyci,1,1,1,0,match
1q9tz1l,1,25,25,0,match
1q9u0pu,1,33,33,0,match
1q9u1ci,1,33,33,0,match
1q9u2hi,1,33,33,0,match
1q9u2op,1,1,1,0,match
1q9u2z7,1,33,33,0,match
1q9u33r,1,15,15,0,match
1q9u45b,1,33,33,0,match
1q9u45y,1,15,15,0,match
1q9u4aa,1,33,33,0,match
1q9u4m3,1,34,34,0,match
1q9u4zn,1,34,34,0,match
1q9u5g1,1,33,33,0,match
1q9u5ry,1,33,33,0,match
1q9u67x,1,19,19,0,match
1q9u75n,1,33,33,0,match
1q9u7u5,1,33,33,0,match
1q9u88z,1,33,33,0,match
1q9u8p8,1,33,33,0,match
1q9u8sr,1,33,33,0,match
1q9u8x6,1,33,33,0,match
1q9u9j3,1,33,33,0,match
1q9uat7,1,33,33,0,match
1q9uay3,1,33,33,0,match
1q9ubb0,1,33,33,0,match
1q9ubqf,1,1,1,0,match
1q9uc0b,1,33,33,0,match
1q9ucwx,1,33,33,0,match
1q9ud6e,1,33,33,0,match
1q9udan,1,33,33,0,match
1q9uddx,1,1,1,0,match
1q9udnh,1,33,33,0,match
1q9udvd,1,33,33,0,match
1q9ue85,1,32,32,0,match
1q9ufg6,1,32,32,0,match
1q9ufpx,1,32,32,0,match
1q9ugnx,1,1,1,0,match
1q9ugux,1,32,32,0,match
1q9ugxf,1,32,32,0,match
1q9ugxj,1,20,20,0,match
1q9uh3d,1,32,32,0,match
1q9uh5k,1,32,32,0,match
1q9uhi4,1,2,2,0,match
1q9uhjb,1,33,33,0,match
1q9uhp4,1,26,26,0,match
1q9uij4,1,33,33,0,match
1q9uj2r,1,33,33,0,match
1q9uj4e,1,33,33,0,match
1q9ujf5,1,1,1,0,match
1q9ujh0,1,33,33,0,match
1q9uk74,1,33,33,0,match
1q9ukm5,1,33,33,0,match
1q9ukmc,1,33,33,0,match
1q9ulym,1,33,33,0,match
1q9un4m,1,32,32,0,match
1q9unf0,1,32,32,0,match
1q9unh7,1,32,32,0,match
1q9uo03,1,32,32,0,match
1q9up1v,1,1,1,0,match
1q9upof,1,32,32,0,match
1q9uqer,1,32,32,0,match
1q9urbi,1,32,32,0,match
1q9urim,1,32,32,0,match
1q9urlb,1,32,32,0,match
1q9uskc,1,32,32,0,match
1q9uskj,1,32,32,0,match
1q9utew,1,32,32,0,match
1q9utjd,1,32,32,0,match
1q9utwx,1,32,32,0,match
1q9uu5q,1,32,32,0,match
1q9uupv,1,32,32,0,match
1q9uuw3,1,32,32,0,match
1q9uvht,1,31,31,0,match
1q9uvjm,1,30,30,0,match
1q9uwad,1,31,31,0,match
1q9ux2u,1,31,31,0,match
1q9ux5e,1,31,31,0,match
1q9ux5o,1,31,31,0,match
1q9ux7l,1,31,31,0,match
1q9uxil,1,31,31,0,match
1q9uxo3,1,31,31,0,match
1q9uylp,1,31,31,0,match
1q9uyom,1,31,31,0,match
1q9uzkk,1,31,31,0,match
1q9uzms,1,31,31,0,match
1q9uzv0,1,31,31,0,match
1q9uzv8,1,31,31,0,match
1q9uzxw,1,31,31,0,match
1q9v027,1,31,31,0,match
1q9v145,1,31,31,0,match
1q9v2ne,1,31,31,0,match
1q9v3bm,1,32,32,0,match
1q9v3bz,1,32,32,0,match
1q9v3sd,1,32,32,0,match
1q9v416,1,32,32,0,match
1q9v42n,1,32,32,0,match
1q9v4hy,1,31,31,0,match
1q9v4pc,1,31,31,0,match
1q9v4un,1,31,31,0,match
1q9v4wu,1,1,1,0,match
1q9v5de,1,31,31,0,match
1q9v5gl,1,31,31,0,match
1q9v5xe,1,31,31,0,match
1q9v61k,1,31,31,0,match
1q9v63r,1,31,31,0,match
1q9v6fj,1,31,31,0,match
1q9v6wr,1,6,6,0,match
1q9v6x3,1,31,31,0,match
1q9v76c,1,31,31,0,match
1q9v7rg,1,31,31,0,match
1q9v7sp,1,31,31,0,match
1q9v7tx,1,31,31,0,match
1q9v8h9,1,31,31,0,match
1q9v9r6,1,31,31,0,match
1q9v9ty,1,15,15,0,match
1q9vamt,1,31,31,0,match
1q9vb9j,1,31,31,0,match
1q9vbaj,1,31,31,0,match
1q9vbdg,1,31,31,0,match
1q9vc9z,1,31,31,0,match
1q9vcmz,1,31,31,0,match
1q9vctg,1,1,1,0,match
1q9vd4a,1,31,31,0,match
1q9vdgn,1,31,31,0,match
1q9vf0o,1,31,31,0,match
1q9vf4v,1,5,5,0,match
1q9vf8p,1,4,4,0,match
1q9vfbf,1,31,31,0,match
1q9vg90,1,31,31,0,match
1q9vgsy,1,31,31,0,match
1q9vh9f,1,31,31,0,match
1q9vh9k,1,31,31,0,match
1q9vhjv,1,5,5,0,match
1q9vhug,1,1,1,0,match
1q9vhwt,1,31,31,0,match
1q9vi09,1,28,28,0,match
1q9vi0u,1,31,31,0,match
1q9vif5,1,31,31,0,match
1q9viig,1,31,31,0,match
1q9vim5,1,31,31,0,match
1q9vit3,1,31,31,0,match
1q9viuu,1,32,32,0,match
1q9vivo,1,32,32,0,match
1q9vixj,1,6,6,0,match
1q9vj87,1,32,32,0,match
1q9vjuf,1,32,32,0,match
1q9vkec,1,32,32,0,match
1q9vkmo,1,32,32,0,match
1q9vkom,1,32,32,0,match
1q9vkze,1,32,32,0,match
1q9vl1f,1,8,8,0,match
1q9vlj7,1,32,32,0,match
1q9vlm6,1,32,32,0,match
1q9vloi,1,1,1,0,match
1q9vlpa,1,5,5,0,match
1q9vlq8,1,32,32,0,match
1q9vm4h,1,31,31,0,match
1q9vmau,1,31,31,0,match
1q9vow3,1,31,31,0,match
1q9vpk9,1,31,31,0,match
1q9vpvy,1,31,31,0,match
1q9vpzk,1,29,29,0,match
1q9vqb0,1,31,31,0,match
1q9vqpq,1,6,6,0,match
1q9vr4r,1,31,31,0,match
1q9vrlt,1,19,19,0,match
1q9vseu,1,19,19,0,match
1q9vsku,1,31,31,0,match
1q9vt2e,1,31,31,0,match
1q9vt6j,1,4,4,0,match
1q9vtr5,1,31,31,0,match
1q9vu0e,1,31,31,0,match
1q9vudj,1,31,31,0,match
1q9vuwn,1,31,31,0,match
1q9vvf3,1,5,5,0,match
1q9vvgf,1,30,30,0,match
1q9vvha,1,30,30,0,match
1q9vvkl,1,30,30,0,match
1q9vvsm,1,30,30,0,match
1q9vx80,1,30,30,0,match
1q9vy5x,1,30,30,0,match
1q9vyfp,1,1,1,0,match
1q9vyol,1,18,18,0,match
1q9vyrl,1,30,30,0,match
1q9vyuy,1,30,30,0,match
1q9vzqi,1,4,4,0,match
1q9vzup,1,30,30,0,match
1q9w06f,1,30,30,0,match
1q9w070,1,30,30,0,match
1q9w0o5,1,30,30,0,match
1q9w0t5,1,30,30,0,match
1q9w0xb,1,31,31,0,match
1q9w1dj,1,31,31,0,match
1q9w1tz,1,1,1,0,match
1q9w1wl,1,31,31,0,match
1q9w201,1,31,31,0,match
1q9w20w,1,12,12,0,match
1q9w25v,1,31,31,0,match
1q9w2h0,1,31,31,0,match
1q9w2x0,1,31,31,0,match
1q9w30m,1,31,31,0,match
1q9w3g7,1,28,28,0,match
1q9w4ij,1,31,31,0,match
1q9w4zu,1,30,30,0,match
1q9w60r,1,30,30,0,match
1q9w7g3,1,30,30,0,match
1q9w7ry,1,30,30,0,match
1q9w7v5,1,3,3,0,match
1q9w8dn,1,30,30,0,match
1q9w8gf,1,27,27,0,match
1q9w8m1,1,30,30,0,match
1q9w96a,1,30,30,0,match
1q9w96k,1,30,30,0,match
1q9w9dt,1,3,3,0,match
1q9w9ex,1,30,30,0,match
1q9w9px,1,30,30,0,match
1q9waxu,1,30,30,0,match
1q9wbkc,1,30,30,0,match
1q9wcb0,1,30,30,0,match
1q9wcoc,1,3,3,0,match
1q9wdd7,1,29,29,0,match
1q9we5o,1,29,29,0,match
1q9we9a,1,29,29,0,match
1q9wemb,1,29,29,0,match
1q9wewv,1,29,29,0,match
1q9wf1x,1,29,29,0,match
1q9wf5o,1,29,29,0,match
1q9wf8b,1,29,29,0,match
1q9wffd,1,29,29,0,match
1q9wfr9,1,29,29,0,match
1q9wg2g,1,29,29,0,match
1q9wgp2,1,2,2,0,match
1q9wgz5,1,29,29,0,match
1q9wh2j,1,29,29,0,match
1q9wh6j,1,1,1,0,match
1q9wh8o,1,5,5,0,match
1q9whz4,1,29,29,0,match
1q9wig5,1,29,29,0,match
1q9wimj,1,30,30,0,match
1q9wj5g,1,30,30,0,match
1q9wjzu,1,30,30,0,match
1q9wk7n,1,30,30,0,match
1q9wkgl,1,30,30,0,match
1q9wkss,1,30,30,0,match
1q9wlao,1,30,30,0,match
1q9wlmv,1,30,30,0,match
1q9wlu0,1,30,30,0,match
1q9wm07,1,30,30,0,match
1q9wm26,1,30,30,0,match
1q9wm41,1,30,30,0,match
1q9wmwf,1,2,2,0,match
1q9wna8,1,29,29,0,match
1q9wngx,1,29,29,0,match
1q9wod8,1,29,29,0,match
1q9wohq,1,29,29,0,match
1q9womw,1,29,29,0,match
1q9woqh,1,29,29,0,match
1q9wos8,1,29,29,0,match
1q9wp3j,1,29,29,0,match
1q9wpj0,1,24,24,0,match
1q9wpka,1,29,29,0,match
1q9wq5u,1,4,4,0,match
1q9wqc9,1,29,29,0,match
1q9wqhh,1,29,29,0,match
1q9wqoc,1,29,29,0,match
1q9wr5e,1,29,29,0,match
1q9wrl9,1,29,29,0,match
1q9wrxn,1,29,29,0,match
1q9wse3,1,1,1,0,match
1q9wsr5,1,29,29,0,match
1q9wt3p,1,29,29,0,match
1q9wtfc,1,29,29,0,match
1q9wuad,1,3,3,0,match
1q9wukj,1,29,29,0,match
1q9wuof,1,29,29,0,match
1q9wv7w,1,29,29,0,match
1q9wvdk,1,29,29,0,match
1q9wvh4,1,29,29,0,match
1q9wvqz,1,29,29,0,match
1q9ww03,1,24,24,0,match
1q9ww5w,1,29,29,0,match
1q9wwgn,1,24,24,0,match
1q9wwwp,1,29,29,0,match
1q9wx3j,1,29,29,0,match
1q9wx5y,1,29,29,0,match
1q9wxm9,1,29,29,0,match
1q9wxsw,1,29,29,0,match
1q9wxvv,1,29,29,0,match
1q9wxwt,1,10,10,0,match
1q9wy3r,1,29,29,0,match
1q9wz9j,1,29,29,0,match
1q9wzge,1,29,29,0,match
1q9wzid,1,29,29,0,match
1q9x05a,1,29,29,0,match
1q9x08j,1,29,29,0,match
1q9x0k2,1,29,29,0,match
1q9x0s2,1,29,29,0,match
1q9x1je,1,29,29,0,match
1q9x1li,1,29,29,0,match
1q9x1qr,1,29,29,0,match
1q9x21w,1,1,1,0,match
1q9x2nc,1,29,29,0,match
1q9x3j1,1,29,29,0,match
1q9x3kx,1,3,3,0,match
1q9x3ln,1,29,29,0,match
1q9x5fs,1,28,28,0,match
1q9x5n7,1,28,28,0,match
1q9x61p,1,5,5,0,match
1q9x6pc,1,28,28,0,match
1q9x6v3,1,28,28,0,match
1q9x7bz,1,28,28,0,match
1q9x7q6,1,28,28,0,match
1q9x857,1,28,28,0,match
1q9x88y,1,28,28,0,match
1q9x89s,1,28,28,0,match
1q9x8hx,1,6,6,0,match
1q9x8ja,1,28,28,0,match
1q9x8mz,1,28,28,0,match
1q9x97q,1,23,23,0,match
1q9x9cj,1,9,9,0,match
1q9x9hq,1,28,28,0,match
1q9x9km,1,28,28,0,match
1q9xaoy,1,28,28,0,match
1q9xayx,1,28,28,0,match
1q9xb5d,1,13,13,0,match
1q9xb9b,1,4,4,0,match
1q9xcdz,1,28,28,0,match
1q9xcln,1,28,28,0,match
1q9xcs7,1,28,28,0,match
1q9xcwz,1,5,5,0,match
1q9xdf6,1,20,20,0,match
1q9xdy1,1,27,27,0,match
1q9xebc,1,27,27,0,match
1q9xeda,1,27,27,0,match
1q9xezu,1,27,27,0,match
1q9xf5u,1,27,27,0,match
1q9xffp,1,28,28,0,match
1q9xfix,1,28,28,0,match
1q9xfkd,1,28,28,0,match
1q9xgjo,1,28,28,0,match
1q9xgmw,1,28,28,0,match
1q9xhfg,1,28,28,0,match
1q9xici,1,28,28,0,match
1q9xijv,1,28,28,0,match
1q9xiwb,1,28,28,0,match
1q9xjbv,1,20,20,0,match
1q9xjq4,1,28,28,0,match
1q9xjye,1,1,1,0,match
1q9xk40,1,28,28,0,match
1q9xk6c,1,28,28,0,match
1q9xl7h,1,28,28,0,match
1q9xlve,1,3,3,0,match
1q9xmcr,1,28,28,0,match
1q9xmd3,1,28,28,0,match
1q9xmxa,1,27,27,0,match
1q9xn5d,1,27,27,0,match
1q9xnmg,1,27,27,0,match
1q9xnn5,1,27,27,0,match
1q9xo2h,1,27,27,0,match
1q9xoiy,1,27,27,0,match
1q9xosf,1,27,27,0,match
1q9xpbp,1,27,27,0,match
1q9xpsg,1,27,27,0,match
1q9xpx2,1,27,27,0,match
1q9xqap,1,27,27,0,match
1q9xqr8,1,27,27,0,match
1q9xrce,1,27,27,0,match
1q9xrki,1,27,27,0,match
1q9xru1,1,27,27,0,match
1q9xsb8,1,27,27,0,match
1q9xsd2,1,27,27,0,match
1q9xsj4,1,11,11,0,match
1q9xsm4,1,27,27,0,match
1q9xss2,1,27,27,0,match
1q9xsws,1,28,28,0,match
1q9xt1j,1,28,28,0,match
1q9xtt3,1,28,28,0,match
1q9xu7r,1,21,21,0,match
1q9xui9,1,28,28,0,match
1q9xuid,1,28,28,0,match
1q9xulw,1,28,28,0,match
1q9xv8o,1,28,28,0,match
1q9xvim,1,28,28,0,match
1q9xvnn,1,28,28,0,match
1q9xw8p,1,28,28,0,match
1q9xwgz,1,1,1,0,match
1q9xwro,1,28,28,0,match
1q9xy0s,1,27,27,0,match
1q9xyuq,1,27,27,0,match
1q9xz9d,1,27,27,0,match
1q9xzbo,1,27,27,0,match
1q9xzmg,1,27,27,0,match
1q9xzqm,1,10,10,0,match
1q9y000,1,27,27,0,match
1q9y034,1,27,27,0,match
1q9y08b,1,10,10,0,match
1q9y0pp,1,27,27,0,match
1q9y1np,1,27,27,0,match
1q9y1sv,1,27,27,0,match
1q9y2d1,1,6,6,0,match
1q9y2mb,1,28,28,0,match
1q9y32k,1,28,28,0,match
1q9y3x9,1,28,28,0,match
1q9y3yp,1,28,28,0,match
1q9y47j,1,28,28,0,match
1q9y4hx,1,28,28,0,match
1q9y5aw,1,28,28,0,match
1q9y6tw,1,28,28,0,match
1q9y72d,1,20,20,0,match
1q9y7y4,1,27,27,0,match
1q9y84x,1,27,27,0,match
1q9y9jr,1,27,27,0,match
1q9y9ya,1,27,27,0,match
1q9yadh,1,27,27,0,match
1q9yafm,1,27,27,0,match
1q9yb5v,1,27,27,0,match
1q9ybgq,1,27,27,0,match
1q9ybmp,1,27,27,0,match
1q9ycku,1,27,27,0,match
1q9yd29,1,27,27,0,match
1q9yd33,1,27,27,0,match
1q9yd7k,1,27,27,0,match
1q9ydge,1,1,1,0,match
1q9ydh9,1,27,27,0,match
1q9ydhc,1,27,27,0,match
1q9ye39,1,27,27,0,match
1q9ye6a,1,28,28,0,match
1q9yefk,1,28,28,0,match
1q9yeiq,1,28,28,0,match
1q9yekm,1,28,28,0,match
1q9yepq,1,2,2,0,match
1q9yeqc,1,28,28,0,match
1q9yers,1,28,28,0,match
1q9yf5i,1,28,28,0,match
1q9yg4r,1,28,28,0,match
1q9yg4u,1,28,28,0,match
1q9ygfb,1,1,1,0,match
1q9yhm6,1,28,28,0,match
1q9yihw,1,27,27,0,match
1q9yix0,1,27,27,0,match
1q9yiyn,1,27,27,0,match
1q9yj1e,1,18,18,0,match
1q9yji3,1,27,27,0,match
1q9yjv4,1,27,27,0,match
1q9yjzj,1,27,27,0,match
1q9yk70,1,27,27,0,match
1q9ykjv,1,27,27,0,match
1q9yky0,1,27,27,0,match
1q9yl6t,1,27,27,0,match
1q9yl8r,1,27,27,0,match
1q9yl90,1,27,27,0,match
1q9ylag,1,27,27,0,match
1q9ylh7,1,27,27,0,match
1q9ylkr,1,27,27,0,match
1q9ylsz,1,27,27,0,match
1q9ymgw,1,27,27,0,match
1q9ymh7,1,27,27,0,match
1q9ymmc,1,27,27,0,match
1q9ymp5,1,27,27,0,match
1q9ymw5,1,27,27,0,match
1q9yn5g,1,6,6,0,match
1q9ynkg,1,1,1,0,match
1q9ynvf,1,28,28,0,match
1q9yo2q,1,28,28,0,match
1q9yom7,1,28,28,0,match
1q9yoq4,1,28,28,0,match
1q9yov2,1,28,28,0,match
1q9yp66,1,28,28,0,match
1q9yp6p,1,28,28,0,match
1q9ypb2,1,28,28,0,match
1q9ypjw,1,28,28,0,match
1q9yprk,1,28,28,0,match
1q9ypux,1,28,28,0,match
1q9ypzx,1,28,28,0,match
1q9yqa5,1,4,4,0,match
1q9yqbf,1,18,18,0,match
1q9yqe5,1,28,28,0,match
1q9yqk9,1,28,28,0,match
1q9yqth,1,28,28,0,match
1q9yr2u,1,28,28,0,match
1q9yrar,1,28,28,0,match
1q9yrd8,1,1,1,0,match
1q9yre2,1,28,28,0,match
1q9yrn9,1,18,18,0,match
1q9yrp3,1,28,28,0,match
1q9yse1,1,27,27,0,match
1q9yt7u,1,27,27,0,match
1q9yt9q,1,27,27,0,match
1q9ytrp,1,27,27,0,match
1q9yu96,1,27,27,0,match
1q9yuc3,1,27,27,0,match
1q9yudc,1,27,27,0,match
1q9yum5,1,27,27,0,match
1q9yvfv,1,27,27,0,match
1q9ywx1,1,27,27,0,match
1q9yx4r,1,27,27,0,match
1q9yx6w,1,1,1,0,match
1q9yxgc,1,27,27,0,match
1q9yy05,1,27,27,0,match
1q9yyox,1,27,27,0,match
1q9yytk,1,27,27,0,match
1q9yyym,1,2,2,0,match
1q9yznk,1,27,27,0,match
1q9z06d,1,27,27,0,match
1q9z0fm,1,27,27,0,match
1q9z0oo,1,27,27,0,match
1q9z16d,1,27,27,0,match
1q9z1jj,1,27,27,0,match
1q9z1vx,1,27,27,0,match
1q9z2a9,1,27,27,0,match
1q9z2m4,1,27,27,0,match
1q9z344,1,27,27,0,match
1q9z3af,1,27,27,0,match
1q9z3c6,1,26,26,0,match
1q9z3h9,1,26,26,0,match
1q9z3p7,1,26,26,0,match
1q9z3s4,1,26,26,0,match
1q9z3tj,1,26,26,0,match
1q9z3vz,1,26,26,0,match
1q9z4ok,1,27,27,0,match
1q9z4w9,1,27,27,0,match
1q9z4ww,1,27,27,0,match
1q9z50s,1,27,27,0,match
1q9z52o,1,27,27,0,match
1q9z55q,1,27,27,0,match
1q9z5rq,1,27,27,0,match
1q9z61y,1,27,27,0,match
1q9z6i5,1,17,17,0,match
1q9z6jj,1,3,3,0,match
1q9z6kq,1,16,16,0,match
1q9z6v1,1,27,27,0,match
1q9z71z,1,27,27,0,match
1q9z7iw,1,27,27,0,match
1q9z7vc,1,16,16,0,match
1q9z83t,1,27,27,0,match
1q9z8ah,1,27,27,0,match
1q9z8bs,1,27,27,0,match
1q9z8lc,1,27,27,0,match
1q9z8p6,1,27,27,0,match
1q9z92o,1,27,27,0,match
1q9z9dg,1,27,27,0,match
1q9z9dk,1,27,27,0,match
1q9z9ge,1,27,27,0,match
1q9z9m4,1,16,16,0,match
1q9z9ql,1,27,27,0,match
1q9za4o,1,27,27,0,match
1q9za7l,1,27,27,0,match
1q9zaij,1,1,1,0,match
1q9zapf,1,27,27,0,match
1q9zar3,1,27,27,0,match
1q9zayp,1,27,27,0,match
1q9zb48,1,27,27,0,match
1q9zb7l,1,27,27,0,match
1q9zbca,1,28,28,0,match
1q9zbv6,1,28,28,0,match
1q9zbvt,1,28,28,0,match
1q9zbxl,1,28,28,0,match
1q9zbzu,1,28,28,0,match
1q9zc99,1,28,28,0,match
1q9zca9,1,28,28,0,match
1q9zcjv,1,28,28,0,match
1q9zcms,1,28,28,0,match
1q9zcsj,1,28,28,0,match
1q9zctg,1,28,28,0,match
1q9zcwi,1,28,28,0,match
1q9zd4t,1,28,28,0,match
1q9zd6m,1,28,28,0,match
1q9zdri,1,28,28,0,match
1q9zdvo,1,28,28,0,match
1q9ze22,1,28,28,0,match
1q9zedr,1,28,28,0,match
1q9zeuu,1,27,27,0,match
1q9zf1b,1,27,27,0,match
1q9zf8n,1,27,27,0,match
1q9zfcq,1,27,27,0,match
1q9zfe6,1,27,27,0,match
1q9zfxo,1,20,20,0,match
1q9zfxz,1,27,27,0,match
1q9zg45,1,27,27,0,match
1q9zg9l,1,27,27,0,match
1q9zh15,1,27,27,0,match
1q9zh4b,1,27,27,0,match
1q9zi4a,1,27,27,0,match
1q9zi9m,1,27,27,0,match
1q9zibo,1,27,27,0,match
1q9ziri,1,9,9,0,match
1q9zith,1,27,27,0,match
1q9zjb2,1,27,27,0,match
1q9zjhk,1,27,27,0,match
1q9zjmc,1,27,27,0,match
1q9zjr1,1,28,28,0,match
1q9zjvg,1,8,8,0,match
1q9zjwz,1,28,28,0,match
1q9zjx4,1,28,28,0,match
1q9zjzu,1,28,28,0,match
1q9zkc3,1,28,28,0,match
1q9zlh1,1,28,28,0,match
1q9zlou,1,28,28,0,match
1q9zlqs,1,28,28,0,match
1q9zm96,1,28,28,0,match
1q9zmbm,1,28,28,0,match
1q9zmgl,1,28,28,0,match
1q9zmpo,1,28,28,0,match
1q9zmr1,1,28,28,0,match
1q9zmu3,1,1,1,0,match
1q9zn7w,1,28,28,0,match
1q9znac,1,28,28,0,match
1q9zp08,1,28,28,0,match
1q9zp4t,1,28,28,0,match
1q9zpfb,1,28,28,0,match
1q9zpn5,1,28,28,0,match
1q9zppp,1,28,28,0,match
1q9zpxn,1,28,28,0,match
1q9zq38,1,1,1,0,match
1q9zq6g,1,28,28,0,match
1q9zq95,1,27,27,0,match
1q9zqi9,1,27,27,0,match
1q9zqjy,1,27,27,0,match
1q9zqp4,1,27,27,0,match
1q9zrcg,1,27,27,0,match
1q9zs6d,1,27,27,0,match
1q9zs9j,1,27,27,0,match
1q9zt72,1,7,7,0,match
1q9ztsx,1,14,14,0,match
1q9zulq,1,27,27,0,match
1q9zv0n,1,27,27,0,match
1q9zv7p,1,27,27,0,match
1q9zvbx,1,27,27,0,match
1q9zvfm,1,27,27,0,match
1q9zvpr,1,27,27,0,match
1q9zwg6,1,27,27,0,match
1q9zxbm,1,27,27,0,match
1q9zxdc,1,27,27,0,match
1q9zxj5,1,27,27,0,match
1q9zxo3,1,28,28,0,match
1q9zxoc,1,28,28,0,match
1q9zxpt,1,28,28,0,match
1q9zy70,1,28,28,0,match
1q9zy97,1,28,28,0,match
1q9zyj2,1,28,28,0,match
1q9zyzq,1,28,28,0,match
1q9zz38,1,28,28,0,match
1q9zzad,1,28,28,0,match
1qa00jf,1,10,10,0,match
1qa00lv,1,1,1,0,match
1qa00p6,1,28,28,0,match
1qa00ri,1,28,28,0,match
1qa00yc,1,28,28,0,match
1qa0165,1,28,28,0,match
1qa02ng,1,27,27,0,match
1qa02uv,1,27,27,0,match
1qa02y7,1,27,27,0,match
1qa034x,1,27,27,0,match
1qa03cy,1,27,27,0,match
1qa03lx,1,27,27,0,match
1qa03rc,1,27,27,0,match
1qa03y7,1,27,27,0,match
1qa046f,1,27,27,0,match
1qa047k,1,27,27,0,match
1qa04gf,1,27,27,0,match
1qa04kq,1,28,28,0,match
1qa04px,1,28,28,0,match
1qa04t4,1,28,28,0,match
1qa056f,1,28,28,0,match
1qa05ac,1,7,7,0,match
1qa06fs,1,28,28,0,match
1qa06ik,1,5,5,0,match
1qa06iu,1,28,28,0,match
1qa06vk,1,28,28,0,match
1qa06w3,1,8,8,0,match
1qa07s0,1,28,28,0,match
1qa07t0,1,28,28,0,match
1qa07ym,1,28,28,0,match
1qa086s,1,28,28,0,match
1qa08fd,1,10,10,0,match
1qa08vp,1,28,28,0,match
1qa0a6f,1,28,28,0,match
1qa0afn,1,28,28,0,match
1qa0b0x,1,28,28,0,match
1qa0bwq,1,28,28,0,match
1qa0c05,1,28,28,0,match
1qa0c2z,1,28,28,0,match
1qa0cka,1,28,28,0,match
1qa0cq4,1,28,28,0,match
1qa0ct7,1,23,23,0,match
1qa0dad,1,28,28,0,match
1qa0djr,1,28,28,0,match
1qa0dug,1,28,28,0,match
1qa0egu,1,28,28,0,match
1qa0f8g,1,27,27,0,match
1qa0fio,1,27,27,0,match
1qa0fnh,1,27,27,0,match
1qa0fvq,1,9,9,0,match
1qa0ge0,1,27,27,0,match
1qa0ges,1,9,9,0,match
1qa0gql,1,27,27,0,match
1qa0gqv,1,27,27,0,match
1qa0hci,1,27,27,0,match
1qa0hj3,1,27,27,0,match
1qa0hle,1,27,27,0,match
1qa0jo6,1,27,27,0,match
1qa0jrp,1,27,27,0,match
1qa0khq,1,27,27,0,match
1qa0kjs,1,20,20,0,match
1qa0l58,1,28,28,0,match
1qa0lbq,1,16,16,0,match
1qa0lh0,1,12,12,0,match
1qa0lmg,1,28,28,0,match
1qa0lmh,1,28,28,0,match
1qa0mat,1,12,12,0,match
1qa0mln,1,28,28,0,match
1qa0n4n,1,12,12,0,match
1qa0net,1,28,28,0,match
1qa0o5r,1,28,28,0,match
1qa0pcm,1,28,28,0,match
1qa0phn,1,13,13,0,match
1qa0pz2,1,28,28,0,match
1qa0q0p,1,28,28,0,match
1qa0qap,1,28,28,0,match
1qa0quf,1,28,28,0,match
1qa0s4t,1,27,27,0,match
1qa0s7p,1,27,27,0,match
1qa0s8l,1,27,27,0,match
1qa0so8,1,18,18,0,match
1qa0t1d,1,27,27,0,match
1qa0t3j,1,27,27,0,match
1qa0t82,1,27,27,0,match
1qa0tqg,1,27,27,0,match
1qa0trt,1,11,11,0,match
1qa0tvp,1,27,27,0,match
1qa0u1y,1,27,27,0,match
1qa0udr,1,27,27,0,match
1qa0un9,1,27,27,0,match
1qa0unx,1,3,3,0,match
1qa0usd,1,27,27,0,match
1qa0usi,1,27,27,0,match
1qa0v9g,1,27,27,0,match
1qa0vlx,1,27,27,0,match
1qa0w4h,1,18,18,0,match
1qa0wir,1,27,27,0,match
1qa0x64,1,27,27,0,match
1qa0xvk,1,27,27,0,match
1qa0y20,1,27,27,0,match
1qa0y8w,1,18,18,0,match
1qa0ygv,1,27,27,0,match
1qa0ysz,1,27,27,0,match
1qa0yw2,1,18,18,0,match
1qa0yye,1,27,27,0,match
1qa0zby,1,27,27,0,match
1qa0zn4,1,27,27,0,match
1qa104t,1,18,18,0,match
1qa10pq,1,28,28,0,match
1qa10y5,1,28,28,0,match
1qa11bp,1,28,28,0,match
1qa11oi,1,18,18,0,match
1qa128r,1,11,11,0,match
1qa135h,1,28,28,0,match
1qa13jr,1,1,1,0,match
1qa13mw,1,28,28,0,match
1qa1438,1,28,28,0,match
1qa14ky,1,28,28,0,match
1qa14sw,1,27,27,0,match
1qa14va,1,27,27,0,match
1qa15wf,1,27,27,0,match
1qa16uk,1,27,27,0,match
1qa178f,1,27,27,0,match
1qa17mw,1,27,27,0,match
1qa18pq,1,27,27,0,match
1qa18wq,1,27,27,0,match
1qa195e,1,27,27,0,match
1qa1a6v,1,27,27,0,match
1qa1asn,1,27,27,0,match
1qa1bdc,1,27,27,0,match
1qa1c5i,1,1,1,0,match
1qa1cko,1,27,27,0,match
1qa1crv,1,27,27,0,match
1qa1czz,1,27,27,0,match
1qa1d81,1,27,27,0,match
1qa1dgm,1,27,27,0,match
1qa1dhh,1,27,27,0,match
1qa1dp8,1,27,27,0,match
1qa1dtg,1,27,27,0,match
1qa1dyr,1,27,27,0,match
1qa1dzl,1,11,11,0,match
1qa1e3q,1,14,14,0,match
1qa1e8e,1,27,27,0,match
1qa1eah,1,27,27,0,match
1qa1erw,1,27,27,0,match
1qa1fnh,1,27,27,0,match
1qa1gjv,1,27,27,0,match
1qa1hcn,1,27,27,0,match
1qa1io6,1,9,9,0,match
1qa1j80,1,26,26,0,match
1qa1jkk,1,26,26,0,match
1qa1k77,1,26,26,0,match
1qa1kd0,1,27,27,0,match
1qa1ks2,1,27,27,0,match
1qa1l12,1,27,27,0,match
1qa1l19,1,27,27,0,match
1qa1la4,1,7,7,0,match
1qa1ldc,1,27,27,0,match
1qa1lim,1,27,27,0,match
1qa1luh,1,27,27,0,match
1qa1m5r,1,27,27,0,match
1qa1m7p,1,27,27,0,match
1qa1m9k,1,27,27,0,match
1qa1md5,1,27,27,0,match
1qa1mh1,1,4,4,0,match
1qa1mll,1,27,27,0,match
1qa1nk4,1,27,27,0,match
1qa1nkf,1,27,27,0,match
1qa1opf,1,27,27,0,match
1qa1ove,1,22,22,0,match
1qa1p09,1,27,27,0,match
1qa1p60,1,27,27,0,match
1qa1pd5,1,27,27,0,match
1qa1pl0,1,27,27,0,match
1qa1pl2,1,27,27,0,match
1qa1pqy,1,27,27,0,match
1qa1py5,1,27,27,0,match
1qa1q97,1,27,27,0,match
1qa1qpd,1,27,27,0,match
1qa1r5g,1,27,27,0,match
1qa1raw,1,27,27,0,match
1qa1rb7,1,27,27,0,match
1qa1s4t,1,27,27,0,match
1qa1sgx,1,27,27,0,match
1qa1sib,1,12,12,0,match
1qa1sqw,1,27,27,0,match
1qa1t2c,1,27,27,0,match
1qa1t4y,1,12,12,0,match
1qa1t8o,1,27,27,0,match
1qa1t9c,1,27,27,0,match
1qa1tbo,1,27,27,0,match
1qa1us2,1,20,20,0,match
1qa1vjv,1,26,26,0,match
1qa1vk2,1,26,26,0,match
1qa1wew,1,26,26,0,match
1qa1wm1,1,26,26,0,match
1qa1wm9,1,27,27,0,match
1qa1wt2,1,27,27,0,match
1qa1x9m,1,15,15,0,match
1qa1xkm,1,27,27,0,match
1qa1xon,1,27,27,0,match
1qa1xrs,1,27,27,0,match
1qa1xv1,1,6,6,0,match
1qa1ym3,1,27,27,0,match
1qa1yx3,1,27,27,0,match
1qa20nd,1,27,27,0,match
1qa20rj,1,27,27,0,match
1qa21an,1,27,27,0,match
1qa21ex,1,1,1,0,match
1qa21ff,1,3,3,0,match
1qa21pq,1,27,27,0,match
1qa2215,1,11,11,0,match
1qa22kv,1,27,27,0,match
1qa22tg,1,27,27,0,match
1qa234v,1,27,27,0,match
1qa235t,1,27,27,0,match
1qa238l,1,27,27,0,match
1qa23bh,1,27,27,0,match
1qa23fm,1,27,27,0,match
1qa23ms,1,12,12,0,match
1qa23zy,1,2,2,0,match
1qa248x,1,27,27,0,match
1qa24h0,1,27,27,0,match
1qa24vy,1,27,27,0,match
1qa24w9,1,27,27,0,match
1qa24z3,1,27,27,0,match
1qa251v,1,27,27,0,match
1qa25um,1,27,27,0,match
1qa26vz,1,27,27,0,match
1qa28bl,1,27,27,0,match
1qa2938,1,1,1,0,match
1qa29n6,1,26,26,0,match
1qa29rv,1,26,26,0,match
1qa2a9z,1,14,14,0,match
1qa2az4,1,26,26,0,match
1qa2azk,1,26,26,0,match
1qa2b0m,1,26,26,0,match
1qa2bpv,1,26,26,0,match
1qa2bqz,1,27,27,0,match
1qa2bzc,1,27,27,0,match
1qa2d5k,1,27,27,0,match
1qa2dgd,1,27,27,0,match
1qa2di9,1,1,1,0,match
1qa2ds2,1,27,27,0,match
1qa2elu,1,27,27,0,match
1qa2euc,1,27,27,0,match
1qa2ezf,1,1,1,0,match
1qa2f5j,1,27,27,0,match
1qa2f8w,1,2,2,0,match
1qa2fg3,1,27,27,0,match
1qa2fxy,1,27,27,0,match
1qa2fzl,1,27,27,0,match
1qa2gjg,1,27,27,0,match
1qa2gks,1,27,27,0,match
1qa2hks,1,8,8,0,match
1qa2i6k,1,5,5,0,match
1qa2idg,1,27,27,0,match
1qa2ieh,1,27,27,0,match
1qa2jd0,1,27,27,0,match
1qa2jfy,1,27,27,0,match
1qa2jhw,1,28,28,0,match
1qa2k5g,1,28,28,0,match
1qa2kjv,1,1,1,0,match
1qa2kme,1,28,28,0,match
1qa2l0m,1,5,5,0,match
1qa2l55,1,28,28,0,match
1qa2lid,1,28,28,0,match
1qa2lk6,1,8,8,0,match
1qa2lpw,1,28,28,0,match
1qa2lud,1,28,28,0,match
1qa2m1k,1,28,28,0,match
1qa2mfl,1,28,28,0,match
1qa2mik,1,7,7,0,match
1qa2mmx,1,28,28,0,match
1qa2mt5,1,27,27,0,match
1qa2mvh,1,27,27,0,match
1qa2mzq,1,27,27,0,match
1qa2n2q,1,2,2,0,match
1qa2n44,1,27,27,0,match
1qa2n4j,1,1,1,0,match
1qa2njo,1,27,27,0,match
1qa2nv3,1,27,27,0,match
1qa2oea,1,27,27,0,match
1qa2okf,1,3,3,0,match
1qa2ot0,1,27,27,0,match
1qa2pi2,1,5,5,0,match
1qa2pig,1,27,27,0,match
1qa2pkh,1,27,27,0,match
1qa2qa0,1,27,27,0,match
1qa2qm9,1,27,27,0,match
1qa2qwa,1,27,27,0,match
1qa2qwz,1,27,27,0,match
1qa2rb0,1,27,27,0,match
1qa2rdg,1,27,27,0,match
1qa2rhs,1,27,27,0,match
1qa2smn,1,27,27,0,match
1qa2smw,1,28,28,0,match
1qa2t6c,1,28,28,0,match
1qa2tdl,1,28,28,0,match
1qa2tue,1,28,28,0,match
1qa2uem,1,28,28,0,match
1qa2ukv,1,28,28,0,match
1qa2v17,1,28,28,0,match
1qa2vem,1,28,28,0,match
1qa2vtb,1,28,28,0,match
1qa2vyj,1,4,4,0,match
1qa2wq4,1,28,28,0,match
1qa2wv4,1,28,28,0,match
1qa2y7r,1,28,28,0,match
1qa2zdh,1,3,3,0,match
1qa2zh3,1,28,28,0,match
1qa2zwy,1,28,28,0,match
1qa2zzr,1,28,28,0,match
1qa302k,1,1,1,0,match
1qa302y,1,1,1,0,match
1qa3043,1,28,28,0,match
1qa30in,1,28,28,0,match
1qa30lm,1,28,28,0,match
1qa30nk,1,28,28,0,match
1qa31sx,1,27,27,0,match
1qa3240,1,7,7,0,match
1qa32m4,1,12,12,0,match
1qa32n2,1,27,27,0,match
1qa32oc,1,27,27,0,match
1qa32p8,1,19,19,0,match
1qa32w8,1,27,27,0,match
1qa332q,1,27,27,0,match
1qa33hm,1,27,27,0,match
1qa33j2,1,27,27,0,match
1qa33u2,1,4,4,0,match
1qa33v3,1,2,2,0,match
1qa33xu,1,3,3,0,match
1qa340p,1,27,27,0,match
1qa340x,1,26,26,0,match
1qa343t,1,27,27,0,match
1qa3494,1,2,2,0,match
1qa34da,1,27,27,0,match
1qa34ej,1,27,27,0,match
1qa34ej,2,1,1,0,match
1qa34o7,1,27,27,0,match
1qa34rt,1,27,27,0,match
1qa34u5,1,27,27,0,match
1qa34yk,1,27,27,0,match
1qa35re,1,27,27,0,match
1qa365b,1,27,27,0,match
1qa36dm,1,28,28,0,match
1qa37o2,1,28,28,0,match
1qa385a,1,28,28,0,match
1qa386r,1,7,7,0,match
1qa387r,1,28,28,0,match
1qa3890,1,28,28,0,match
1qa38rl,1,28,28,0,match
1qa394h,1,1,1,0,match
1qa3983,1,6,6,0,match
1qa3990,1,28,28,0,match
1qa39cz,1,28,28,0,match
1qa39em,1,28,28,0,match
1qa39jy,1,28,28,0,match
1qa39la,1,28,28,0,match
1qa39r3,1,28,28,0,match
1qa3a3t,1,28,28,0,match
1qa3b3r,1,23,23,0,match
1qa3b4k,1,28,28,0,match
1qa3b5y,1,5,5,0,match
1qa3big,1,28,28,0,match
1qa3chb,1,28,28,0,match
1qa3cxq,1,28,28,0,match
1qa3cyp,1,28,28,0,match
1qa3dsg,1,28,28,0,match
1qa3ez1,1,28,28,0,match
1qa3fwo,1,27,27,0,match
1qa3g5d,1,27,27,0,match
1qa3g6q,1,27,27,0,match
1qa3gvo,1,1,1,0,match
1qa3iir,1,27,27,0,match
1qa3iyg,1,27,27,0,match
1qa3j7p,1,27,27,0,match
1qa3jhr,1,12,12,0,match
1qa3k4t,1,27,27,0,match
1qa3k6i,1,27,27,0,match
1qa3krf,1,27,27,0,match
1qa3lc2,1,27,27,0,match
1qa3ls4,1,4,4,0,match
1qa3lve,1,27,27,0,match
1qa3m8g,1,27,27,0,match
1qa3ma4,1,27,27,0,match
1qa3mpc,1,27,27,0,match
1qa3mrp,1,4,4,0,match
1qa3naj,1,28,28,0,match
1qa3njr,1,28,28,0,match
1qa3nl0,1,28,28,0,match
1qa3nsx,1,28,28,0,match
1qa3nt4,1,28,28,0,match
1qa3o31,1,28,28,0,match
1qa3o3b,1,28,28,0,match
1qa3oag,1,28,28,0,match
1qa3obk,1,4,4,0,match
1qa3oea,1,28,28,0,match
1qa3p9o,1,28,28,0,match
1qa3pdl,1,28,28,0,match
1qa3pns,1,28,28,0,match
1qa3pzg,1,10,10,0,match
1qa3q20,1,28,28,0,match
1qa3qw3,1,28,28,0,match
1qa3ra5,1,28,28,0,match
1qa3ryk,1,28,28,0,match
1qa3s2t,1,28,28,0,match
1qa3siw,1,28,28,0,match
1qa3sr6,1,28,28,0,match
1qa3tgk,1,27,27,0,match
1qa3tjn,1,27,27,0,match
1qa3tyd,1,27,27,0,match
1qa3u1n,1,27,27,0,match
1qa3u79,1,27,27,0,match
1qa3u9o,1,27,27,0,match
1qa3ugr,1,27,27,0,match
1qa3uh6,1,27,27,0,match
1qa3uy4,1,28,28,0,match
1qa3uym,1,28,28,0,match
1qa3v4o,1,28,28,0,match
1qa3vka,1,28,28,0,match
1qa3w1i,1,28,28,0,match
1qa3w94,1,28,28,0,match
1qa3whj,1,28,28,0,match
1qa3wsd,1,28,28,0,match
1qa3x57,1,28,28,0,match
1qa3xbz,1,28,28,0,match
1qa3ybc,1,6,6,0,match
1qa3ydo,1,28,28,0,match
1qa3yhj,1,28,28,0,match
1qa3yy9,1,28,28,0,match
1qa3z84,1,28,28,0,match
1qa3zdf,1,28,28,0,match
1qa3zhp,1,28,28,0,match
1qa3zie,1,28,28,0,match
1qa40nb,1,28,28,0,match
1qa418y,1,15,15,0,match
1qa419c,1,28,28,0,match
1qa41ft,1,28,28,0,match
1qa41vc,1,28,28,0,match
1qa425c,1,3,3,0,match
1qa42aq,1,28,28,0,match
1qa42cb,1,28,28,0,match
1qa42dg,1,28,28,0,match
1qa42fo,1,17,17,0,match
1qa42w5,1,28,28,0,match
1qa42zt,1,3,3,0,match
1qa435y,1,28,28,0,match
1qa43ic,1,28,28,0,match
1qa43re,1,28,28,0,match
1qa43ry,1,28,28,0,match
1qa445z,1,28,28,0,match
1qa44rk,1,28,28,0,match
1qa455m,1,28,28,0,match
1qa45xp,1,28,28,0,match
1qa45zm,1,29,29,0,match
1qa467g,1,29,29,0,match
1qa468c,1,29,29,0,match
1qa46hh,1,29,29,0,match
1qa46qj,1,1,1,0,match
1qa46ub,1,29,29,0,match
1qa47fo,1,7,7,0,match
1qa47p7,1,2,2,0,match
1qa47qa,1,28,28,0,match
1qa47ul,1,28,28,0,match
1qa485v,1,28,28,0,match
1qa48uk,1,28,28,0,match
1qa48w1,1,28,28,0,match
1qa490n,1,28,28,0,match
1qa498r,1,28,28,0,match
1qa4a9l,1,28,28,0,match
1qa4aqh,1,28,28,0,match
1qa4aua,1,28,28,0,match
1qa4bjv,1,28,28,0,match
1qa4d0k,1,1,1,0,match
1qa4d1h,1,28,28,0,match
1qa4d7u,1,28,28,0,match
1qa4dlw,1,28,28,0,match
1qa4dpp,1,28,28,0,match
1qa4dv3,1,28,28,0,match
1qa4e1o,1,28,28,0,match
1qa4eep,1,28,28,0,match
1qa4esz,1,28,28,0,match
1qa4f8o,1,28,28,0,match
1qa4f98,1,28,28,0,match
1qa4gdg,1,28,28,0,match
1qa4gfo,1,28,28,0,match
1qa4h50,1,2,2,0,match
1qa4hk5,1,28,28,0,match
1qa4hop,1,28,28,0,match
1qa4ihd,1,28,28,0,match
1qa4iin,1,28,28,0,match
1qa4iv7,1,28,28,0,match
1qa4jmt,1,28,28,0,match
1qa4jvu,1,14,14,0,match
1qa4k6u,1,28,28,0,match
1qa4knq,1,28,28,0,match
1qa4kub,1,28,28,0,match
1qa4kx6,1,28,28,0,match
1qa4lwv,1,28,28,0,match
1qa4mbe,1,2,2,0,match
1qa4n3a,1,27,27,0,match
1qa4p0j,1,27,27,0,match
1qa4p20,1,28,28,0,match
1qa4p33,1,28,28,0,match
1qa4pd3,1,28,28,0,match
1qa4phl,1,28,28,0,match
1qa4pw8,1,28,28,0,match
1qa4pwy,1,28,28,0,match
1qa4pzb,1,28,28,0,match
1qa4q35,1,28,28,0,match
1qa4q9r,1,28,28,0,match
1qa4r8r,1,28,28,0,match
1qa4raq,1,28,28,0,match
1qa4rwf,1,28,28,0,match
1qa4sb5,1,28,28,0,match
1qa4srn,1,2,2,0,match
1qa4to2,1,28,28,0,match
1qa4tqj,1,28,28,0,match
1qa4ttq,1,28,28,0,match
1qa4u0r,1,28,28,0,match
1qa4u3y,1,28,28,0,match
1qa4u6f,1,28,28,0,match
1qa4ud6,1,1,1,0,match
1qa4ug0,1,28,28,0,match
1qa4vhm,1,1,1,0,match
1qa4vuc,1,28,28,0,match
1qa4vv1,1,28,28,0,match
1qa4wch,1,28,28,0,match
1qa4wfa,1,13,13,0,match
1qa4wl4,1,28,28,0,match
1qa4wow,1,28,28,0,match
1qa4wtf,1,28,28,0,match
1qa4wza,1,28,28,0,match
1qa4x6s,1,1,1,0,match
1qa4ybw,1,28,28,0,match
1qa4ylo,1,28,28,0,match
1qa4yn2,1,28,28,0,match
1qa4yq8,1,28,28,0,match
1qa4yrh,1,28,28,0,match
1qa4ysf,1,28,28,0,match
1qa4zkb,1,28,28,0,match
1qa4zmy,1,28,28,0,match
1qa4zok,1,28,28,0,match
1qa50hg,1,28,28,0,match
1qa50o9,1,29,29,0,match
1qa50st,1,29,29,0,match
1qa50u8,1,29,29,0,match
1qa50zu,1,29,29,0,match
1qa51mm,1,28,28,0,match
1qa51o9,1,28,28,0,match
1qa52c1,1,28,28,0,match
1qa52jm,1,28,28,0,match
1qa52oy,1,3,3,0,match
1qa54fq,1,28,28,0,match
1qa54p1,1,28,28,0,match
1qa54yt,1,28,28,0,match
1qa554e,1,28,28,0,match
1qa564d,1,28,28,0,match
1qa56dd,1,28,28,0,match
1qa56mn,1,28,28,0,match
1qa56ts,1,28,28,0,match
1qa57fz,1,28,28,0,match
1qa57r3,1,28,28,0,match
1qa57zy,1,28,28,0,match
1qa58hw,1,28,28,0,match
1qa58js,1,28,28,0,match
1qa58ne,1,28,28,0,match
1qa58vw,1,28,28,0,match
1qa58ya,1,2,2,0,match
1qa59l7,1,28,28,0,match
1qa5a3f,1,28,28,0,match
1qa5a9d,1,28,28,0,match
1qa5ahu,1,28,28,0,match
1qa5b0l,1,17,17,0,match
1qa5b6n,1,28,28,0,match
1qa5bv6,1,28,28,0,match
1qa5bvr,1,29,29,0,match
1qa5bx3,1,29,29,0,match
1qa5c17,1,2,2,0,match
1qa5ce3,1,29,29,0,match
1qa5ci4,1,29,29,0,match
1qa5cqa,1,29,29,0,match
1qa5czh,1,1,1,0,match
1qa5d0w,1,29,29,0,match
1qa5d9g,1,29,29,0,match
1qa5dcf,1,29,29,0,match
1qa5dmo,1,29,29,0,match
1qa5egh,1,8,8,0,match
1qa5f3s,1,29,29,0,match
1qa5f8j,1,29,29,0,match
1qa5flc,1,29,29,0,match
1qa5gjr,1,28,28,0,match
1qa5gth,1,28,28,0,match
1qa5h5b,1,28,28,0,match
1qa5hfn,1,28,28,0,match
1qa5hnw,1,28,28,0,match
1qa5hsy,1,28,28,0,match
1qa5i2j,1,28,28,0,match
1qa5igw,1,28,28,0,match
1qa5itm,1,22,22,0,match
1qa5j0g,1,28,28,0,match
1qa5j74,1,28,28,0,match
1qa5j7j,1,28,28,0,match
1qa5jnt,1,28,28,0,match
1qa5jot,1,1,1,0,match
1qa5k6u,1,29,29,0,match
1qa5kmt,1,29,29,0,match
1qa5kpm,1,5,5,0,match
1qa5lc7,1,29,29,0,match
1qa5m42,1,29,29,0,match
1qa5m95,1,5,5,0,match
1qa5mte,1,29,29,0,match
1qa5n2p,1,29,29,0,match
1qa5n7f,1,29,29,0,match
1qa5ncm,1,29,29,0,match
1qa5neg,1,17,17,0,match
1qa5nfc,1,1,1,0,match
1qa5nwp,1,2,2,0,match
1qa5of8,1,29,29,0,match
1qa5oth,1,2,2,0,match
1qa5ove,1,29,29,0,match
1qa5pj1,1,29,29,0,match
1qa5r9s,1,29,29,0,match
1qa5rhq,1,1,1,0,match
1qa5rqs,1,1,1,0,match
1qa5sb5,1,29,29,0,match
1qa5t7l,1,29,29,0,match
1qa5tbh,1,10,10,0,match
1qa5ugw,1,2,2,0,match
1qa5uie,1,29,29,0,match
1qa5uos,1,28,28,0,match
1qa5uwk,1,28,28,0,match
1qa5v3k,1,28,28,0,match
1qa5vi8,1,28,28,0,match
1qa5vrx,1,28,28,0,match
1qa5vva,1,28,28,0,match
1qa5w2z,1,28,28,0,match
1qa5w6q,1,5,5,0,match
1qa5x9o,1,9,9,0,match
1qa5xcx,1,28,28,0,match
1qa5xdq,1,28,28,0,match
1qa5xgs,1,3,3,0,match
1qa5xo0,1,28,28,0,match
1qa5y3w,1,28,28,0,match
1qa5yi6,1,28,28,0,match
1qa5z1s,1,28,28,0,match
1qa5zps,1,28,28,0,match
1qa5zzs,1,6,6,0,match
1qa60j6,1,6,6,0,match
1qa61ao,1,28,28,0,match
1qa61if,1,28,28,0,match
1qa61qw,1,5,5,0,match
1qa61s5,1,28,28,0,match
1qa61vy,1,28,28,0,match
1qa626q,1,28,28,0,match
1qa62bi,1,29,29,0,match
1qa62gj,1,4,4,0,match
1qa62kf,1,3,3,0,match
1qa62q2,1,2,2,0,match
1qa62tc,1,29,29,0,match
1qa6338,1,29,29,0,match
1qa6372,1,29,29,0,match
1qa63vu,1,29,29,0,match
1qa63xw,1,29,29,0,match
1qa642z,1,29,29,0,match
1qa646r,1,29,29,0,match
1qa64ji,1,29,29,0,match
1qa668k,1,29,29,0,match
1qa66hg,1,29,29,0,match
1qa66rf,1,1,1,0,match
1qa66yn,1,29,29,0,match
1qa681c,1,29,29,0,match
1qa687k,1,22,22,0,match
1qa6924,1,29,29,0,match
1qa69fz,1,29,29,0,match
1qa6a9v,1,3,3,0,match
1qa6aw0,1,28,28,0,match
1qa6b1n,1,28,28,0,match
1qa6bak,1,28,28,0,match
1qa6bfy,1,28,28,0,match
1qa6bgr,1,28,28,0,match
1qa6c0p,1,19,19,0,match
1qa6c2o,1,28,28,0,match
1qa6coc,1,2,2,0,match
1qa6d5l,1,28,28,0,match
1qa6d74,1,28,28,0,match
1qa6dw5,1,28,28,0,match
1qa6eei,1,28,28,0,match
1qa6eel,1,28,28,0,match
1qa6egu,1,28,28,0,match
1qa6em1,1,28,28,0,match
1qa6eo2,1,28,28,0,match
1qa6esr,1,28,28,0,match
1qa6fh5,1,11,11,0,match
1qa6fw4,1,28,28,0,match
1qa6g6h,1,28,28,0,match
1qa6ghh,1,28,28,0,match
1qa6guc,1,29,29,0,match
1qa6haf,1,29,29,0,match
1qa6hyz,1,29,29,0,match
1qa6id5,1,29,29,0,match
1qa6ihe,1,29,29,0,match
1qa6iw0,1,1,1,0,match
1qa6iwy,1,20,20,0,match
1qa6j8l,1,29,29,0,match
1qa6k2p,1,29,29,0,match
1qa6kq0,1,29,29,0,match
1qa6kqj,1,29,29,0,match
1qa6l7v,1,29,29,0,match
1qa6l9f,1,29,29,0,match
1qa6law,1,29,29,0,match
1qa6lkr,1,29,29,0,match
1qa6ll6,1,29,29,0,match
1qa6m8d,1,29,29,0,match
1qa6m8y,1,29,29,0,match
1qa6mil,1,1,1,0,match
1qa6mka,1,29,29,0,match
1qa6mqd,1,29,29,0,match
1qa6n61,1,29,29,0,match
1qa6nie,1,29,29,0,match
1qa6ob5,1,28,28,0,match
1qa6ont,1,28,28,0,match
1qa6ooi,1,28,28,0,match
1qa6ov0,1,28,28,0,match
1qa6pnt,1,28,28,0,match
1qa6qbr,1,28,28,0,match
1qa6qhx,1,28,28,0,match
1qa6qsi,1,27,27,0,match
1qa6quo,1,28,28,0,match
1qa6r4t,1,28,28,0,match
1qa6ro0,1,28,28,0,match
1qa6s14,1,28,28,0,match
1qa6s6r,1,28,28,0,match
1qa6s81,1,28,28,0,match
1qa6sc6,1,28,28,0,match
1qa6tc9,1,28,28,0,match
1qa6ti8,1,28,28,0,match
1qa6udr,1,28,28,0,match
1qa6umt,1,15,15,0,match
1qa6usc,1,28,28,0,match
1qa6v48,1,28,28,0,match
1qa6vpl,1,28,28,0,match
1qa6wb7,1,28,28,0,match
1qa6wh6,1,28,28,0,match
1qa6wxp,1,3,3,0,match
1qa6xgq,1,29,29,0,match
1qa6xn5,1,29,29,0,match
1qa6xvl,1,5,5,0,match
1qa6yhz,1,29,29,0,match
1qa6z1p,1,29,29,0,match
1qa6zd4,1,29,29,0,match
1qa6zml,1,29,29,0,match
1qa6zof,1,29,29,0,match
1qa706p,1,29,29,0,match
1qa70jj,1,29,29,0,match
1qa70ko,1,29,29,0,match
1qa71y8,1,29,29,0,match
1qa72ay,1,2,2,0,match
1qa72rh,1,29,29,0,match
1qa732a,1,28,28,0,match
1qa73jk,1,28,28,0,match
1qa73r6,1,28,28,0,match
1qa74bm,1,28,28,0,match
1qa74f7,1,28,28,0,match
1qa74gy,1,28,28,0,match
1qa74j2,1,28,28,0,match
1qa752o,1,28,28,0,match
1qa75st,1,28,28,0,match
1qa76kr,1,28,28,0,match
1qa76qs,1,28,28,0,match
1qa76vi,1,29,29,0,match
1qa76wz,1,29,29,0,match
1qa771k,1,29,29,0,match
1qa77x9,1,29,29,0,match
1qa780n,1,29,29,0,match
1qa7811,1,29,29,0,match
1qa78ro,1,1,1,0,match
1qa791j,1,29,29,0,match
1qa79ec,1,29,29,0,match
1qa7a2u,1,29,29,0,match
1qa7aba,1,29,29,0,match
1qa7ac1,1,1,1,0,match
1qa7aj1,1,29,29,0,match
1qa7aje,1,29,29,0,match
1qa7an8,1,29,29,0,match
1qa7ao0,1,29,29,0,match
1qa7axw,1,29,29,0,match
1qa7b2w,1,29,29,0,match
1qa7b7i,1,29,29,0,match
1qa7bg1,1,1,1,0,match
1qa7btw,1,29,29,0,match
1qa7bv2,1,29,29,0,match
1qa7c4b,1,29,29,0,match
1qa7c5m,1,29,29,0,match
1qa7ci4,1,29,29,0,match
1qa7d4c,1,29,29,0,match
1qa7di2,1,29,29,0,match
1qa7dtv,1,29,29,0,match
1qa7dub,1,29,29,0,match
1qa7dun,1,29,29,0,match
1qa7e5b,1,29,29,0,match
1qa7ed2,1,29,29,0,match
1qa7era,1,29,29,0,match
1qa7fcb,1,29,29,0,match
1qa7fyk,1,29,29,0,match
1qa7g1e,1,30,30,0,match
1qa7h1m,1,22,22,0,match
1qa7hkj,1,30,30,0,match
1qa7i1s,1,29,29,0,match
1qa7i21,1,29,29,0,match
1qa7i2i,1,29,29,0,match
1qa7ik8,1,29,29,0,match
1qa7j6h,1,29,29,0,match
1qa7jkl,1,29,29,0,match
1qa7jzo,1,29,29,0,match
1qa7k0p,1,29,29,0,match
1qa7kdu,1,29,29,0,match
1qa7kkj,1,29,29,0,match
1qa7kqi,1,29,29,0,match
1qa7l34,1,29,29,0,match
1qa7ldd,1,2,2,0,match
1qa7lzn,1,29,29,0,match
1qa7n1o,1,29,29,0,match
1qa7nwv,1,5,5,0,match
1qa7nz3,1,29,29,0,match
1qa7nz6,1,8,8,0,match
1qa7ob1,1,29,29,0,match
1qa7ok8,1,30,30,0,match
1qa7omh,1,30,30,0,match
1qa7p7d,1,30,30,0,match
1qa7ph4,1,30,30,0,match
1qa7ql4,1,30,30,0,match
1qa7qw9,1,30,30,0,match
1qa7r0x,1,30,30,0,match
1qa7r79,1,1,1,0,match
1qa7rb6,1,30,30,0,match
1qa7s80,1,30,30,0,match
1qa7s98,1,30,30,0,match
1qa7t5m,1,30,30,0,match
1qa7t6g,1,30,30,0,match
1qa7tb2,1,30,30,0,match
1qa7trk,1,30,30,0,match
1qa7u9t,1,30,30,0,match
1qa7uji,1,30,30,0,match
1qa7v67,1,1,1,0,match
1qa7vb6,1,30,30,0,match
1qa7vhn,1,25,25,0,match
1qa7w92,1,30,30,0,match
1qa7wbu,1,30,30,0,match
1qa7x1m,1,30,30,0,match
1qa7x1z,1,14,14,0,match
1qa7xku,1,29,29,0,match
1qa7xme,1,29,29,0,match
1qa7yab,1,29,29,0,match
1qa7yao,1,29,29,0,match
1qa7yuu,1,29,29,0,match
1qa7zyr,1,29,29,0,match
1qa80ba,1,1,1,0,match
1qa80u2,1,10,10,0,match
1qa81jh,1,29,29,0,match
1qa82rx,1,29,29,0,match
1qa830s,1,29,29,0,match
1qa8334,1,29,29,0,match
1qa83vz,1,29,29,0,match
1qa84ty,1,29,29,0,match
1qa851d,1,29,29,0,match
1qa856n,1,29,29,0,match
1qa85bz,1,29,29,0,match
1qa85xd,1,29,29,0,match
1qa8612,1,1,1,0,match
1qa86da,1,12,12,0,match
1qa86gw,1,29,29,0,match
1qa86xl,1,29,29,0,match
1qa8702,1,29,29,0,match
1qa8724,1,29,29,0,match
1qa87d8,1,29,29,0,match
1qa87df,1,29,29,0,match
1qa87fu,1,29,29,0,match
1qa889t,1,29,29,0,match
1qa88b0,1,29,29,0,match
1qa88wv,1,29,29,0,match
1qa89h0,1,25,25,0,match
1qa89ua,1,29,29,0,match
1qa8a6c,1,29,29,0,match
1qa8awi,1,18,18,0,match
1qa8bdm,1,2,2,0,match
1qa8cju,1,29,29,0,match
1qa8dt6,1,29,29,0,match
1qa8dtv,1,29,29,0,match
1qa8epu,1,29,29,0,match
1qa8ev6,1,29,29,0,match
1qa8fk5,1,29,29,0,match
1qa8ftr,1,29,29,0,match
1qa8g14,1,29,29,0,match
1qa8glv,1,29,29,0,match
1qa8han,1,29,29,0,match
1qa8hzn,1,29,29,0,match
1qa8idu,1,29,29,0,match
1qa8ij6,1,29,29,0,match
1qa8ilz,1,29,29,0,match
1qa8inq,1,29,29,0,match
1qa8iq8,1,29,29,0,match
1qa8jam,1,29,29,0,match
1qa8jdx,1,18,18,0,match
1qa8jmn,1,27,27,0,match
1qa8lqg,1,11,11,0,match
1qa8lyc,1,29,29,0,match
1qa8mlu,1,29,29,0,match
1qa8myg,1,11,11,0,match
1qa8mzs,1,6,6,0,match
1qa8np1,1,1,1,0,match
1qa8oeq,1,1,1,0,match
1qa8ogx,1,29,29,0,match
1qa8ohw,1,29,29,0,match
1qa8p6q,1,29,29,0,match
1qa8pnq,1,29,29,0,match
1qa8ps8,1,29,29,0,match
1qa8ptv,1,29,29,0,match
1qa8qbp,1,29,29,0,match
1qa8qcz,1,29,29,0,match
1qa8r06,1,28,28,0,match
1qa8r35,1,28,28,0,match
1qa8r38,1,16,16,0,match
1qa8rn8,1,28,28,0,match
1qa8sl3,1,28,28,0,match
1qa8sm3,1,28,28,0,match
1qa8tad,1,28,28,0,match
1qa8tkf,1,28,28,0,match
1qa8u9p,1,28,28,0,match
1qa8uso,1,28,28,0,match
1qa8v9k,1,25,25,0,match
1qa8vik,1,28,28,0,match
1qa8w3z,1,28,28,0,match
1qa8w6k,1,28,28,0,match
1qa8x0d,1,28,28,0,match
1qa8x6u,1,28,28,0,match
1qa8x7f,1,28,28,0,match
1qa8xh7,1,28,28,0,match
1qa8ygh,1,28,28,0,match
1qa8z54,1,29,29,0,match
1qa9034,1,29,29,0,match
1qa905x,1,1,1,0,match
1qa90ad,1,29,29,0,match
1qa90oy,1,29,29,0,match
1qa90sj,1,29,29,0,match
1qa9112,1,29,29,0,match
1qa9171,1,1,1,0,match
1qa91gk,1,10,10,0,match
1qa91k7,1,3,3,0,match
1qa91wu,1,29,29,0,match
1qa92b2,1,29,29,0,match
1qa93oc,1,29,29,0,match
1qa947u,1,29,29,0,match
1qa94nq,1,29,29,0,match
1qa94xs,1,6,6,0,match
1qa953j,1,28,28,0,match
1qa95cy,1,28,28,0,match
1qa95dh,1,9,9,0,match
1qa9601,1,28,28,0,match
1qa96mn,1,28,28,0,match
1qa96th,1,28,28,0,match
1qa970e,1,28,28,0,match
1qa97b4,1,28,28,0,match
1qa97c7,1,28,28,0,match
1qa97dq,1,28,28,0,match
1qa97ge,1,28,28,0,match
1qa97q4,1,1,1,0,match
1qa97tg,1,28,28,0,match
1qa98b7,1,28,28,0,match
1qa98gh,1,28,28,0,match
1qa98s0,1,28,28,0,match
1qa992f,1,28,28,0,match
1qa99h4,1,28,28,0,match
1qa9a9k,1,28,28,0,match
1qa9ayp,1,28,28,0,match
1qa9b1e,1,28,28,0,match
1qa9bv7,1,28,28,0,match
1qa9cdi,1,28,28,0,match
1qa9cf3,1,2,2,0,match
1qa9cv9,1,28,28,0,match
1qa9cxe,1,28,28,0,match
1qa9di8,1,28,28,0,match
1qa9eeu,1,1,1,0,match
1qa9eja,1,7,7,0,match
1qa9eo1,1,28,28,0,match
1qa9erz,1,28,28,0,match
1qa9f5n,1,28,28,0,match
1qa9f7u,1,28,28,0,match
1qa9ff1,1,28,28,0,match
1qa9fl7,1,28,28,0,match
1qa9fmg,1,28,28,0,match
1qa9gea,1,11,11,0,match
1qa9gjh,1,28,28,0,match
1qa9glb,1,28,28,0,match
1qa9gqm,1,3,3,0,match
1qa9gtg,1,28,28,0,match
1qa9hgo,1,28,28,0,match
1qa9hia,1,28,28,0,match
1qa9hrv,1,29,29,0,match
1qa9huo,1,29,29,0,match
1qa9i2k,1,29,29,0,match
1qa9i4k,1,29,29,0,match
1qa9i5e,1,1,1,0,match
1qa9igm,1,29,29,0,match
1qa9itc,1,29,29,0,match
1qa9j2l,1,29,29,0,match
1qa9ji8,1,29,29,0,match
1qa9k0g,1,28,28,0,match
1qa9k3l,1,28,28,0,match
1qa9kgc,1,28,28,0,match
1qa9ku3,1,21,21,0,match
1qa9l0k,1,28,28,0,match
1qa9l7y,1,28,28,0,match
1qa9la9,1,28,28,0,match
1qa9ld7,1,28,28,0,match
1qa9lri,1,28,28,0,match
1qa9mlz,1,2,2,0,match
1qa9mtg,1,1,1,0,match
1qa9n4t,1,28,28,0,match
1qa9n9b,1,28,28,0,match
1qa9nsy,1,28,28,0,match
1qa9o39,1,28,28,0,match
1qa9odz,1,28,28,0,match
1qa9ok8,1,5,5,0,match
1qa9p0q,1,29,29,0,match
1qa9pgd,1,29,29,0,match
1qa9png,1,9,9,0,match
1qa9prc,1,29,29,0,match
1qa9pri,1,29,29,0,match
1qa9pt2,1,29,29,0,match
1qa9pup,1,29,29,0,match
1qa9qgd,1,29,29,0,match
1qa9rbk,1,29,29,0,match
1qa9s2r,1,29,29,0,match
1qa9tpp,1,29,29,0,match
1qa9tq1,1,29,29,0,match
1qa9uip,1,29,29,0,match
1qa9vmz,1,29,29,0,match
1qa9wgr,1,4,4,0,match
1qa9wlm,1,2,2,0,match
1qa9xas,1,29,29,0,match
1qa9xev,1,29,29,0,match
1qa9xg9,1,29,29,0,match
1qa9ygp,1,28,28,0,match
1qa9z2t,1,28,28,0,match
1qaa0dq,1,29,29,0,match
1qaa10r,1,13,13,0,match
1qaa1bb,1,29,29,0,match
1qaa1tj,1,29,29,0,match
1qaa1xx,1,29,29,0,match
1qaa2br,1,29,29,0,match
1qaa2n3,1,29,29,0,match
1qaa2q7,1,29,29,0,match
1qaa3dq,1,29,29,0,match
1qaa3io,1,29,29,0,match
1qaa3no,1,7,7,0,match
1qaa410,1,29,29,0,match
1qaa4qm,1,29,29,0,match
1qaa4ry,1,29,29,0,match
1qaa51x,1,29,29,0,match
1qaa53c,1,29,29,0,match
1qaa5bg,1,29,29,0,match
1qaa5da,1,29,29,0,match
1qaa672,1,11,11,0,match
1qaa6j6,1,29,29,0,match
1qaa75u,1,29,29,0,match
1qaa7cz,1,29,29,0,match
1qaa7qd,1,29,29,0,match
1qaa7yr,1,29,29,0,match
1qaa87j,1,29,29,0,match
1qaa88z,1,27,27,0,match
1qaa8hx,1,29,29,0,match
1qaa92g,1,29,29,0,match
1qaa97r,1,29,29,0,match
1qaa9fp,1,29,29,0,match
1qaa9ie,1,13,13,0,match
1qaa9kf,1,29,29,0,match
1qaaae7,1,29,29,0,match
1qaaafb,1,29,29,0,match
1qaaaha,1,29,29,0,match
1qaaav3,1,29,29,0,match
1qaabeq,1,30,30,0,match
1qaabgj,1,30,30,0,match
1qaac91,1,29,29,0,match
1qaacik,1,29,29,0,match
1qaacsk,1,29,29,0,match
1qaact9,1,29,29,0,match
1qaad97,1,29,29,0,match
1qaadec,1,29,29,0,match
1qaadz6,1,29,29,0,match
1qaaebk,1,29,29,0,match
1qaaed8,1,29,29,0,match
1qaaeoe,1,29,29,0,match
1qaaev4,1,29,29,0,match
1qaaevv,1,29,29,0,match
1qaaf5w,1,29,29,0,match
1qaafn7,1,29,29,0,match
1qaago2,1,6,6,0,match
1qaagp3,1,29,29,0,match
1qaagu9,1,2,2,0,match
1qaah2g,1,29,29,0,match
1qaahhb,1,21,21,0,match
1qaahpi,1,29,29,0,match
1qaaioj,1,27,27,0,match
1qaajcv,1,29,29,0,match
1qaajdj,1,3,3,0,match
1qaajfn,1,29,29,0,match
1qaajkl,1,29,29,0,match
1qaajs6,1,1,1,0,match
1qaakif,1,29,29,0,match
1qaakj7,1,29,29,0,match
1qaam8f,1,29,29,0,match
1qaamnk,1,29,29,0,match
1qaamof,1,29,29,0,match
1qaamv2,1,29,29,0,match
1qaankx,1,29,29,0,match
1qaaog8,1,29,29,0,match
1qaaoib,1,29,29,0,match
1qaaomf,1,29,29,0,match
1qaaosd,1,29,29,0,match
1qaap3k,1,29,29,0,match
1qaap59,1,29,29,0,match
1qaap62,1,29,29,0,match
1qaapjk,1,12,12,0,match
1qaapno,1,26,26,0,match
1qaapsb,1,1,1,0,match
1qaapts,1,29,29,0,match
1qaaq78,1,28,28,0,match
1qaaqca,1,28,28,0,match
1qaaqh0,1,28,28,0,match
1qaaqoi,1,6,6,0,match
1qaar1y,1,28,28,0,match
1qaarf4,1,28,28,0,match
1qaassv,1,7,7,0,match
1qaassw,1,29,29,0,match
1qaaswk,1,29,29,0,match
1qaasx4,1,29,29,0,match
1qaat01,1,29,29,0,match
1qaat4t,1,29,29,0,match
1qaat7z,1,29,29,0,match
1qaatm0,1,29,29,0,match
1qaaub8,1,29,29,0,match
1qaauen,1,29,29,0,match
1qaausz,1,29,29,0,match
1qaavbt,1,1,1,0,match
1qaavka,1,29,29,0,match
1qaavwq,1,29,29,0,match
1qaaxhx,1,1,1,0,match
1qaayoy,1,29,29,0,match
1qaaz0b,1,29,29,0,match
1qaaz69,1,29,29,0,match
1qaazaa,1,29,29,0,match
1qaazao,1,29,29,0,match
1qaazzc,1,29,29,0,match
1qab0qk,1,29,29,0,match
1qab3o3,1,29,29,0,match
1qab3w1,1,28,28,0,match
1qab57q,1,28,28,0,match
1qab58h,1,28,28,0,match
1qab5bt,1,28,28,0,match
1qab606,1,3,3,0,match
1qab60u,1,28,28,0,match
1qab6fp,1,28,28,0,match
1qab6m2,1,28,28,0,match
1qab6vd,1,1,1,0,match
1qab7da,1,28,28,0,match
1qab7l5,1,28,28,0,match
1qab7si,1,28,28,0,match
1qab83i,1,29,29,0,match
1qab98w,1,29,29,0,match
1qab9lv,1,29,29,0,match
1qab9od,1,1,1,0,match
1qab9v4,1,29,29,0,match
1qaba0z,1,29,29,0,match
1qabb7t,1,29,29,0,match
1qabbnt,1,19,19,0,match
1qabbws,1,29,29,0,match
1qabc5m,1,29,29,0,match
1qabdhg,1,29,29,0,match
1qabdky,1,29,29,0,match
1qabdrm,1,29,29,0,match
1qabe51,1,29,29,0,match
1qabe93,1,29,29,0,match
1qabeku,1,5,5,0,match
1qabff5,1,29,29,0,match
1qabfsu,1,29,29,0,match
1qabg63,1,29,29,0,match
1qabg6k,1,29,29,0,match
1qabgau,1,5,5,0,match
1qabgwi,1,29,29,0,match
1qabgwx,1,29,29,0,match
1qabhax,1,29,29,0,match
1qabhd2,1,29,29,0,match
1qabhib,1,1,1,0,match
1qabi1q,1,29,29,0,match
1qabi6q,1,29,29,0,match
1qabiiq,1,28,28,0,match
1qabiky,1,4,4,0,match
1qabiwn,1,28,28,0,match
1qabj1s,1,28,28,0,match
1qabjbj,1,4,4,0,match
1qabjk7,1,28,28,0,match
1qabjnp,1,28,28,0,match
1qabkbp,1,28,28,0,match
1qabkgd,1,29,29,0,match
1qabm3l,1,29,29,0,match
1qabm53,1,29,29,0,match
1qabm6i,1,29,29,0,match
1qabmet,1,29,29,0,match
1qabmpw,1,29,29,0,match
1qabmyb,1,29,29,0,match
1qabn0s,1,29,29,0,match
1qabn3n,1,29,29,0,match
1qabnps,1,29,29,0,match
1qabnre,1,29,29,0,match
1qabnue,1,29,29,0,match
1qabnum,1,4,4,0,match
1qabnvl,1,29,29,0,match
1qabnwx,1,1,1,0,match
1qabo3a,1,1,1,0,match
1qabot8,1,29,29,0,match
1qaboy8,1,29,29,0,match
1qabqay,1,29,29,0,match
1qabraj,1,29,29,0,match
1qabrp0,1,3,3,0,match
1qabs32,1,29,29,0,match
1qabslg,1,29,29,0,match
1qabsqx,1,30,30,0,match
1qabt38,1,30,30,0,match
1qabtwz,1,24,24,0,match
1qabu8n,1,30,30,0,match
1qabuew,1,30,30,0,match
1qabul9,1,1,1,0,match
1qabuum,1,30,30,0,match
1qabvh4,1,30,30,0,match
1qabvp9,1,1,1,0,match
1qabvyb,1,30,30,0,match
1qabwc7,1,30,30,0,match
1qabwc9,1,3,3,0,match
1qabwu6,1,29,29,0,match
1qabxd4,1,29,29,0,match
1qabxmz,1,13,13,0,match
1qabysp,1,29,29,0,match
1qabz9q,1,22,22,0,match
1qabzbt,1,3,3,0,match
1qabzhg,1,29,29,0,match
1qac0op,1,29,29,0,match
1qac0uc,1,29,29,0,match
1qac0xf,1,29,29,0,match
1qac129,1,29,29,0,match
1qac166,1,29,29,0,match
1qac1gb,1,29,29,0,match
1qac1v0,1,29,29,0,match
1qac282,1,3,3,0,match
1qac3fi,1,3,3,0,match
1qac3g3,1,8,8,0,match
1qac3l4,1,29,29,0,match
1qac4h7,1,8,8,0,match
1qac4uj,1,29,29,0,match
1qac4wj,1,1,1,0,match
1qac52y,1,29,29,0,match
1qac54x,1,29,29,0,match
1qac57o,1,29,29,0,match
1qac597,1,29,29,0,match
1qac5do,1,29,29,0,match
1qac60j,1,29,29,0,match
1qac6qy,1,29,29,0,match
1qac6rm,1,29,29,0,match
1qac6rn,1,29,29,0,match
1qac7n5,1,29,29,0,match
1qac7tp,1,29,29,0,match
1qac824,1,30,30,0,match
1qac8dz,1,30,30,0,match
1qac8el,1,30,30,0,match
1qac8ug,1,30,30,0,match
1qac8vn,1,30,30,0,match
1qac8vr,1,30,30,0,match
1qac973,1,30,30,0,match
1qac9b1,1,30,30,0,match
1qac9di,1,30,30,0,match
1qac9ox,1,30,30,0,match
1qac9sr,1,31,31,0,match
1qacaqr,1,30,30,0,match
1qacb0l,1,30,30,0,match
1qacbc4,1,30,30,0,match
1qacc3i,1,3,3,0,match
1qacc5w,1,30,30,0,match
1qacc9j,1,30,30,0,match
1qaccjg,1,30,30,0,match
1qaccwa,1,30,30,0,match
1qacdes,1,30,30,0,match
1qace82,1,1,1,0,match
1qacele,1,15,15,0,match
1qacemd,1,2,2,0,match
1qaceog,1,30,30,0,match
1qacezw,1,30,30,0,match
1qacf4z,1,30,30,0,match
1qacf56,1,30,30,0,match
1qacfl8,1,30,30,0,match
1qacg91,1,30,30,0,match
1qach2c,1,1,1,0,match
1qach37,1,30,30,0,match
1qach7w,1,30,30,0,match
1qachnn,1,30,30,0,match
1qachrz,1,30,30,0,match
1qacigr,1,30,30,0,match
1qacijz,1,30,30,0,match
1qacjjc,1,30,30,0,match
1qacjrt,1,6,6,0,match
1qacjt5,1,30,30,0,match
1qackiw,1,30,30,0,match
1qacleg,1,30,30,0,match
1qaclgf,1,31,31,0,match
1qacloj,1,31,31,0,match
1qaclwh,1,31,31,0,match
1qacmcf,1,31,31,0,match
1qacmcy,1,31,31,0,match
1qacmfg,1,8,8,0,match
1qacn27,1,31,31,0,match
1qacn2b,1,31,31,0,match
1qacnax,1,31,31,0,match
1qacngm,1,31,31,0,match
1qacnmf,1,31,31,0,match
1qacnw4,1,31,31,0,match
1qacoxk,1,17,17,0,match
1qacp2e,1,30,30,0,match
1qacp5s,1,30,30,0,match
1qacpd5,1,30,30,0,match
1qacq3e,1,30,30,0,match
1qacq48,1,30,30,0,match
1qacqad,1,30,30,0,match
1qacqbe,1,30,30,0,match
1qacqxf,1,30,30,0,match
1qacrjg,1,21,21,0,match
1qacsei,1,30,30,0,match
1qacsng,1,30,30,0,match
1qact1v,1,3,3,0,match
1qactaw,1,30,30,0,match
1qactnp,1,30,30,0,match
1qacu19,1,30,30,0,match
1qacu34,1,1,1,0,match
1qacu9s,1,30,30,0,match
1qacuby,1,30,30,0,match
1qacudv,1,30,30,0,match
1qacuq7,1,30,30,0,match
1qacuvm,1,30,30,0,match
1qacv05,1,31,31,0,match
1qacvus,1,31,31,0,match
1qacvx5,1,31,31,0,match
1qacw5m,1,1,1,0,match
1qacw5z,1,11,11,0,match
1qacwlp,1,31,31,0,match
1qacxjz,1,4,4,0,match
1qacxoj,1,31,31,0,match
1qacxq6,1,31,31,0,match
1qacxwy,1,31,31,0,match
1qacy1e,1,31,31,0,match
1qacy44,1,6,6,0,match
1qacyju,1,31,31,0,match
1qacz1q,1,31,31,0,match
1qacz2f,1,31,31,0,match
1qaczkv,1,8,8,0,match
1qad02q,1,31,31,0,match
1qad115,1,31,31,0,match
1qad1sq,1,31,31,0,match
1qad2ss,1,30,30,0,match
1qad2x2,1,31,31,0,match
1qad337,1,31,31,0,match
1qad3bt,1,31,31,0,match
1qad3cq,1,31,31,0,match
1qad3hx,1,31,31,0,match
1qad3qg,1,31,31,0,match
1qad3sk,1,31,31,0,match
1qad4z5,1,31,31,0,match
1qad5b6,1,31,31,0,match
1qad5bs,1,31,31,0,match
1qad5fb,1,31,31,0,match
1qad5tn,1,31,31,0,match
1qad6do,1,3,3,0,match
1qad6nv,1,31,31,0,match
1qad6um,1,31,31,0,match
1qad73e,1,31,31,0,match
1qad7ok,1,31,31,0,match
1qad7td,1,31,31,0,match
1qad81v,1,7,7,0,match
1qad8wp,1,31,31,0,match
1qad96c,1,4,4,0,match
1qad9l3,1,31,31,0,match
1qad9qp,1,31,31,0,match
1qadaal,1,32,32,0,match
1qadbcv,1,32,32,0,match
1qadbtv,1,32,32,0,match
1qadcmz,1,32,32,0,match
1qaddrd,1,32,32,0,match
1qadewc,1,6,6,0,match
1qadez3,1,32,32,0,match
1qadfbn,1,32,32,0,match
1qadfpz,1,32,32,0,match
1qadfq6,1,32,32,0,match
1qadg4i,1,31,31,0,match
1qadgal,1,31,31,0,match
1qadgqt,1,31,31,0,match
1qadhdx,1,31,31,0,match
1qadibu,1,31,31,0,match
1qadifu,1,31,31,0,match
1qadix2,1,31,31,0,match
1qadj45,1,31,31,0,match
1qadjhq,1,31,31,0,match
1qadjpw,1,31,31,0,match
1qadk6z,1,31,31,0,match
1qadloc,1,21,21,0,match
1qadltj,1,31,31,0,match
1qadlvg,1,1,1,0,match
1qadnvi,1,31,31,0,match
1qadnyb,1,1,1,0,match
1qado0r,1,31,31,0,match
1qado5l,1,31,31,0,match
1qado64,1,31,31,0,match
1qado9b,1,31,31,0,match
1qadobp,1,31,31,0,match
1qadotl,1,31,31,0,match
1qadoyd,1,31,31,0,match
1qadp07,1,31,31,0,match
1qadpnt,1,1,1,0,match
1qadpoz,1,31,31,0,match
1qadqii,1,31,31,0,match
1qadqrc,1,31,31,0,match
1qadr2l,1,31,31,0,match
1qadsk4,1,31,31,0,match
1qadsl2,1,32,32,0,match
1qadspd,1,32,32,0,match
1qadu7c,1,31,31,0,match
1qadulk,1,31,31,0,match
1qaduyu,1,31,31,0,match
1qadv68,1,31,31,0,match
1qadv6f,1,31,31,0,match
1qadwhl,1,31,31,0,match
1qadx7b,1,31,31,0,match
1qadxdo,1,31,31,0,match
1qady2m,1,31,31,0,match
1qady3t,1,31,31,0,match
1qadycw,1,31,31,0,match
1qadymg,1,31,31,0,match
1qadyo4,1,31,31,0,match
1qadz83,1,31,31,0,match
1qadzpd,1,31,31,0,match
1qae017,1,31,31,0,match
1qae0bj,1,31,31,0,match
1qae0ee,1,10,10,0,match
1qae0i0,1,31,31,0,match
1qae0vz,1,31,31,0,match
1qae12a,1,1,1,0,match
1qae1i6,1,28,28,0,match
1qae1nu,1,2,2,0,match
1qae1tq,1,24,24,0,match
1qae1tt,1,31,31,0,match
1qae1vt,1,31,31,0,match
1qae29i,1,31,31,0,match
1qae2ba,1,31,31,0,match
1qae2cv,1,31,31,0,match
1qae2n3,1,31,31,0,match
1qae3bl,1,31,31,0,match
1qae3sz,1,31,31,0,match
1qae3xk,1,31,31,0,match
1qae49v,1,31,31,0,match
1qae4i4,1,31,31,0,match
1qae4lp,1,31,31,0,match
1qae5ak,1,31,31,0,match
1qae5kl,1,31,31,0,match
1qae6bm,1,31,31,0,match
1qae6g4,1,20,20,0,match
1qae6pa,1,31,31,0,match
1qae76y,1,31,31,0,match
1qae7ne,1,30,30,0,match
1qae7un,1,31,31,0,match
1qae86o,1,31,31,0,match
1qae8nh,1,31,31,0,match
1qae8p0,1,31,31,0,match
1qae910,1,31,31,0,match
1qae993,1,31,31,0,match
1qae9z4,1,31,31,0,match
1qaea96,1,31,31,0,match
1qaeabi,1,31,31,0,match
1qaebl3,1,31,31,0,match
1qaebp9,1,31,31,0,match
1qaebs6,1,31,31,0,match
1qaebyz,1,31,31,0,match
1qaec3b,1,31,31,0,match
1qaec5f,1,31,31,0,match
1qaeck4,1,31,31,0,match
1qaeclk,1,31,31,0,match
1qaeddi,1,31,31,0,match
1qaedea,1,31,31,0,match
1qaedec,1,31,31,0,match
1qaee0q,1,31,31,0,match
1qaeen2,1,31,31,0,match
1qaefpk,1,31,31,0,match
1qaefv9,1,31,31,0,match
1qaegnt,1,31,31,0,match
1qaegq5,1,31,31,0,match
1qaei31,1,31,31,0,match
1qaeipq,1,31,31,0,match
1qaeirl,1,7,7,0,match
1qaejsl,1,31,31,0,match
1qaeju2,1,31,31,0,match
1qaejyr,1,31,31,0,match
1qaek60,1,31,31,0,match
1qaek73,1,31,31,0,match
1qaek7a,1,31,31,0,match
1qaekd0,1,18,18,0,match
1qaekdk,1,31,31,0,match
1qaekk0,1,31,31,0,match
1qaekne,1,31,31,0,match
1qaekp7,1,31,31,0,match
1qaelwb,1,30,30,0,match
1qaem29,1,30,30,0,match
1qaemdb,1,30,30,0,match
1qaemvg,1,30,30,0,match
1qaemxl,1,30,30,0,match
1qaeniy,1,30,30,0,match
1qaensj,1,31,31,0,match
1qaeoej,1,31,31,0,match
1qaeofk,1,31,31,0,match
1qaeowr,1,31,31,0,match
1qaepco,1,31,31,0,match
1qaeph2,1,31,31,0,match
1qaepqi,1,31,31,0,match
1qaepr0,1,31,31,0,match
1qaepzm,1,31,31,0,match
1qaeqa1,1,1,1,0,match
1qaer2r,1,31,31,0,match
1qaeris,1,31,31,0,match
1qaerss,1,31,31,0,match
1qaes6a,1,31,31,0,match
1qaes94,1,10,10,0,match
1qaesaw,1,31,31,0,match
1qaeszz,1,31,31,0,match
1qaetdz,1,31,31,0,match
1qaeucj,1,31,31,0,match
1qaeuk6,1,31,31,0,match
1qaevtz,1,31,31,0,match
1qaevu9,1,31,31,0,match
1qaewoi,1,31,31,0,match
1qaexn6,1,31,31,0,match
1qaexq5,1,30,30,0,match
1qaextz,1,22,22,0,match
1qaexug,1,30,30,0,match
1qaeyle,1,30,30,0,match
1qaeym3,1,30,30,0,match
1qaeyvq,1,30,30,0,match
1qaezxm,1,30,30,0,match
1qaf0w6,1,31,31,0,match
1qaf0w8,1,31,31,0,match
1qaf0yv,1,18,18,0,match
1qaf122,1,14,14,0,match
1qaf1in,1,31,31,0,match
1qaf1jv,1,31,31,0,match
1qaf25o,1,31,31,0,match
1qaf27l,1,31,31,0,match
1qaf2ch,1,31,31,0,match
1qaf2hk,1,31,31,0,match
1qaf2yk,1,31,31,0,match
1qaf31d,1,24,24,0,match
1qaf354,1,31,31,0,match
1qaf3ke,1,31,31,0,match
1qaf42v,1,31,31,0,match
1qaf49k,1,31,31,0,match
1qaf4fa,1,12,12,0,match
1qaf4nw,1,31,31,0,match
1qaf4t8,1,31,31,0,match
1qaf5b3,1,31,31,0,match
1qaf5ds,1,31,31,0,match
1qaf5uc,1,31,31,0,match
1qaf6p4,1,31,31,0,match
1qaf6wi,1,31,31,0,match
1qaf736,1,31,31,0,match
1qaf8b3,1,31,31,0,match
1qaf8hk,1,31,31,0,match
1qaf8nw,1,3,3,0,match
1qaf93o,1,31,31,0,match
1qaf93q,1,32,32,0,match
1qaf9a7,1,32,32,0,match
1qaf9nm,1,24,24,0,match
1qaf9ui,1,32,32,0,match
1qaf9zj,1,32,32,0,match
1qafalg,1,31,31,0,match
1qafanq,1,31,31,0,match
1qafazy,1,31,31,0,match
1qafb3t,1,31,31,0,match
1qafbbu,1,31,31,0,match
1qafbdg,1,5,5,0,match
1qafbli,1,31,31,0,match
1qafc4c,1,31,31,0,match
1qafcpd,1,31,31,0,match
1qafd0x,1,31,31,0,match
1qafdcq,1,31,31,0,match
1qafdnz,1,31,31,0,match
1qafdq8,1,24,24,0,match
1qafe0x,1,31,31,0,match
1qafe17,1,31,31,0,match
1qaff58,1,2,2,0,match
1qaffcd,1,30,30,0,match
1qaffdk,1,31,31,0,match
1qaffns,1,31,31,0,match
1qaffpa,1,31,31,0,match
1qaffyo,1,32,32,0,match
1qafg96,1,32,32,0,match
1qafh9g,1,32,32,0,match
1qafhgl,1,32,32,0,match
1qafhr3,1,32,32,0,match
1qafi88,1,7,7,0,match
1qafj19,1,32,32,0,match
1qafj20,1,32,32,0,match
1qafj82,1,32,32,0,match
1qafjaz,1,32,32,0,match
1qafjww,1,2,2,0,match
1qafjxn,1,32,32,0,match
1qafk6g,1,32,32,0,match
1qafkbn,1,32,32,0,match
1qafkjn,1,32,32,0,match
1qafkwl,1,13,13,0,match
1qafl2p,1,32,32,0,match
1qafla3,1,9,9,0,match
1qaflaa,1,32,32,0,match
1qaflt0,1,32,32,0,match
1qafltc,1,2,2,0,match
1qafmah,1,32,32,0,match
1qafmfg,1,32,32,0,match
1qafmgx,1,32,32,0,match
1qafmm4,1,32,32,0,match
1qafnb0,1,32,32,0,match
1qafnu5,1,31,31,0,match
1qafof9,1,32,32,0,match
1qafok4,1,32,32,0,match
1qafpk4,1,32,32,0,match
1qafpya,1,32,32,0,match
1qafq0j,1,32,32,0,match
1qafqi2,1,32,32,0,match
1qafqkr,1,32,32,0,match
1qafqzk,1,32,32,0,match
1qafrdl,1,32,32,0,match
1qafrf1,1,32,32,0,match
1qafrkj,1,32,32,0,match
1qafrp7,1,32,32,0,match
1qafrqb,1,32,32,0,match
1qafrqv,1,32,32,0,match
1qafrzy,1,27,27,0,match
1qafs37,1,32,32,0,match
1qafsjh,1,1,1,0,match
1qafsqx,1,32,32,0,match
1qaft09,1,32,32,0,match
1qaft6q,1,32,32,0,match
1qaft7x,1,12,12,0,match
1qaftce,1,32,32,0,match
1qaftmx,1,32,32,0,match
1qafuax,1,32,32,0,match
1qafuic,1,33,33,0,match
1qafulp,1,33,33,0,match
1qafv0e,1,33,33,0,match
1qafvci,1,33,33,0,match
1qafx5v,1,33,33,0,match
1qafx76,1,33,33,0,match
1qafxit,1,33,33,0,match
1qafxls,1,33,33,0,match
1qafy9a,1,33,33,0,match
1qafyl8,1,33,33,0,match
1qafz7l,1,33,33,0,match
1qafzei,1,33,33,0,match
1qafzhb,1,33,33,0,match
1qag04s,1,32,32,0,match
1qag08k,1,32,32,0,match
1qag0s8,1,32,32,0,match
1qag0t5,1,32,32,0,match
1qag1cl,1,32,32,0,match
1qag1db,1,32,32,0,match
1qag1od,1,32,32,0,match
1qag1yg,1,32,32,0,match
1qag20p,1,33,33,0,match
1qag24k,1,33,33,0,match
1qag32f,1,33,33,0,match
1qag3qj,1,33,33,0,match
1qag3qk,1,4,4,0,match
1qag3uc,1,33,33,0,match
1qag59x,1,33,33,0,match
1qag5s2,1,33,33,0,match
1qag6qv,1,33,33,0,match
1qag6ua,1,8,8,0,match
1qag71v,1,1,1,0,match
1qag79e,1,33,33,0,match
1qag7n1,1,33,33,0,match
1qag8bc,1,33,33,0,match
1qag8f8,1,33,33,0,match
1qag8q5,1,33,33,0,match
1qag9uf,1,33,33,0,match
1qaga5e,1,4,4,0,match
1qagafu,1,33,33,0,match
1qagaq5,1,33,33,0,match
1qagb0i,1,33,33,0,match
1qagb2e,1,1,1,0,match
1qagb8j,1,33,33,0,match
1qagbly,1,1,1,0,match
1qagbtj,1,34,34,0,match
1qagchj,1,34,34,0,match
1qagedv,1,2,2,0,match
1qagexx,1,33,33,0,match
1qagf1n,1,33,33,0,match
1qagfuz,1,33,33,0,match
1qaggpb,1,33,33,0,match
1qaggrr,1,33,33,0,match
1qagh5n,1,33,33,0,match
1qaghi7,1,2,2,0,match
1qagho4,1,33,33,0,match
1qagibi,1,33,33,0,match
1qagign,1,33,33,0,match
1qagj1y,1,33,33,0,match
1qagj62,1,33,33,0,match
1qagkq3,1,33,33,0,match
1qagkt1,1,33,33,0,match
1qagkzo,1,33,33,0,match
1qagllq,1,33,33,0,match
1qaglq0,1,33,33,0,match
1qaglug,1,33,33,0,match
1qaglwp,1,4,4,0,match
1qagm0f,1,33,33,0,match
1qagm95,1,33,33,0,match
1qagmwp,1,33,33,0,match
1qagmzw,1,33,33,0,match
1qagn42,1,2,2,0,match
1qagp55,1,2,2,0,match
1qagptf,1,33,33,0,match
1qagpuk,1,33,33,0,match
1qagpzy,1,33,33,0,match
1qagq1y,1,33,33,0,match
1qagqem,1,33,33,0,match
1qagqot,1,3,3,0,match
1qagqpn,1,33,33,0,match
1qagr8i,1,33,33,0,match
1qagrro,1,33,33,0,match
1qagrtj,1,33,33,0,match
1qagrv7,1,10,10,0,match
1qaguc1,1,33,33,0,match
1qague7,1,33,33,0,match
1qagufk,1,33,33,0,match
1qaguhc,1,33,33,0,match
1qagult,1,33,33,0,match
1qagup2,1,33,33,0,match
1qagvve,1,33,33,0,match
1qagvzc,1,33,33,0,match
1qagw7y,1,33,33,0,match
1qagwek,1,33,33,0,match
1qagxyh,1,33,33,0,match
1qagy0j,1,33,33,0,match
1qagy4z,1,33,33,0,match
1qagydj,1,1,1,0,match
1qagzkb,1,33,33,0,match
1qagzm9,1,6,6,0,match
1qagzok,1,34,34,0,match
1qah09r,1,34,34,0,match
1qah0f1,1,34,34,0,match
1qah0gc,1,34,34,0,match
1qah0n9,1,34,34,0,match
1qah0u2,1,34,34,0,match
1qah16x,1,9,9,0,match
1qah18h,1,34,34,0,match
1qah28l,1,34,34,0,match
1qah29d,1,5,5,0,match
1qah2hh,1,34,34,0,match
1qah2s3,1,33,33,0,match
1qah35b,1,33,33,0,match
1qah3cp,1,33,33,0,match
1qah451,1,1,1,0,match
1qah4gy,1,33,33,0,match
1qah4pu,1,33,33,0,match
1qah4tc,1,33,33,0,match
1qah5cy,1,33,33,0,match
1qah5n6,1,33,33,0,match
1qah5nq,1,33,33,0,match
1qah5q5,1,33,33,0,match
1qah5s8,1,33,33,0,match
1qah5tc,1,33,33,0,match
1qah66o,1,32,32,0,match
1qah6xh,1,33,33,0,match
1qah75u,1,34,34,0,match
1qah7ws,1,12,12,0,match
1qah823,1,34,34,0,match
1qah86a,1,34,34,0,match
1qah8g9,1,34,34,0,match
1qah9vq,1,34,34,0,match
1qah9zl,1,5,5,0,match
1qahajd,1,34,34,0,match
1qahao9,1,34,34,0,match
1qahaty,1,34,34,0,match
1qahaw8,1,34,34,0,match
1qahawq,1,34,34,0,match
1qahcjm,1,34,34,0,match
1qahd0l,1,34,34,0,match
1qahd2a,1,34,34,0,match
1qahd6f,1,34,34,0,match
1qahdcy,1,34,34,0,match
1qahdfj,1,34,34,0,match
1qahe0t,1,1,1,0,match
1qahe5v,1,1,1,0,match
1qahe65,1,34,34,0,match
1qahe7s,1,34,34,0,match
1qahe7x,1,34,34,0,match
1qahegz,1,35,35,0,match
1qahehn,1,35,35,0,match
1qahem8,1,1,1,0,match
1qahf2q,1,22,22,0,match
1qahfm4,1,34,34,0,match
1qahfph,1,34,34,0,match
1qahfro,1,34,34,0,match
1qahfry,1,34,34,0,match
1qahg0q,1,3,3,0,match
1qahgfq,1,34,34,0,match
1qahgn7,1,34,34,0,match
1qahgph,1,34,34,0,match
1qahgud,1,34,34,0,match
1qahh3a,1,34,34,0,match
1qahh8p,1,34,34,0,match
1qahh96,1,34,34,0,match
1qahhs6,1,34,34,0,match
1qahinh,1,34,34,0,match
1qahit3,1,34,34,0,match
1qahk56,1,35,35,0,match
1qahkck,1,35,35,0,match
1qahkj6,1,35,35,0,match
1qahklp,1,35,35,0,match
1qahkn0,1,35,35,0,match
1qahkvm,1,35,35,0,match
1qahl2i,1,35,35,0,match
1qahl3j,1,35,35,0,match
1qahlr1,1,11,11,0,match
1qahltq,1,35,35,0,match
1qahmfl,1,35,35,0,match
1qahmt3,1,35,35,0,match
1qahmut,1,2,2,0,match
1qahmx1,1,3,3,0,match
1qahn1z,1,35,35,0,match
1qahnbu,1,35,35,0,match
1qahneb,1,14,14,0,match
1qahnka,1,35,35,0,match
1qahnsq,1,35,35,0,match
1qahoba,1,35,35,0,match
1qahoga,1,35,35,0,match
1qahohj,1,35,35,0,match
1qahoni,1,35,35,0,match
1qahooa,1,29,29,0,match
1qahos6,1,35,35,0,match
1qahp8e,1,35,35,0,match
1qahpmz,1,35,35,0,match
1qahprs,1,35,35,0,match
1qahq2t,1,35,35,0,match
1qahq6c,1,36,36,0,match
1qahqe1,1,36,36,0,match
1qahqjj,1,36,36,0,match
1qahqvm,1,36,36,0,match
1qahqzb,1,36,36,0,match
1qahr4h,1,9,9,0,match
1qahr9x,1,36,36,0,match
1qahrsi,1,35,35,0,match
1qahs33,1,35,35,0,match
1qahsfh,1,26,26,0,match
1qahssv,1,35,35,0,match
1qahtfq,1,35,35,0,match
1qahtrd,1,35,35,0,match
1qahuk2,1,35,35,0,match
1qahuxn,1,35,35,0,match
1qahv9p,1,35,35,0,match
1qahvjf,1,35,35,0,match
1qahvqd,1,1,1,0,match
1qahvqp,1,12,12,0,match
1qahvsm,1,35,35,0,match
1qahwhc,1,35,35,0,match
1qahwkn,1,35,35,0,match
1qahwlq,1,35,35,0,match
1qahyrn,1,35,35,0,match
1qahz8p,1,35,35,0,match
1qahzen,1,35,35,0,match
1qahzok,1,35,35,0,match
1qai08a,1,35,35,0,match
1qai0ey,1,35,35,0,match
1qai0iq,1,35,35,0,match
1qai1pw,1,36,36,0,match
1qai2ds,1,36,36,0,match
1qai2y2,1,36,36,0,match
1qai2z6,1,36,36,0,match
1qai366,1,36,36,0,match
1qai3fh,1,1,1,0,match
1qai3y1,1,35,35,0,match
1qai3yb,1,35,35,0,match
1qai455,1,35,35,0,match
1qai45w,1,35,35,0,match
1qai4ce,1,35,35,0,match
1qai4dm,1,35,35,0,match
1qai4iu,1,35,35,0,match
1qai4o5,1,35,35,0,match
1qai4qp,1,1,1,0,match
1qai4yu,1,35,35,0,match
1qai50k,1,35,35,0,match
1qai50u,1,35,35,0,match
1qai5jy,1,35,35,0,match
1qai5sq,1,35,35,0,match
1qai6ea,1,35,35,0,match
1qai6f7,1,35,35,0,match
1qai6ig,1,2,2,0,match
1qai7fw,1,35,35,0,match
1qai8eq,1,35,35,0,match
1qai8w2,1,35,35,0,match
1qai928,1,36,36,0,match
1qai9dp,1,36,36,0,match
1qai9x2,1,36,36,0,match
1qai9zp,1,36,36,0,match
1qaia5h,1,36,36,0,match
1qaiana,1,36,36,0,match
1qaiawu,1,36,36,0,match
1qaibp9,1,36,36,0,match
1qaibxk,1,36,36,0,match
1qaicdh,1,36,36,0,match
1qaicon,1,36,36,0,match
1qaie8q,1,2,2,0,match
1qaif61,1,36,36,0,match
1qaiffx,1,36,36,0,match
1qaifih,1,36,36,0,match
1qaifkd,1,36,36,0,match
1qaifoc,1,36,36,0,match
1qaig4u,1,35,35,0,match
1qaigq1,1,35,35,0,match
1qaigvv,1,1,1,0,match
1qaigwt,1,28,28,0,match
1qaih20,1,35,35,0,match
1qaih85,1,35,35,0,match
1qaii5k,1,4,4,0,match
1qaiiv9,1,35,35,0,match
1qaijaz,1,35,35,0,match
1qaijir,1,35,35,0,match
1qaik2y,1,5,5,0,match
1qail74,1,36,36,0,match
1qaim85,1,36,36,0,match
1qaimyb,1,36,36,0,match
1qain5q,1,36,36,0,match
1qainab,1,36,36,0,match
1qainbt,1,36,36,0,match
1qaipga,1,36,36,0,match
1qaiq1v,1,36,36,0,match
1qaiqho,1,36,36,0,match
1qaiqpn,1,36,36,0,match
1qaiqvj,1,36,36,0,match
1qair27,1,36,36,0,match
1qair7y,1,36,36,0,match
1qairkp,1,4,4,0,match
1qaisqk,1,35,35,0,match
1qaisut,1,1,1,0,match
1qaisxu,1,35,35,0,match
1qait4x,1,1,1,0,match
1qaitjg,1,35,35,0,match
1qaitoa,1,35,35,0,match
1qaitou,1,35,35,0,match
1qaitzy,1,35,35,0,match
1qaiub2,1,35,35,0,match
1qaiugj,1,35,35,0,match
1qaiumg,1,35,35,0,match
1qaiup4,1,35,35,0,match
1qaiuqq,1,35,35,0,match
1qaiv1v,1,1,1,0,match
1qaivh7,1,35,35,0,match
1qaivj8,1,2,2,0,match
1qaivm6,1,35,35,0,match
1qaivrq,1,35,35,0,match
1qaivuz,1,36,36,0,match
1qaiwy5,1,36,36,0,match
1qaix0o,1,36,36,0,match
1qaiy7z,1,36,36,0,match
1qaiyc8,1,36,36,0,match
1qaiycv,1,36,36,0,match
1qaiymw,1,36,36,0,match
1qaiyqf,1,36,36,0,match
1qaiyun,1,36,36,0,match
1qaiywq,1,36,36,0,match
1qaizmv,1,36,36,0,match
1qaizp6,1,36,36,0,match
1qaizpl,1,36,36,0,match
1qaizq5,1,11,11,0,match
1qaizqk,1,36,36,0,match
1qaizrt,1,37,37,0,match
1qaizvj,1,37,37,0,match
1qaj047,1,37,37,0,match
1qaj04k,1,37,37,0,match
1qaj04u,1,36,36,0,match
1qaj0ab,1,37,37,0,match
1qaj0aj,1,37,37,0,match
1qaj0on,1,2,2,0,match
1qaj153,1,37,37,0,match
1qaj1cq,1,4,4,0,match
1qaj1d7,1,37,37,0,match
1qaj1ko,1,37,37,0,match
1qaj1nr,1,37,37,0,match
1qaj1pz,1,1,1,0,match
1qaj1wq,1,37,37,0,match
1qaj1y6,1,29,29,0,match
1qaj24e,1,37,37,0,match
1qaj26h,1,37,37,0,match
1qaj2a2,1,37,37,0,match
1qaj2fw,1,37,37,0,match
1qaj2gu,1,37,37,0,match
1qaj2hf,1,4,4,0,match
1qaj2p8,1,37,37,0,match
1qaj3xn,1,10,10,0,match
1qaj3z4,1,36,36,0,match
1qaj4e6,1,36,36,0,match
1qaj4y5,1,36,36,0,match
1qaj5bw,1,36,36,0,match
1qaj5gy,1,36,36,0,match
1qaj5qb,1,2,2,0,match
1qaj5x6,1,36,36,0,match
1qaj668,1,36,36,0,match
1qaj6h5,1,36,36,0,match
1qaj6nv,1,36,36,0,match
1qaj6r9,1,2,2,0,match
1qaj6zd,1,36,36,0,match
1qaj7j6,1,36,36,0,match
1qaj7m3,1,36,36,0,match
1qaj7ns,1,36,36,0,match
1qaj7zy,1,36,36,0,match
1qaj8ht,1,36,36,0,match
1qaj8t1,1,6,6,0,match
1qaj8v5,1,36,36,0,match
1qaj8ye,1,12,12,0,match
1qaj91q,1,36,36,0,match
1qaj94y,1,1,1,0,match
1qaj967,1,36,36,0,match
1qaj9o2,1,36,36,0,match
1qaj9uh,1,7,7,0,match
1qaj9wm,1,1,1,0,match
1qajafr,1,36,36,0,match
1qajahh,1,36,36,0,match
1qajaks,1,36,36,0,match
1qajb4m,1,36,36,0,match
1qajb7l,1,36,36,0,match
1qajbta,1,36,36,0,match
1qajc2s,1,10,10,0,match
1qajczj,1,36,36,0,match
1qajd04,1,36,36,0,match
1qajd6z,1,36,36,0,match
1qajdcu,1,36,36,0,match
1qajdgn,1,36,36,0,match
1qajdib,1,36,36,0,match
1qajdxr,1,36,36,0,match
1qajedk,1,36,36,0,match
1qajef3,1,12,12,0,match
1qajegj,1,36,36,0,match
1qajej6,1,36,36,0,match
1qajelz,1,36,36,0,match
1qajeuv,1,36,36,0,match
1qajf90,1,36,36,0,match
1qajfcb,1,36,36,0,match
1qajfm0,1,2,2,0,match
1qajfp7,1,36,36,0,match
1qajg3p,1,35,35,0,match
1qajg4z,1,35,35,0,match
1qajg7g,1,35,35,0,match
1qajgee,1,35,35,0,match
1qajgqn,1,35,35,0,match
1qajgwe,1,35,35,0,match
1qajh4c,1,35,35,0,match
1qajhmk,1,35,35,0,match
1qaji0d,1,35,35,0,match
1qaji3p,1,35,35,0,match
1qajia4,1,35,35,0,match
1qajink,1,35,35,0,match
1qajip8,1,9,9,0,match
1qajj87,1,35,35,0,match
1qajj9c,1,35,35,0,match
1qajjic,1,1,1,0,match
1qajjn9,1,35,35,0,match
1qajjnd,1,35,35,0,match
1qajjth,1,35,35,0,match
1qajjtj,1,35,35,0,match
1qajk20,1,35,35,0,match
1qajk64,1,35,35,0,match
1qajkd5,1,1,1,0,match
1qajko9,1,35,35,0,match
1qajkpl,1,35,35,0,match
1qajkvx,1,35,35,0,match
1qajl3d,1,35,35,0,match
1qajl7a,1,35,35,0,match
1qajl8b,1,35,35,0,match
1qajld5,1,35,35,0,match
1qajlwr,1,35,35,0,match
1qajmd9,1,35,35,0,match
1qajme1,1,35,35,0,match
1qajmhw,1,35,35,0,match
1qajngt,1,35,35,0,match
1qajnot,1,35,35,0,match
1qajof3,1,35,35,0,match
1qajoh7,1,35,35,0,match
1qajolg,1,35,35,0,match
1qajosf,1,9,9,0,match
1qajpk9,1,35,35,0,match
1qajpom,1,35,35,0,match
1qajq52,1,35,35,0,match
1qajq7h,1,1,1,0,match
1qajqd3,1,35,35,0,match
1qajqs4,1,35,35,0,match
1qajquf,1,35,35,0,match
1qajqx7,1,35,35,0,match
1qajr1o,1,35,35,0,match
1qajra7,1,35,35,0,match
1qajrbf,1,35,35,0,match
1qajrmu,1,35,35,0,match
1qajrv0,1,34,34,0,match
1qajshg,1,34,34,0,match
1qajsjo,1,34,34,0,match
1qajsz6,1,34,34,0,match
1qajtgq,1,34,34,0,match
1qajtuu,1,34,34,0,match
1qajufy,1,34,34,0,match
1qajv55,1,34,34,0,match
1qajv7u,1,34,34,0,match
1qajvo6,1,34,34,0,match
1qajvoe,1,34,34,0,match
1qajvqy,1,34,34,0,match
1qajvyd,1,34,34,0,match
1qajwaa,1,34,34,0,match
1qajwv3,1,34,34,0,match
1qajxd8,1,34,34,0,match
1qajxmd,1,34,34,0,match
1qajy98,1,34,34,0,match
1qajycd,1,34,34,0,match
1qajyo9,1,34,34,0,match
1qajyx1,1,34,34,0,match
1qajyz2,1,34,34,0,match
1qajzk7,1,34,34,0,match
1qajzmr,1,34,34,0,match
1qak0c2,1,34,34,0,match
1qak0z2,1,8,8,0,match
1qak1el,1,34,34,0,match
1qak1s3,1,34,34,0,match
1qak2pq,1,34,34,0,match
1qak2sp,1,34,34,0,match
1qak32g,1,1,1,0,match
1qak3x2,1,33,33,0,match
1qak4hq,1,5,5,0,match
1qak4mf,1,33,33,0,match
1qak4qx,1,33,33,0,match
1qak4ss,1,5,5,0,match
1qak4us,1,33,33,0,match
1qak4wa,1,33,33,0,match
1qak5k6,1,33,33,0,match
1qak65b,1,33,33,0,match
1qak6zy,1,33,33,0,match
1qak765,1,33,33,0,match
1qak77g,1,7,7,0,match
1qak7i3,1,33,33,0,match
1qak88e,1,33,33,0,match
1qak8jt,1,33,33,0,match
1qak9xp,1,33,33,0,match
1qaka36,1,33,33,0,match
1qaka36,2,1,1,0,match
1qaka52,1,33,33,0,match
1qakb0a,1,33,33,0,match
1qakb3m,1,5,5,0,match
1qakbch,1,33,33,0,match
1qakbs7,1,33,33,0,match
1qakcep,1,33,33,0,match
1qakcml,1,17,17,0,match
1qakctp,1,33,33,0,match
1qakds3,1,33,33,0,match
1qake3q,1,33,33,0,match
1qake85,1,33,33,0,match
1qakeak,1,33,33,0,match
1qakenc,1,33,33,0,match
1qakepu,1,33,33,0,match
1qakfh0,1,32,32,0,match
1qakfkv,1,6,6,0,match
1qakfn6,1,4,4,0,match
1qakfox,1,32,32,0,match
1qakfy6,1,32,32,0,match
1qakg08,1,32,32,0,match
1qakg2u,1,1,1,0,match
1qakgfa,1,32,32,0,match
1qakgrg,1,32,32,0,match
1qakhqi,1,4,4,0,match
1qakhqo,1,32,32,0,match
1qaki0h,1,4,4,0,match
1qakipp,1,4,4,0,match
1qakisd,1,32,32,0,match
1qakizp,1,7,7,0,match
1qakkf4,1,32,32,0,match
1qakklr,1,32,32,0,match
1qakkn1,1,32,32,0,match
1qakkre,1,32,32,0,match
1qaklj3,1,6,6,0,match
1qaklmw,1,32,32,0,match
1qaklv2,1,32,32,0,match
1qakmdb,1,4,4,0,match
1qakmnm,1,4,4,0,match
1qakn13,1,32,32,0,match
1qakn8o,1,2,2,0,match
1qako9c,1,32,32,0,match
1qakoa5,1,32,32,0,match
1qakp06,1,32,32,0,match
1qakpk3,1,32,32,0,match
1qakpka,1,6,6,0,match
1qakpm6,1,32,32,0,match
1qakq6x,1,31,31,0,match
1qakqq6,1,31,31,0,match
1qakqt2,1,31,31,0,match
1qakqya,1,31,31,0,match
1qakr32,1,31,31,0,match
1qakroc,1,31,31,0,match
1qaks0b,1,5,5,0,match
1qaks5x,1,31,31,0,match
1qaksdv,1,31,31,0,match
1qaksyn,1,31,31,0,match
1qakt5g,1,31,31,0,match
1qakt66,1,31,31,0,match
1qaktdd,1,31,31,0,match
1qaktji,1,31,31,0,match
1qaktoa,1,4,4,0,match
1qaktpc,1,31,31,0,match
1qaku23,1,31,31,0,match
1qakv9g,1,31,31,0,match
1qakv9r,1,31,31,0,match
1qakvbj,1,4,4,0,match
1qakvj6,1,31,31,0,match
1qakvj6,2,1,1,0,match
1qakvua,1,31,31,0,match
1qakvua,2,1,1,0,match
1qakw0s,1,31,31,0,match
1qakw0s,2,1,1,0,match
1qakwdq,1,31,31,0,match
1qakwdq,2,1,1,0,match
1qakwgg,1,5,5,0,match
1qakwlm,1,3,3,0,match
1qaky6y,1,31,31,0,match
1qaky6y,2,1,1,0,match
1qaky8g,1,5,5,0,match
1qakyhl,1,31,31,0,match
1qakyhl,2,1,1,0,match
1qakyty,1,31,31,0,match
1qakyty,2,1,1,0,match
1qakz5z,1,3,3,0,match
1qakz9e,1,31,31,0,match
1qakz9e,2,1,1,0,match
1qakzbq,1,9,9,0,match
1qakzu8,1,4,4,0,match
1qakzye,1,31,31,0,match
1qakzye,2,1,1,0,match
1qal031,1,31,31,0,match
1qal031,2,1,1,0,match
1qal0mo,1,31,31,0,match
1qal0mo,2,1,1,0,match
1qal0ti,1,31,31,0,match
1qal0ti,2,1,1,0,match
1qal0v0,1,31,31,0,match
1qal0v0,2,1,1,0,match
1qal111,1,2,2,0,match
1qal18q,1,31,31,0,match
1qal18q,2,1,1,0,match
1qal1dn,1,31,31,0,match
1qal1dn,2,1,1,0,match
1qal1kx,1,30,30,0,match
1qal1kx,2,1,1,0,match
1qal1lw,1,30,30,0,match
1qal1lw,2,1,1,0,match
1qal1p9,1,30,30,0,match
1qal1p9,2,1,1,0,match
1qal1y1,1,4,4,0,match
1qal2f3,1,30,30,0,match
1qal2f3,2,1,1,0,match
1qal2hu,1,30,30,0,match
1qal2hu,2,1,1,0,match
1qal2jg,1,30,30,0,match
1qal2jg,2,1,1,0,match
1qal2yh,1,30,30,0,match
1qal2yh,2,1,1,0,match
1qal3ck,1,30,30,0,match
1qal3ck,2,1,1,0,match
1qal3ev,1,30,30,0,match
1qal3ev,2,1,1,0,match
1qal3id,1,30,30,0,match
1qal3id,2,1,1,0,match
1qal46g,1,30,30,0,match
1qal46g,2,3,3,0,match
1qal4l6,1,30,30,0,match
1qal4l6,2,3,3,0,match
1qal4me,1,30,30,0,match
1qal4me,2,3,3,0,match
1qal4nc,1,30,30,0,match
1qal4nc,2,3,3,0,match
1qal4zu,1,30,30,0,match
1qal4zu,2,3,3,0,match
1qal522,1,30,30,0,match
1qal522,2,3,3,0,match
1qal53r,1,30,30,0,match
1qal53r,2,3,3,0,match
1qal55i,1,30,30,0,match
1qal55i,2,3,3,0,match
1qal5lw,1,30,30,0,match
1qal5lw,2,3,3,0,match
1qal5o9,1,3,3,0,match
1qal5uc,1,30,30,0,match
1qal5uc,2,3,3,0,match
1qal64c,1,30,30,0,match
1qal64c,2,3,3,0,match
1qal6wg,1,30,30,0,match
1qal6wg,2,3,3,0,match
1qal72j,1,30,30,0,match
1qal72j,2,3,3,0,match
1qal7b0,1,30,30,0,match
1qal7b0,2,3,3,0,match
1qal7kn,1,30,30,0,match
1qal7kn,2,3,3,0,match
1qal8g0,1,30,30,0,match
1qal8g0,2,2,2,0,match
1qal8pz,1,30,30,0,match
1qal8pz,2,3,3,0,match
1qal9lb,1,30,30,0,match
1qal9lb,2,3,3,0,match
1qal9z1,1,1,1,0,match
1qaladp,1,12,12,0,match
1qalaxd,1,30,30,0,match
1qalaxd,2,3,3,0,match
1qalb4q,1,30,30,0,match
1qalb4q,2,3,3,0,match
1qalbcy,1,30,30,0,match
1qalbcy,2,4,4,0,match
1qalc2z,1,16,16,0,match
1qalco4,1,30,30,0,match
1qalco4,2,4,4,0,match
1qalcsh,1,29,29,0,match
1qalcsh,2,4,4,0,match
1qaldgp,1,29,29,0,match
1qaldgp,2,4,4,0,match
1qaldgr,1,1,1,0,match
1qaldjo,1,29,29,0,match
1qaldjo,2,4,4,0,match
1qalepw,1,3,3,0,match
1qaleq7,1,29,29,0,match
1qaleq7,2,4,4,0,match
1qaleu7,1,18,18,0,match
1qalf6x,1,29,29,0,match
1qalf6x,2,4,4,0,match
1qalfvn,1,29,29,0,match
1qalfvn,2,4,4,0,match
1qalg8l,1,1,1,0,match
1qalgto,1,29,29,0,match
1qalgto,2,4,4,0,match
1qalh0a,1,29,29,0,match
1qalh0a,2,4,4,0,match
1qalh2a,1,29,29,0,match
1qalh2a,2,4,4,0,match
1qalhs9,1,29,29,0,match
1qalhs9,2,4,4,0,match
1qali3v,1,29,29,0,match
1qali3v,2,4,4,0,match
1qali4v,1,3,3,0,match
1qaliqd,1,29,29,0,match
1qaliqd,2,4,4,0,match
1qaliwx,1,29,29,0,match
1qaliwx,2,4,4,0,match
1qalj09,1,29,29,0,match
1qalj09,2,4,4,0,match
1qaljxj,1,29,29,0,match
1qaljxj,2,4,4,0,match
1qalkgl,1,29,29,0,match
1qalkgl,2,4,4,0,match
1qalkrj,1,29,29,0,match
1qalkrj,2,4,4,0,match
1qalkyd,1,29,29,0,match
1qalkyd,2,4,4,0,match
1qall51,1,29,29,0,match
1qall51,2,4,4,0,match
1qallh9,1,29,29,0,match
1qallh9,2,4,4,0,match
1qallid,1,16,16,0,match
1qallma,1,29,29,0,match
1qallma,2,4,4,0,match
1qalmdi,1,29,29,0,match
1qalmdi,2,4,4,0,match
1qalmn8,1,3,3,0,match
1qaln09,1,29,29,0,match
1qaln09,2,4,4,0,match
1qaln4o,1,29,29,0,match
1qaln4o,2,4,4,0,match
1qalnh0,1,29,29,0,match
1qalnh0,2,4,4,0,match
1qalnqr,1,29,29,0,match
1qalnqr,2,4,4,0,match
1qalnr6,1,29,29,0,match
1qalnr6,2,4,4,0,match
1qalopa,1,28,28,0,match
1qalopa,2,4,4,0,match
1qalow8,1,28,28,0,match
1qalow8,2,4,4,0,match
1qalp0x,1,28,28,0,match
1qalp0x,2,4,4,0,match
1qalp48,1,28,28,0,match
1qalp48,2,4,4,0,match
1qalpyu,1,28,28,0,match
1qalpyu,2,4,4,0,match
1qalq6b,1,28,28,0,match
1qalq6b,2,4,4,0,match
1qalr61,1,28,28,0,match
1qalr61,2,4,4,0,match
1qalr7e,1,28,28,0,match
1qalr7e,2,5,5,0,match
1qalrly,1,15,15,0,match
1qalrqf,1,28,28,0,match
1qalrqf,2,5,5,0,match
1qalshb,1,28,28,0,match
1qalshb,2,5,5,0,match
1qalsns,1,28,28,0,match
1qalsns,2,5,5,0,match
1qalsoj,1,28,28,0,match
1qalsoj,2,5,5,0,match
1qalt51,1,28,28,0,match
1qalt51,2,5,5,0,match
1qalt5i,1,28,28,0,match
1qalt5i,2,5,5,0,match
1qaltpe,1,28,28,0,match
1qaltpe,2,5,5,0,match
1qaltpu,1,2,2,0,match
1qaltwc,1,3,3,0,match
1qalu3a,1,28,28,0,match
1qalu3a,2,5,5,0,match
1qalu7m,1,28,28,0,match
1qalu7m,2,5,5,0,match
1qaluc8,1,28,28,0,match
1qaluc8,2,5,5,0,match
1qalvep,1,28,28,0,match
1qalvep,2,5,5,0,match
1qalvub,1,28,28,0,match
1qalvub,2,5,5,0,match
1qalwa6,1,28,28,0,match
1qalwa6,2,5,5,0,match
1qalwra,1,2,2,0,match
1qalwvz,1,28,28,0,match
1qalwvz,2,5,5,0,match
1qalwxr,1,2,2,0,match
1qalxdi,1,28,28,0,match
1qalxdi,2,5,5,0,match
1qalxka,1,28,28,0,match
1qalxka,2,5,5,0,match
1qalyv5,1,27,27,0,match
1qalyv5,2,5,5,0,match
1qalzm1,1,27,27,0,match
1qalzm1,2,5,5,0,match
1qalzmo,1,27,27,0,match
1qalzmo,2,5,5,0,match
1qam05b,1,27,27,0,match
1qam05b,2,5,5,0,match
1qam11z,1,27,27,0,match
1qam11z,2,5,5,0,match
1qam199,1,27,27,0,match
1qam199,2,5,5,0,match
1qam1dr,1,27,27,0,match
1qam1dr,2,5,5,0,match
1qam1s6,1,1,1,0,match
1qam2d7,1,27,27,0,match
1qam2d7,2,5,5,0,match
1qam2ft,1,27,27,0,match
1qam2ft,2,5,5,0,match
1qam2l4,1,27,27,0,match
1qam2l4,2,5,5,0,match
1qam2ms,1,3,3,0,match
1qam2sk,1,27,27,0,match
1qam2sk,2,5,5,0,match
1qam33l,1,27,27,0,match
1qam33l,2,5,5,0,match
1qam3e5,1,27,27,0,match
1qam3e5,2,2,2,0,match
1qam3fk,1,27,27,0,match
1qam3fk,2,5,5,0,match
1qam3t3,1,27,27,0,match
1qam3t3,2,5,5,0,match
1qam3y3,1,27,27,0,match
1qam3y3,2,5,5,0,match
1qam4ck,1,27,27,0,match
1qam4ck,2,5,5,0,match
1qam4n7,1,27,27,0,match
1qam4n7,2,5,5,0,match
1qam4nc,1,27,27,0,match
1qam4nc,2,6,6,0,match
1qam4x4,1,27,27,0,match
1qam4x4,2,6,6,0,match
1qam54p,1,3,3,0,match
1qam5i6,1,27,27,0,match
1qam5i6,2,6,6,0,match
1qam6cx,1,27,27,0,match
1qam6cx,2,6,6,0,match
1qam6gp,1,27,27,0,match
1qam6gp,2,6,6,0,match
1qam6ma,1,27,27,0,match
1qam6ma,2,6,6,0,match
1qam7h3,1,16,16,0,match
1qam7o7,1,2,2,0,match
1qam7xi,1,27,27,0,match
1qam7xi,2,6,6,0,match
1qam814,1,27,27,0,match
1qam814,2,6,6,0,match
1qam893,1,27,27,0,match
1qam893,2,6,6,0,match
1qam89c,1,27,27,0,match
1qam89c,2,6,6,0,match
1qam8ac,1,27,27,0,match
1qam8ac,2,6,6,0,match
1qam8na,1,27,27,0,match
1qam8na,2,6,6,0,match
1qam8qa,1,27,27,0,match
1qam8qa,2,6,6,0,match
1qam8qr,1,27,27,0,match
1qam8qr,2,6,6,0,match
1qam8th,1,27,27,0,match
1qam8th,2,6,6,0,match
1qam8zj,1,27,27,0,match
1qam8zj,2,2,2,0,match
1qam97o,1,27,27,0,match
1qam97o,2,6,6,0,match
1qam996,1,27,27,0,match
1qam996,2,6,6,0,match
1qam9a1,1,27,27,0,match
1qam9a1,2,6,6,0,match
1qam9a9,1,27,27,0,match
1qam9a9,2,6,6,0,match
1qam9m9,1,26,26,0,match
1qam9m9,2,6,6,0,match
1qam9ma,1,26,26,0,match
1qam9ma,2,6,6,0,match
1qama3u,1,26,26,0,match
1qama3u,2,6,6,0,match
1qamad9,1,26,26,0,match
1qamad9,2,6,6,0,match
1qamafk,1,26,26,0,match
1qamafk,2,6,6,0,match
1qamajw,1,26,26,0,match
1qamajw,2,6,6,0,match
1qamavf,1,26,26,0,match
1qamavf,2,6,6,0,match
1qamb4c,1,26,26,0,match
1qamb4c,2,6,6,0,match
1qambaz,1,26,26,0,match
1qambaz,2,6,6,0,match
1qambns,1,26,26,0,match
1qambns,2,6,6,0,match
1qambz4,1,26,26,0,match
1qambz4,2,6,6,0,match
1qamcb6,1,26,26,0,match
1qamcb6,2,6,6,0,match
1qamceu,1,26,26,0,match
1qamceu,2,6,6,0,match
1qamcpp,1,26,26,0,match
1qamcpp,2,6,6,0,match
1qamd1a,1,20,20,0,match
1qamdzz,1,26,26,0,match
1qamdzz,2,6,6,0,match
1qame3c,1,26,26,0,match
1qame3c,2,6,6,0,match
1qamebj,1,3,3,0,match
1qamely,1,26,26,0,match
1qamely,2,6,6,0,match
1qamen7,1,26,26,0,match
1qamen7,2,6,6,0,match
1qamf0t,1,26,26,0,match
1qamf0t,2,6,6,0,match
1qamfgs,1,26,26,0,match
1qamfgs,2,6,6,0,match
1qamfnm,1,26,26,0,match
1qamfnm,2,6,6,0,match
1qamfql,1,26,26,0,match
1qamfql,2,6,6,0,match
1qamftn,1,26,26,0,match
1qamftn,2,6,6,0,match
1qamgib,1,26,26,0,match
1qamgmh,1,26,26,0,match
1qamgmh,2,6,6,0,match
1qamhuj,1,26,26,0,match
1qamhuj,2,6,6,0,match
1qami73,1,26,26,0,match
1qami73,2,6,6,0,match
1qami89,1,26,26,0,match
1qami89,2,6,6,0,match
1qamit5,1,26,26,0,match
1qamit5,2,6,6,0,match
1qamj5w,1,26,26,0,match
1qamj5w,2,6,6,0,match
1qamk1g,1,25,25,0,match
1qamk1g,2,6,6,0,match
1qamkby,1,25,25,0,match
1qamkby,2,7,7,0,match
1qaml4i,1,25,25,0,match
1qaml4i,2,2,2,0,match
1qamli0,1,25,25,0,match
1qamli0,2,7,7,0,match
1qamllj,1,25,25,0,match
1qamllj,2,7,7,0,match
1qamm00,1,25,25,0,match
1qamm00,2,2,2,0,match
1qammlb,1,25,25,0,match
1qammlb,2,7,7,0,match
1qamnbn,1,25,25,0,match
1qamnbn,2,7,7,0,match
1qamne3,1,25,25,0,match
1qamne3,2,7,7,0,match
1qamnzb,1,25,25,0,match
1qamnzb,2,7,7,0,match
1qamo1l,1,25,25,0,match
1qamo1l,2,7,7,0,match
1qamojn,1,25,25,0,match
1qamojn,2,7,7,0,match
1qamosb,1,25,25,0,match
1qamosb,2,7,7,0,match
1qamosd,1,1,1,0,match
1qamozr,1,25,25,0,match
1qamozr,2,7,7,0,match
1qamp5e,1,25,25,0,match
1qamp5e,2,7,7,0,match
1qamqb5,1,25,25,0,match
1qamqb5,2,7,7,0,match
1qamr2v,1,25,25,0,match
1qamr2v,2,7,7,0,match
1qamr6r,1,25,25,0,match
1qamr6r,2,7,7,0,match
1qamr8a,1,25,25,0,match
1qamr8a,2,7,7,0,match
1qamrof,1,25,25,0,match
1qamrof,2,7,7,0,match
1qams3c,1,25,25,0,match
1qams3c,2,7,7,0,match
1qams4k,1,25,25,0,match
1qams4k,2,7,7,0,match
1qamshi,1,25,25,0,match
1qamshi,2,7,7,0,match
1qamt2l,1,25,25,0,match
1qamt2l,2,7,7,0,match
1qamto2,1,25,25,0,match
1qamto2,2,7,7,0,match
1qamtt1,1,25,25,0,match
1qamtt1,2,7,7,0,match
1qamtz1,1,25,25,0,match
1qamtz1,2,7,7,0,match
1qamu6w,1,24,24,0,match
1qamu6w,2,7,7,0,match
1qamurq,1,24,24,0,match
1qamurq,2,7,7,0,match
1qamust,1,15,15,0,match
1qamvui,1,24,24,0,match
1qamvui,2,7,7,0,match
1qamvul,1,24,24,0,match
1qamvul,2,7,7,0,match
1qamvva,1,24,24,0,match
1qamvva,2,7,7,0,match
1qamvxb,1,24,24,0,match
1qamvxb,2,7,7,0,match
1qamwaq,1,24,24,0,match
1qamwaq,2,7,7,0,match
1qamwx2,1,24,24,0,match
1qamwx2,2,7,7,0,match
1qamwxw,1,24,24,0,match
1qamwxw,2,7,7,0,match
1qamxcm,1,24,24,0,match
1qamxcm,2,7,7,0,match
1qamxrx,1,24,24,0,match
1qamxrx,2,2,2,0,match
1qamzhq,1,24,24,0,match
1qamzhq,2,7,7,0,match
1qamzrp,1,24,24,0,match
1qamzrp,2,7,7,0,match
1qan035,1,24,24,0,match
1qan035,2,7,7,0,match
1qan0mq,1,24,24,0,match
1qan0mq,2,8,8,0,match
1qan0ne,1,24,24,0,match
1qan0ne,2,8,8,0,match
1qan0tq,1,24,24,0,match
1qan0tq,2,8,8,0,match
1qan1m7,1,24,24,0,match
1qan1m7,2,8,8,0,match
1qan1s2,1,24,24,0,match
1qan1s2,2,8,8,0,match
1qan1wk,1,24,24,0,match
1qan1wk,2,8,8,0,match
1qan20l,1,24,24,0,match
1qan20l,2,8,8,0,match
1qan26m,1,4,4,0,match
1qan2a3,1,24,24,0,match
1qan2a3,2,8,8,0,match
1qan2d9,1,3,3,0,match
1qan2je,1,24,24,0,match
1qan2je,2,8,8,0,match
1qan2mv,1,24,24,0,match
1qan2mv,2,8,8,0,match
1qan2ra,1,24,24,0,match
1qan2ra,2,8,8,0,match
1qan32k,1,24,24,0,match
1qan32k,2,8,8,0,match
1qan33a,1,23,23,0,match
1qan34m,1,24,24,0,match
1qan34m,2,8,8,0,match
1qan362,1,1,1,0,match
1qan373,1,24,24,0,match
1qan373,2,8,8,0,match
1qan3dp,1,24,24,0,match
1qan3dp,2,8,8,0,match
1qan5e2,1,23,23,0,match
1qan5e2,2,8,8,0,match
1qan5pc,1,23,23,0,match
1qan5pc,2,8,8,0,match
1qan5rs,1,23,23,0,match
1qan5rs,2,8,8,0,match
1qan6j0,1,23,23,0,match
1qan6j0,2,6,6,0,match
1qan6kp,1,23,23,0,match
1qan6kp,2,8,8,0,match
1qan79y,1,23,23,0,match
1qan79y,2,8,8,0,match
1qan7hz,1,23,23,0,match
1qan7hz,2,8,8,0,match
1qan7ta,1,23,23,0,match
1qan7ta,2,8,8,0,match
1qan8g7,1,23,23,0,match
1qan8g7,2,8,8,0,match
1qan8id,1,23,23,0,match
1qan8id,2,8,8,0,match
1qan9n8,1,1,1,0,match
1qan9wa,1,23,23,0,match
1qan9wa,2,8,8,0,match
1qanabt,1,23,23,0,match
1qanabt,2,9,9,0,match
1qanady,1,23,23,0,match
1qanady,2,9,9,0,match
1qanajp,1,23,23,0,match
1qanajp,2,9,9,0,match
1qanaxa,1,23,23,0,match
1qanaxa,2,9,9,0,match
1qanb86,1,23,23,0,match
1qanb86,2,9,9,0,match
1qanc8b,1,23,23,0,match
1qanc8b,2,9,9,0,match
1qanczq,1,23,23,0,match
1qanczq,2,9,9,0,match
1qandlh,1,23,23,0,match
1qandlh,2,9,9,0,match
1qandsl,1,23,23,0,match
1qandsl,2,9,9,0,match
1qanfwv,1,22,22,0,match
1qanfwv,2,9,9,0,match
1qangcd,1,6,6,0,match
1qangws,1,22,22,0,match
1qangws,2,9,9,0,match
1qanh28,1,22,22,0,match
1qanh28,2,9,9,0,match
1qanh2p,1,22,22,0,match
1qanh2p,2,9,9,0,match
1qanh3s,1,22,22,0,match
1qanh3s,2,9,9,0,match
1qanh6x,1,22,22,0,match
1qanh6x,2,9,9,0,match
1qanhnw,1,22,22,0,match
1qanhnw,2,9,9,0,match
1qani0j,1,22,22,0,match
1qani0j,2,9,9,0,match
1qani4a,1,22,22,0,match
1qani4a,2,9,9,0,match
1qanis0,1,22,22,0,match
1qanis0,2,9,9,0,match
1qank3d,1,22,22,0,match
1qank3d,2,9,9,0,match
1qankgy,1,22,22,0,match
1qankgy,2,9,9,0,match
1qankj1,2,7,7,0,match
1qanl8n,1,22,22,0,match
1qanl8n,2,9,9,0,match
1qanlqp,1,22,22,0,match
1qanlqp,2,9,9,0,match
1qanlve,1,22,22,0,match
1qanlve,2,9,9,0,match
1qanlyq,1,22,22,0,match
1qanlyq,2,9,9,0,match
1qanmdv,1,22,22,0,match
1qanmdv,2,9,9,0,match
1qanmix,1,22,22,0,match
1qanmix,2,9,9,0,match
1qanmy9,1,22,22,0,match
1qanmy9,2,9,9,0,match
1qann8d,1,22,22,0,match
1qann8d,2,9,9,0,match
1qannje,1,15,15,0,match
1qannkv,1,14,14,0,match
1qano9w,1,21,21,0,match
1qano9w,2,9,9,0,match
1qanoct,1,21,21,0,match
1qanoct,2,9,9,0,match
1qanp8y,1,21,21,0,match
1qanp8y,2,9,9,0,match
1qanpw9,1,21,21,0,match
1qanpw9,2,10,10,0,match
1qanq7i,1,21,21,0,match
1qanq7i,2,10,10,0,match
1qanqfv,1,21,21,0,match
1qanqfv,2,10,10,0,match
1qanqp9,1,21,21,0,match
1qanqp9,2,10,10,0,match
1qanrc9,1,21,21,0,match
1qanrc9,2,10,10,0,match
1qanrga,1,21,21,0,match
1qanrga,2,10,10,0,match
1qanrmu,1,21,21,0,match
1qanrmu,2,10,10,0,match
1qanrsh,1,21,21,0,match
1qanrsh,2,2,2,0,match
1qans3f,1,21,21,0,match
1qans3f,2,10,10,0,match
1qans8k,1,21,21,0,match
1qans8k,2,10,10,0,match
1qansh0,1,21,21,0,match
1qansh0,2,10,10,0,match
1qansio,1,21,21,0,match
1qansio,2,10,10,0,match
1qansll,1,21,21,0,match
1qansll,2,10,10,0,match
1qanst5,1,21,21,0,match
1qanst5,2,10,10,0,match
1qant71,1,21,21,0,match
1qant71,2,10,10,0,match
1qantbg,1,21,21,0,match
1qantbg,2,10,10,0,match
1qantk8,1,21,21,0,match
1qantk8,2,10,10,0,match
1qantnb,1,21,21,0,match
1qantnb,2,10,10,0,match
1qantqq,1,21,21,0,match
1qantqq,2,10,10,0,match
1qanu4b,1,21,21,0,match
1qanu4b,2,10,10,0,match
1qanu5c,1,21,21,0,match
1qanu5c,2,10,10,0,match
1qanu60,1,21,21,0,match
1qanu60,2,10,10,0,match
1qanuyt,1,1,1,0,match
1qanuzg,1,21,21,0,match
1qanuzg,2,10,10,0,match
1qanv43,1,21,21,0,match
1qanv43,2,10,10,0,match
1qanvj9,1,8,8,0,match
1qanvpw,1,21,21,0,match
1qanvpw,2,10,10,0,match
1qanw4k,1,21,21,0,match
1qanw4k,2,10,10,0,match
1qanwba,1,21,21,0,match
1qanwba,2,10,10,0,match
1qanwef,1,21,21,0,match
1qanwef,2,10,10,0,match
1qanwl4,1,21,21,0,match
1qanwl4,2,10,10,0,match
1qanwof,1,21,21,0,match
1qanwof,2,10,10,0,match
1qanx52,1,20,20,0,match
1qanx52,2,10,10,0,match
1qanx7b,1,20,20,0,match
1qanx7b,2,10,10,0,match
1qanxez,1,20,20,0,match
1qanxez,2,10,10,0,match
1qanxrs,1,20,20,0,match
1qanxrs,2,10,10,0,match
1qanyaj,1,20,20,0,match
1qanyaj,2,10,10,0,match
1qanyd1,1,20,20,0,match
1qanyd1,2,11,11,0,match
1qanyv0,1,20,20,0,match
1qanyv0,2,11,11,0,match
1qanywq,1,20,20,0,match
1qanywq,2,11,11,0,match
1qanyxf,1,20,20,0,match
1qanyxf,2,11,11,0,match
1qanzj5,1,20,20,0,match
1qanzj5,2,11,11,0,match
1qanzlq,1,20,20,0,match
1qanzlq,2,11,11,0,match
1qanzou,1,20,20,0,match
1qanzou,2,11,11,0,match
1qanzv3,1,20,20,0,match
1qanzv3,2,11,11,0,match
1qao0he,1,20,20,0,match
1qao0he,2,11,11,0,match
1qao0jm,1,1,1,0,match
1qao0wq,1,20,20,0,match
1qao0wq,2,11,11,0,match
1qao16h,1,20,20,0,match
1qao16h,2,11,11,0,match
1qao16t,1,20,20,0,match
1qao16t,2,11,11,0,match
1qao18n,1,20,20,0,match
1qao18n,2,11,11,0,match
1qao1eh,1,2,2,0,match
1qao2iu,1,20,20,0,match
1qao2iu,2,11,11,0,match
1qao2pg,1,20,20,0,match
1qao2pg,2,11,11,0,match
1qao34x,1,20,20,0,match
1qao34x,2,11,11,0,match
1qao35g,1,20,20,0,match
1qao35g,2,11,11,0,match
1qao377,1,20,20,0,match
1qao377,2,11,11,0,match
1qao37n,1,20,20,0,match
1qao38a,1,20,20,0,match
1qao38a,2,11,11,0,match
1qao3li,1,20,20,0,match
1qao3li,2,11,11,0,match
1qao3mu,1,20,20,0,match
1qao3mu,2,11,11,0,match
1qao3mx,1,20,20,0,match
1qao3mx,2,11,11,0,match
1qao3nf,1,20,20,0,match
1qao3nf,2,11,11,0,match
1qao3yi,1,20,20,0,match
1qao3yi,2,11,11,0,match
1qao43e,1,20,20,0,match
1qao43e,2,11,11,0,match
1qao46u,1,12,12,0,match
1qao4cf,1,20,20,0,match
1qao4cf,2,11,11,0,match
1qao4mw,1,20,20,0,match
1qao4mw,2,11,11,0,match
1qao4w1,1,20,20,0,match
1qao4w1,2,11,11,0,match
1qao4xx,1,20,20,0,match
1qao4xx,2,11,11,0,match
1qao6ci,1,6,6,0,match
1qao6co,1,20,20,0,match
1qao6co,2,11,11,0,match
1qao6di,1,20,20,0,match
1qao6di,2,11,11,0,match
1qao6q4,1,19,19,0,match
1qao6q4,2,11,11,0,match
1qao706,1,19,19,0,match
1qao706,2,11,11,0,match
1qao7ae,1,19,19,0,match
1qao7ae,2,11,11,0,match
1qao7jx,1,19,19,0,match
1qao7jx,2,11,11,0,match
1qao7mp,1,19,19,0,match
1qao7mp,2,11,11,0,match
1qao85x,1,19,19,0,match
1qao85x,2,11,11,0,match
1qao8ms,1,19,19,0,match
1qao8ms,2,11,11,0,match
1qao955,1,19,19,0,match
1qao955,2,11,11,0,match
1qao9og,1,19,19,0,match
1qao9og,2,11,11,0,match
1qaoa0n,1,19,19,0,match
1qaoa0n,2,11,11,0,match
1qaoa7v,1,19,19,0,match
1qaoa7v,2,11,11,0,match
1qaoas3,1,19,19,0,match
1qaoas3,2,11,11,0,match
1qaob3i,1,19,19,0,match
1qaob3i,2,11,11,0,match
1qaob9t,1,19,19,0,match
1qaob9t,2,11,11,0,match
1qaobih,1,19,19,0,match
1qaobih,2,11,11,0,match
1qaoby5,1,19,19,0,match
1qaoby5,2,11,11,0,match
1qaoc3z,1,19,19,0,match
1qaoc3z,2,11,11,0,match
1qaocjp,1,19,19,0,match
1qaocjp,2,12,12,0,match
1qaoe8r,1,19,19,0,match
1qaoe8r,2,12,12,0,match
1qaoeat,1,19,19,0,match
1qaoeat,2,12,12,0,match
1qaoebw,1,19,19,0,match
1qaoebw,2,12,12,0,match
1qaof53,1,19,19,0,match
1qaof53,2,12,12,0,match
1qaof7k,1,19,19,0,match
1qaof7k,2,12,12,0,match
1qaof9w,1,19,19,0,match
1qaof9w,2,12,12,0,match
1qaoftl,1,19,19,0,match
1qaoftl,2,12,12,0,match
1qaog1j,1,19,19,0,match
1qaog1j,2,12,12,0,match
1qaogkl,1,19,19,0,match
1qaogkl,2,12,12,0,match
1qaogo7,1,19,19,0,match
1qaogo7,2,12,12,0,match
1qaogxw,1,19,19,0,match
1qaogxw,2,12,12,0,match
1qaoh2p,1,19,19,0,match
1qaoh2p,2,12,12,0,match
1qaohr1,1,2,2,0,match
1qaohv5,1,19,19,0,match
1qaohv5,2,12,12,0,match
1qaoioq,1,5,5,0,match
1qaoj03,1,19,19,0,match
1qaoj03,2,12,12,0,match
1qaoj9f,1,19,19,0,match
1qaoj9f,2,12,12,0,match
1qaoj9g,2,10,10,0,match
1qaojfx,1,11,11,0,match
1qaojs3,1,19,19,0,match
1qaojs3,2,12,12,0,match
1qaokse,1,19,19,0,match
1qaokse,2,12,12,0,match
1qaokxj,1,19,19,0,match
1qaokxj,2,12,12,0,match
1qaolf6,1,3,3,0,match
1qaolps,1,19,19,0,match
1qaolps,2,12,12,0,match
1qaolqm,1,19,19,0,match
1qaolqm,2,12,12,0,match
1qaonu3,1,19,19,0,match
1qaonu3,2,12,12,0,match
1qaooin,1,16,16,0,match
1qaoomy,1,19,19,0,match
1qaoomy,2,12,12,0,match
1qaop8q,1,18,18,0,match
1qaop8q,2,12,12,0,match
1qaopzx,1,18,18,0,match
1qaopzx,2,12,12,0,match
1qaoqc2,1,4,4,0,match
1qaoqll,1,6,6,0,match
1qaoqwk,1,18,18,0,match
1qaoqwk,2,12,12,0,match
1qaor0s,1,18,18,0,match
1qaor0s,2,12,12,0,match
1qaor53,1,18,18,0,match
1qaor53,2,12,12,0,match
1qaorbx,1,18,18,0,match
1qaorbx,2,12,12,0,match
1qaorpx,1,18,18,0,match
1qaorpx,2,12,12,0,match
1qaorwl,1,18,18,0,match
1qaorwl,2,12,12,0,match
1qaos16,1,18,18,0,match
1qaos16,2,12,12,0,match
1qaosa9,1,1,1,0,match
1qaosps,1,18,18,0,match
1qaosps,2,12,12,0,match
1qaosyx,1,18,18,0,match
1qaosyx,2,13,13,0,match
1qaot1y,1,18,18,0,match
1qaot1y,2,13,13,0,match
1qaot7b,1,18,18,0,match
1qaot7b,2,13,13,0,match
1qaotwj,1,18,18,0,match
1qaotwj,2,13,13,0,match
1qaouoa,1,18,18,0,match
1qaouoa,2,13,13,0,match
1qaovbr,1,18,18,0,match
1qaovbr,2,13,13,0,match
1qaovo6,1,18,18,0,match
1qaovo6,2,13,13,0,match
1qaovr6,1,18,18,0,match
1qaovr6,2,13,13,0,match
1qaow56,1,18,18,0,match
1qaow56,2,13,13,0,match
1qaowej,1,18,18,0,match
1qaowej,2,13,13,0,match
1qaowki,1,18,18,0,match
1qaowki,2,3,3,0,match
1qaowqc,1,18,18,0,match
1qaowqc,2,13,13,0,match
1qaox5e,1,18,18,0,match
1qaox5e,2,13,13,0,match
1qaox5o,1,18,18,0,match
1qaox5o,2,13,13,0,match
1qaox7x,1,18,18,0,match
1qaox7x,2,13,13,0,match
1qaox89,1,18,18,0,match
1qaox89,2,13,13,0,match
1qaox99,1,18,18,0,match
1qaox99,2,13,13,0,match
1qaoxgr,1,17,17,0,match
1qaoxgr,2,13,13,0,match
1qaoyh6,1,17,17,0,match
1qaoyh6,2,13,13,0,match
1qaoyo1,1,17,17,0,match
1qaoyo1,2,13,13,0,match
1qaoyuz,1,16,16,0,match
1qaoz5i,1,17,17,0,match
1qaoz5i,2,13,13,0,match
1qaozbi,1,3,3,0,match
1qap075,1,17,17,0,match
1qap075,2,13,13,0,match
1qap0dz,1,17,17,0,match
1qap0dz,2,13,13,0,match
1qap0gi,1,17,17,0,match
1qap0gi,2,13,13,0,match
1qap0i9,1,17,17,0,match
1qap0i9,2,13,13,0,match
1qap1fa,1,17,17,0,match
1qap1fa,2,13,13,0,match
1qap2df,1,17,17,0,match
1qap2df,2,13,13,0,match
1qap2qi,1,17,17,0,match
1qap2qi,2,13,13,0,match
1qap30v,1,17,17,0,match
1qap30v,2,13,13,0,match
1qap3de,1,17,17,0,match
1qap3de,2,13,13,0,match
1qap3e9,1,17,17,0,match
1qap3e9,2,13,13,0,match
1qap3f3,1,17,17,0,match
1qap3f3,2,13,13,0,match
1qap47h,1,17,17,0,match
1qap47h,2,13,13,0,match
1qap4eb,1,17,17,0,match
1qap4eb,2,13,13,0,match
1qap4g1,1,17,17,0,match
1qap4g1,2,13,13,0,match
1qap4li,1,17,17,0,match
1qap4li,2,13,13,0,match
1qap55h,1,17,17,0,match
1qap55h,2,13,13,0,match
1qap5ah,1,17,17,0,match
1qap5ah,2,13,13,0,match
1qap5n0,1,17,17,0,match
1qap5n0,2,13,13,0,match
1qap604,1,17,17,0,match
1qap604,2,13,13,0,match
1qap6er,1,16,16,0,match
1qap6er,2,13,13,0,match
1qap6o1,1,16,16,0,match
1qap6o1,2,13,13,0,match
1qap6tc,1,16,16,0,match
1qap6tc,2,13,13,0,match
1qap72f,1,16,16,0,match
1qap72f,2,13,13,0,match
1qap8ag,1,16,16,0,match
1qap8ag,2,14,14,0,match
1qap8xh,1,16,16,0,match
1qap8xh,2,14,14,0,match
1qap97q,1,16,16,0,match
1qap97q,2,14,14,0,match
1qap9dc,1,16,16,0,match
1qap9dc,2,14,14,0,match
1qap9gc,1,16,16,0,match
1qap9gc,2,14,14,0,match
1qapajh,1,16,16,0,match
1qapajh,2,14,14,0,match
1qapart,1,16,16,0,match
1qapart,2,14,14,0,match
1qapawz,1,16,16,0,match
1qapawz,2,14,14,0,match
1qapb0u,1,16,16,0,match
1qapb0u,2,14,14,0,match
1qapb8r,1,16,16,0,match
1qapb8r,2,14,14,0,match
1qapcqz,1,16,16,0,match
1qapcqz,2,14,14,0,match
1qapcso,1,16,16,0,match
1qapcso,2,14,14,0,match
1qapcti,1,16,16,0,match
1qapcti,2,14,14,0,match
1qapde3,1,16,16,0,match
1qapde3,2,14,14,0,match
1qape6n,1,16,16,0,match
1qape6n,2,14,14,0,match
1qape7b,1,16,16,0,match
1qape7b,2,14,14,0,match
1qape9b,1,1,1,0,match
1qapedu,1,16,16,0,match
1qapedu,2,14,14,0,match
1qapg31,1,15,15,0,match
1qapg31,2,14,14,0,match
1qapgdo,1,1,1,0,match
1qapgkt,1,15,15,0,match
1qapgkt,2,14,14,0,match
1qapgqw,1,15,15,0,match
1qapgqw,2,14,14,0,match
1qapgtb,1,15,15,0,match
1qapgtb,2,14,14,0,match
1qapgtd,1,7,7,0,match
1qapi0u,1,15,15,0,match
1qapi0u,2,14,14,0,match
1qapi5s,1,15,15,0,match
1qapi5s,2,14,14,0,match
1qapiap,1,15,15,0,match
1qapiap,2,14,14,0,match
1qapj7j,1,15,15,0,match
1qapj7j,2,14,14,0,match
1qapj87,1,13,13,0,match
1qapjrm,1,1,1,0,match
1qapk39,1,15,15,0,match
1qapk39,2,14,14,0,match
1qapk4o,1,15,15,0,match
1qapk4o,2,14,14,0,match
1qapkcr,1,15,15,0,match
1qapkcr,2,14,14,0,match
1qapkjx,1,15,15,0,match
1qapkjx,2,14,14,0,match
1qapkke,1,15,15,0,match
1qapkke,2,14,14,0,match
1qapklw,1,15,15,0,match
1qapklw,2,14,14,0,match
1qapkq0,1,15,15,0,match
1qapkq0,2,14,14,0,match
1qapkyh,1,15,15,0,match
1qapkyh,2,14,14,0,match
1qaplbc,1,15,15,0,match
1qaplbc,2,14,14,0,match
1qapltw,1,15,15,0,match
1qapltw,2,14,14,0,match
1qapm7p,1,15,15,0,match
1qapm7p,2,14,14,0,match
1qapmvb,1,15,15,0,match
1qapmvb,2,14,14,0,match
1qapnax,1,14,14,0,match
1qapnax,2,14,14,0,match
1qapnuu,1,14,14,0,match
1qapnuu,2,14,14,0,match
1qapnxw,1,14,14,0,match
1qapnxw,2,15,15,0,match
1qapol3,1,14,14,0,match
1qapol3,2,15,15,0,match
1qapp2q,1,14,14,0,match
1qapp2q,2,15,15,0,match
1qappr4,1,14,14,0,match
1qappr4,2,15,15,0,match
1qapq4i,1,14,14,0,match
1qapq4i,2,15,15,0,match
1qapr1n,1,14,14,0,match
1qapr1n,2,15,15,0,match
1qaprc8,1,14,14,0,match
1qaprc8,2,2,2,0,match
1qaprid,1,14,14,0,match
1qaprid,2,15,15,0,match
1qaprt7,1,14,14,0,match
1qaprt7,2,15,15,0,match
1qaprw0,1,14,14,0,match
1qaprw0,2,15,15,0,match
1qapsv2,1,14,14,0,match
1qapsv2,2,15,15,0,match
1qapsza,1,14,14,0,match
1qapsza,2,15,15,0,match
1qapt1c,1,14,14,0,match
1qapt1c,2,15,15,0,match
1qaptdt,1,1,1,0,match
1qaptrr,1,14,14,0,match
1qaptrr,2,15,15,0,match
1qapttl,1,14,14,0,match
1qapttl,2,15,15,0,match
1qapuby,1,14,14,0,match
1qapuby,2,15,15,0,match
1qapuk0,1,14,14,0,match
1qapuk0,2,15,15,0,match
1qapunk,1,14,14,0,match
1qapunk,2,15,15,0,match
1qapunu,1,14,14,0,match
1qapuol,1,14,14,0,match
1qapuol,2,15,15,0,match
1qapv3z,1,14,14,0,match
1qapv3z,2,15,15,0,match
1qapvbn,1,14,14,0,match
1qapvbn,2,15,15,0,match
1qapvmn,1,14,14,0,match
1qapvmn,2,15,15,0,match
1qapvq5,1,14,14,0,match
1qapvq5,2,15,15,0,match
1qapvr0,1,14,14,0,match
1qapvr0,2,15,15,0,match
1qapvty,1,13,13,0,match
1qapvty,2,15,15,0,match
1qapw0p,1,13,13,0,match
1qapw0p,2,15,15,0,match
1qapw1p,1,13,13,0,match
1qapw1p,2,15,15,0,match
1qapw3y,1,13,13,0,match
1qapw3y,2,15,15,0,match
1qapxpf,1,8,8,0,match
1qapy33,1,1,1,0,match
1qapy45,1,13,13,0,match
1qapy76,1,13,13,0,match
1qapy76,2,15,15,0,match
1qapy8k,1,13,13,0,match
1qapy8k,2,15,15,0,match
1qapyvh,1,13,13,0,match
1qapyvh,2,15,15,0,match
1qapyyl,1,13,13,0,match
1qapyyl,2,15,15,0,match
1qapyyw,1,13,13,0,match
1qapyyw,2,15,15,0,match
1qapzg2,1,13,13,0,match
1qapzg2,2,15,15,0,match
1qapzic,1,13,13,0,match
1qapzic,2,15,15,0,match
1qapzpx,1,13,13,0,match
1qapzpx,2,15,15,0,match
1qaq10u,1,13,13,0,match
1qaq10u,2,15,15,0,match
1qaq12j,1,3,3,0,match
1qaq1ar,1,13,13,0,match
1qaq1ar,2,15,15,0,match
1qaq1cj,1,13,13,0,match
1qaq1cj,2,15,15,0,match
1qaq1uo,1,13,13,0,match
1qaq1uo,2,15,15,0,match
1qaq1xx,1,1,1,0,match
1qaq24e,1,6,6,0,match
1qaq396,1,13,13,0,match
1qaq396,2,15,15,0,match
1qaq3f0,1,13,13,0,match
1qaq3f0,2,15,15,0,match
1qaq414,1,13,13,0,match
1qaq414,2,16,16,0,match
1qaq4cq,1,12,12,0,match
1qaq4cq,2,16,16,0,match
1qaq53o,1,12,12,0,match
1qaq53o,2,16,16,0,match
1qaq5im,1,12,12,0,match
1qaq5im,2,16,16,0,match
1qaq60h,1,12,12,0,match
1qaq60h,2,16,16,0,match
1qaq60k,1,12,12,0,match
1qaq60k,2,16,16,0,match
1qaq61g,1,12,12,0,match
1qaq61g,2,16,16,0,match
1qaq653,1,12,12,0,match
1qaq653,2,16,16,0,match
1qaq6ws,1,12,12,0,match
1qaq6ws,2,16,16,0,match
1qaq6yh,1,12,12,0,match
1qaq6yh,2,16,16,0,match
1qaq7gi,1,12,12,0,match
1qaq7gi,2,16,16,0,match
1qaq7jx,1,12,12,0,match
1qaq7jx,2,16,16,0,match
1qaq7mn,1,12,12,0,match
1qaq7mn,2,16,16,0,match
1qaq7z0,1,12,12,0,match
1qaq7z0,2,2,2,0,match
1qaq8ow,1,12,12,0,match
1qaq8ow,2,16,16,0,match
1qaq8qh,1,12,12,0,match
1qaq8qh,2,16,16,0,match
1qaq8sb,1,12,12,0,match
1qaq8sb,2,16,16,0,match
1qaqa2c,1,12,12,0,match
1qaqa2c,2,16,16,0,match
1qaqa8w,1,12,12,0,match
1qaqa8w,2,16,16,0,match
1qaqaw5,1,12,12,0,match
1qaqaw5,2,16,16,0,match
1qaqbv6,1,12,12,0,match
1qaqbv6,2,16,16,0,match
1qaqd2f,1,11,11,0,match
1qaqd2f,2,16,16,0,match
1qaqdcc,1,11,11,0,match
1qaqdcc,2,16,16,0,match
1qaqdmi,1,11,11,0,match
1qaqdmi,2,16,16,0,match
1qaqe9j,1,11,11,0,match
1qaqe9j,2,16,16,0,match
1qaqes5,1,11,11,0,match
1qaqes5,2,16,16,0,match
1qaqexq,1,11,11,0,match
1qaqexq,2,16,16,0,match
1qaqf2z,1,4,4,0,match
1qaqfm5,1,11,11,0,match
1qaqfm5,2,17,17,0,match
1qaqfpr,1,10,10,0,match
1qaqftz,1,11,11,0,match
1qaqftz,2,17,17,0,match
1qaqfv8,1,11,11,0,match
1qaqfv8,2,17,17,0,match
1qaqgbi,1,11,11,0,match
1qaqgbi,2,17,17,0,match
1qaqgta,1,11,11,0,match
1qaqgta,2,17,17,0,match
1qaqh30,1,11,11,0,match
1qaqh30,2,17,17,0,match
1qaqhog,1,11,11,0,match
1qaqhog,2,17,17,0,match
1qaqi18,1,11,11,0,match
1qaqi18,2,17,17,0,match
1qaqiig,1,11,11,0,match
1qaqiig,2,17,17,0,match
1qaqik5,1,11,11,0,match
1qaqik5,2,17,17,0,match
1qaqim5,1,11,11,0,match
1qaqim5,2,17,17,0,match
1qaqj8a,1,11,11,0,match
1qaqj8a,2,17,17,0,match
1qaqjro,1,11,11,0,match
1qaqjro,2,17,17,0,match
1qaqk15,1,11,11,0,match
1qaqk15,2,17,17,0,match
1qaqk6p,1,11,11,0,match
1qaqk6p,2,17,17,0,match
1qaqk8l,1,11,11,0,match
1qaqk8l,2,17,17,0,match
1qaql4j,1,11,11,0,match
1qaql4j,2,17,17,0,match
1qaql4s,1,11,11,0,match
1qaql4s,2,17,17,0,match
1qaql50,1,11,11,0,match
1qaql50,2,17,17,0,match
1qaqlvq,1,1,1,0,match
1qaqm89,1,10,10,0,match
1qaqm89,2,17,17,0,match
1qaqmxk,1,10,10,0,match
1qaqmxk,2,17,17,0,match
1qaqn21,1,10,10,0,match
1qaqn21,2,17,17,0,match
1qaqnje,1,10,10,0,match
1qaqnje,2,17,17,0,match
1qaqo0q,1,10,10,0,match
1qaqo0q,2,17,17,0,match
1qaqo21,1,10,10,0,match
1qaqo21,2,17,17,0,match
1qaqoih,1,10,10,0,match
1qaqoih,2,17,17,0,match
1qaqoin,1,10,10,0,match
1qaqoin,2,17,17,0,match
1qaqoq6,1,10,10,0,match
1qaqoq6,2,17,17,0,match
1qaqpqo,1,10,10,0,match
1qaqpqo,2,17,17,0,match
1qaqpxb,1,10,10,0,match
1qaqpxb,2,17,17,0,match
1qaqq6k,1,10,10,0,match
1qaqq6k,2,17,17,0,match
1qaqr3c,1,10,10,0,match
1qaqr3c,2,17,17,0,match
1qaqr5s,1,8,8,0,match
1qaqrd1,2,15,15,0,match
1qaqrm7,1,10,10,0,match
1qaqrm7,2,17,17,0,match
1qaqsjr,1,10,10,0,match
1qaqsjr,2,18,18,0,match
1qaqsnu,1,10,10,0,match
1qaqsnu,2,18,18,0,match
1qaqssn,1,5,5,0,match
1qaqstf,1,10,10,0,match
1qaqstf,2,18,18,0,match
1qaqsz7,1,10,10,0,match
1qaqsz7,2,18,18,0,match
1qaqtb1,1,10,10,0,match
1qaqtb1,2,18,18,0,match
1qaqtiv,1,10,10,0,match
1qaqtiv,2,18,18,0,match
1qaqtj5,1,10,10,0,match
1qaqtj5,2,18,18,0,match
1qaqtoh,1,10,10,0,match
1qaqtoh,2,18,18,0,match
1qaqtrk,1,10,10,0,match
1qaqtrk,2,18,18,0,match
1qaqv22,1,9,9,0,match
1qaqv22,2,18,18,0,match
1qaqva1,1,9,9,0,match
1qaqva1,2,18,18,0,match
1qaqvgh,1,9,9,0,match
1qaqvgh,2,18,18,0,match
1qaqvpg,1,9,9,0,match
1qaqvu9,1,9,9,0,match
1qaqvu9,2,18,18,0,match
1qaqwmt,1,9,9,0,match
1qaqwmt,2,2,2,0,match
1qaqx0i,1,9,9,0,match
1qaqx0i,2,2,2,0,match
1qaqx3g,1,9,9,0,match
1qaqx3g,2,18,18,0,match
1qaqxan,1,9,9,0,match
1qaqxan,2,18,18,0,match
1qaqxte,1,9,9,0,match
1qaqxte,2,18,18,0,match
1qaqysf,1,9,9,0,match
1qaqysf,2,2,2,0,match
1qaqz6w,1,1,1,0,match
1qaqz82,1,9,9,0,match
1qaqz82,2,18,18,0,match
1qaqz9d,1,9,9,0,match
1qaqz9d,2,18,18,0,match
1qaqzp8,1,8,8,0,match
1qaqzwo,1,9,9,0,match
1qaqzwo,2,18,18,0,match
1qar04z,1,9,9,0,match
1qar04z,2,18,18,0,match
1qar083,1,9,9,0,match
1qar083,2,18,18,0,match
1qar0xo,1,9,9,0,match
1qar0xo,2,18,18,0,match
1qar1f9,1,9,9,0,match
1qar1f9,2,18,18,0,match
1qar1i1,1,9,9,0,match
1qar1i1,2,18,18,0,match
1qar1zs,1,9,9,0,match
1qar1zs,2,18,18,0,match
1qar285,1,9,9,0,match
1qar285,2,18,18,0,match
1qar2ef,1,9,9,0,match
1qar2ef,2,18,18,0,match
1qar2pt,1,8,8,0,match
1qar2pt,2,18,18,0,match
1qar36q,1,8,8,0,match
1qar36q,2,18,18,0,match
1qar3b9,1,8,8,0,match
1qar3b9,2,19,19,0,match
1qar3e5,1,8,8,0,match
1qar3e5,2,19,19,0,match
1qar3ml,1,8,8,0,match
1qar3ml,2,19,19,0,match
1qar3y4,1,8,8,0,match
1qar3y4,2,19,19,0,match
1qar3z8,1,8,8,0,match
1qar3z8,2,19,19,0,match
1qar475,1,8,8,0,match
1qar475,2,19,19,0,match
1qar4k1,1,8,8,0,match
1qar4k1,2,19,19,0,match
1qar4s5,1,8,8,0,match
1qar4s5,2,19,19,0,match
1qar4xc,1,1,1,0,match
1qar68g,1,8,8,0,match
1qar68g,2,19,19,0,match
1qar6rl,1,8,8,0,match
1qar6rl,2,19,19,0,match
1qar7c8,1,8,8,0,match
1qar7c8,2,19,19,0,match
1qar7ma,1,8,8,0,match
1qar7ma,2,19,19,0,match
1qar8g3,1,8,8,0,match
1qar8g3,2,19,19,0,match
1qar8pi,1,8,8,0,match
1qar8pi,2,19,19,0,match
1qar94i,1,8,8,0,match
1qar94i,2,2,2,0,match
1qar9ew,1,8,8,0,match
1qar9ew,2,19,19,0,match
1qar9wp,1,8,8,0,match
1qar9wp,2,19,19,0,match
1qara0w,1,8,8,0,match
1qara0w,2,19,19,0,match
1qara67,1,8,8,0,match
1qara67,2,19,19,0,match
1qara7k,1,1,1,0,match
1qaralq,1,8,8,0,match
1qaralq,2,12,12,0,match
1qaraua,1,4,4,0,match
1qarb2f,1,8,8,0,match
1qarb2f,2,2,2,0,match
1qarc9o,1,7,7,0,match
1qarc9o,2,2,2,0,match
1qarcp3,1,7,7,0,match
1qarcp3,2,19,19,0,match
1qarcp6,1,7,7,0,match
1qarcp6,2,19,19,0,match
1qardej,1,7,7,0,match
1qardej,2,19,19,0,match
1qardhw,1,7,7,0,match
1qardhw,2,19,19,0,match
1qarebq,1,7,7,0,match
1qarebq,2,19,19,0,match
1qaren1,1,7,7,0,match
1qaren1,2,19,19,0,match
1qarenm,1,7,7,0,match
1qarenm,2,19,19,0,match
1qarf35,1,7,7,0,match
1qarf35,2,19,19,0,match
1qarfia,1,7,7,0,match
1qarfia,2,19,19,0,match
1qarfs9,1,7,7,0,match
1qarfs9,2,19,19,0,match
1qarfw6,1,1,1,0,match
1qarg4w,1,7,7,0,match
1qarg4w,2,19,19,0,match
1qargwm,1,7,7,0,match
1qargwm,2,19,19,0,match
1qargzy,1,7,7,0,match
1qargzy,2,7,7,0,match
1qari6o,1,7,7,0,match
1qari6o,2,2,2,0,match
1qaricr,1,7,7,0,match
1qaricr,2,19,19,0,match
1qarihj,1,7,7,0,match
1qarihj,2,19,19,0,match
1qariq0,1,7,7,0,match
1qariq0,2,19,19,0,match
1qark7e,1,7,7,0,match
1qark7e,2,19,19,0,match
1qarkkt,1,2,2,0,match
1qarkq7,1,6,6,0,match
1qarkq7,2,19,19,0,match
1qarlfl,1,6,6,0,match
1qarlfl,2,19,19,0,match
1qarm1n,1,6,6,0,match
1qarm1n,2,19,19,0,match
1qarm2x,1,6,6,0,match
1qarm2x,2,19,19,0,match
1qarmbb,1,6,6,0,match
1qarmbb,2,20,20,0,match
1qarmc8,1,6,6,0,match
1qarmc8,2,20,20,0,match
1qarmg3,1,6,6,0,match
1qarmg3,2,20,20,0,match
1qarmyb,1,6,6,0,match
1qarmyb,2,20,20,0,match
1qarnmz,1,6,6,0,match
1qarnmz,2,20,20,0,match
1qarnzv,1,6,6,0,match
1qarnzv,2,20,20,0,match
1qaro1y,1,6,6,0,match
1qaro1y,2,20,20,0,match
1qaro8f,1,6,6,0,match
1qarobr,1,6,6,0,match
1qarobr,2,20,20,0,match
1qaroja,1,6,6,0,match
1qaroja,2,20,20,0,match
1qarox1,1,6,6,0,match
1qarp04,1,6,6,0,match
1qarp04,2,2,2,0,match
1qarp99,1,6,6,0,match
1qarp99,2,20,20,0,match
1qarq1z,1,6,6,0,match
1qarq1z,2,20,20,0,match
1qarr1y,1,2,2,0,match
1qarrb3,1,6,6,0,match
1qarrb3,2,20,20,0,match
1qarru8,1,6,6,0,match
1qarru8,2,20,20,0,match
1qarsgw,1,2,2,0,match
1qarsib,1,6,6,0,match
1qarsib,2,20,20,0,match
1qart2q,1,6,6,0,match
1qart2q,2,20,20,0,match
1qartkf,1,1,1,0,match
1qartlb,1,6,6,0,match
1qartlb,2,20,20,0,match
1qarttt,1,5,5,0,match
1qarttt,2,20,20,0,match
1qaru45,1,5,5,0,match
1qaru45,2,20,20,0,match
1qaruem,1,5,5,0,match
1qaruem,2,20,20,0,match
1qaruuo,1,5,5,0,match
1qaruuo,2,2,2,0,match
1qarvve,1,5,5,0,match
1qarvve,2,20,20,0,match
1qarvxv,1,5,5,0,match
1qarvxv,2,20,20,0,match
1qarvyw,1,5,5,0,match
1qarvyw,2,20,20,0,match
1qarvzs,1,5,5,0,match
1qarvzs,2,20,20,0,match
1qarwm2,1,5,5,0,match
1qarwm2,2,20,20,0,match
1qarx83,1,5,5,0,match
1qarx83,2,8,8,0,match
1qarxa7,1,5,5,0,match
1qarxa7,2,20,20,0,match
1qarxd6,1,5,5,0,match
1qarxd6,2,20,20,0,match
1qarxsx,1,5,5,0,match
1qarxsx,2,20,20,0,match
1qaryig,1,5,5,0,match
1qaryig,2,20,20,0,match
1qaryod,1,5,5,0,match
1qaryod,2,21,21,0,match
1qarywn,1,5,5,0,match
1qarz5q,1,5,5,0,match
1qarz5q,2,21,21,0,match
1qas0kv,1,5,5,0,match
1qas0kv,2,21,21,0,match
1qas0oa,1,5,5,0,match
1qas0oa,2,21,21,0,match
1qas17k,1,5,5,0,match
1qas17k,2,21,21,0,match
1qas1b9,1,5,5,0,match
1qas1b9,2,21,21,0,match
1qas1yq,1,5,5,0,match
1qas1yq,2,21,21,0,match
1qas1zh,1,5,5,0,match
1qas1zh,2,21,21,0,match
1qas22j,1,5,5,0,match
1qas22j,2,21,21,0,match
1qas26n,1,5,5,0,match
1qas26n,2,21,21,0,match
1qas27n,1,5,5,0,match
1qas27n,2,21,21,0,match
1qas2c0,1,4,4,0,match
1qas2ju,1,5,5,0,match
1qas2ju,2,21,21,0,match
1qas3dp,1,4,4,0,match
1qas3dp,2,21,21,0,match
1qas3zf,1,4,4,0,match
1qas3zf,2,21,21,0,match
1qas42v,1,4,4,0,match
1qas42v,2,21,21,0,match
1qas4t4,1,4,4,0,match
1qas4t4,2,21,21,0,match
1qas4xf,1,4,4,0,match
1qas4xf,2,21,21,0,match
1qas4xr,1,4,4,0,match
1qas4xr,2,21,21,0,match
1qas589,1,4,4,0,match
1qas589,2,2,2,0,match
1qas59q,1,4,4,0,match
1qas59q,2,21,21,0,match
1qas5eb,1,4,4,0,match
1qas5eb,2,21,21,0,match
1qas6hz,1,4,4,0,match
1qas6hz,2,6,6,0,match
1qas7os,1,4,4,0,match
1qas7os,2,21,21,0,match
1qas7uh,1,4,4,0,match
1qas7uh,2,21,21,0,match
1qas7w9,1,4,4,0,match
1qas7w9,2,21,21,0,match
1qas81k,1,4,4,0,match
1qas81k,2,21,21,0,match
1qas89y,1,4,4,0,match
1qas89y,2,21,21,0,match
1qas8l1,1,4,4,0,match
1qas8l1,2,21,21,0,match
1qas9ag,1,4,4,0,match
1qas9ag,2,21,21,0,match
1qas9ne,1,4,4,0,match
1qas9ne,2,21,21,0,match
1qasa1u,1,4,4,0,match
1qasa1u,2,21,21,0,match
1qasadq,1,4,4,0,match
1qasadq,2,21,21,0,match
1qasavi,1,4,4,0,match
1qasavi,2,21,21,0,match
1qasawx,1,4,4,0,match
1qasawx,2,21,21,0,match
1qasbim,1,4,4,0,match
1qasbim,2,21,21,0,match
1qasbmx,1,4,4,0,match
1qasbmx,2,21,21,0,match
1qasbyz,1,4,4,0,match
1qasbyz,2,21,21,0,match
1qasc18,1,4,4,0,match
1qasc18,2,2,2,0,match
1qaschj,1,4,4,0,match
1qaschj,2,21,21,0,match
1qasd8v,1,3,3,0,match
1qasd8v,2,21,21,0,match
1qasdpp,1,3,3,0,match
1qasdpp,2,22,22,0,match
1qasdqs,1,3,3,0,match
1qase8s,1,3,3,0,match
1qase8s,2,22,22,0,match
1qase9y,1,3,3,0,match
1qase9y,2,22,22,0,match
1qasekf,1,3,3,0,match
1qasekf,2,22,22,0,match
1qaseow,1,3,3,0,match
1qaseow,2,22,22,0,match
1qasevy,1,3,3,0,match
1qasevy,2,22,22,0,match
1qasf2g,1,3,3,0,match
1qasf2g,2,22,22,0,match
1qasf41,1,3,3,0,match
1qasf41,2,22,22,0,match
1qasg4w,1,3,3,0,match
1qasg4w,2,22,22,0,match
1qasgbl,1,3,3,0,match
1qasgbl,2,22,22,0,match
1qasgdv,1,3,3,0,match
1qasgdv,2,22,22,0,match
1qasgka,1,3,3,0,match
1qasgka,2,22,22,0,match
1qashu9,1,3,3,0,match
1qasi4q,1,3,3,0,match
1qasihv,1,3,3,0,match
1qasiig,1,3,3,0,match
1qasiig,2,22,22,0,match
1qasik9,1,3,3,0,match
1qasik9,2,22,22,0,match
1qasj5i,1,3,3,0,match
1qasj5i,2,2,2,0,match
1qasj77,1,3,3,0,match
1qasj77,2,2,2,0,match
1qasjdl,1,3,3,0,match
1qasjdl,2,22,22,0,match
1qask86,1,3,3,0,match
1qask86,2,12,12,0,match
1qaski1,1,3,3,0,match
1qaski1,2,2,2,0,match
1qasm6v,1,2,2,0,match
1qasm7f,1,3,3,0,match
1qasm7f,2,22,22,0,match
1qasmtw,1,2,2,0,match
1qasmtw,2,22,22,0,match
1qasn45,1,2,2,0,match
1qasn45,2,22,22,0,match
1qasnsh,1,2,2,0,match
1qaso0r,1,2,2,0,match
1qaso0r,2,22,22,0,match
1qasoc3,1,2,2,0,match
1qasoc3,2,22,22,0,match
1qasooc,1,2,2,0,match
1qasooc,2,8,8,0,match
1qaspgi,1,2,2,0,match
1qaspgi,2,22,22,0,match
1qasqew,1,2,2,0,match
1qasqew,2,22,22,0,match
1qasqol,1,2,2,0,match
1qasqol,2,22,22,0,match
1qasqyu,1,2,2,0,match
1qasqyu,2,22,22,0,match
1qasrfn,1,2,2,0,match
1qasrfn,2,22,22,0,match
1qasrhz,1,2,2,0,match
1qasrhz,2,22,22,0,match
1qasrm4,1,2,2,0,match
1qasrm4,2,22,22,0,match
1qasrux,1,2,2,0,match
1qasrux,2,22,22,0,match
1qass21,1,2,2,0,match
1qass21,2,22,22,0,match
1qass7s,1,2,2,0,match
1qass7s,2,22,22,0,match
1qassal,1,2,2,0,match
1qassal,2,22,22,0,match
1qassao,1,2,2,0,match
1qassao,2,22,22,0,match
1qasu1d,1,2,2,0,match
1qasu1d,2,22,22,0,match
1qasu1o,1,2,2,0,match
1qasu1o,2,22,22,0,match
1qasueh,1,2,2,0,match
1qasueh,2,22,22,0,match
1qasul9,1,2,2,0,match
1qasul9,2,2,2,0,match
1qasuo9,1,2,2,0,match
1qasuo9,2,22,22,0,match
1qasuqu,1,2,2,0,match
1qasuqu,2,22,22,0,match
1qasuyl,1,2,2,0,match
1qasuyl,2,22,22,0,match
1qasv9x,1,2,2,0,match
1qasv9x,2,22,22,0,match
1qasvei,1,2,2,0,match
1qasvei,2,22,22,0,match
1qasvkm,1,2,2,0,match
1qasvkm,2,22,22,0,match
1qaswdx,1,1,1,0,match
1qaswdx,2,22,22,0,match
1qaswo9,1,1,1,0,match
1qaswo9,2,22,22,0,match
1qasx4d,1,1,1,0,match
1qasx4d,2,22,22,0,match
1qasx4h,1,1,1,0,match
1qasx4h,2,23,23,0,match
1qasxhu,1,1,1,0,match
1qasxhu,2,2,2,0,match
1qaszfe,1,1,1,0,match
1qaszfe,2,23,23,0,match
1qat011,1,1,1,0,match
1qat011,2,23,23,0,match
1qat03g,1,1,1,0,match
1qat03g,2,23,23,0,match
1qat05c,1,1,1,0,match
1qat05c,2,23,23,0,match
1qat0ds,1,1,1,0,match
1qat0ds,2,23,23,0,match
1qat0vt,1,1,1,0,match
1qat0vt,2,23,23,0,match
1qat0w1,1,1,1,0,match
1qat0w1,2,23,23,0,match
1qat1wp,1,1,1,0,match
1qat1wp,2,23,23,0,match
1qat2gy,1,1,1,0,match
1qat2gy,2,2,2,0,match
1qat4as,1,1,1,0,match
1qat4as,2,23,23,0,match
1qat4lm,1,1,1,0,match
1qat4lm,2,23,23,0,match
1qat4rc,1,1,1,0,match
1qat4rc,2,23,23,0,match
1qat4t0,1,1,1,0,match
1qat4t0,2,23,23,0,match
1qat4u3,1,1,1,0,match
1qat4u3,2,23,23,0,match
1qat5pw,1,1,1,0,match
1qat5pw,2,23,23,0,match
1qat5wc,1,1,1,0,match
1qat5wc,2,23,23,0,match
1qat6t5,2,23,23,0,match
1qat793,2,23,23,0,match
1qat7vp,2,23,23,0,match
1qat821,2,23,23,0,match
1qat8hb,2,23,23,0,match
1qat8hl,2,23,23,0,match
1qat93c,2,23,23,0,match
1qat93i,2,23,23,0,match
1qat9ga,2,23,23,0,match
1qat9kg,2,23,23,0,match
1qat9p6,2,23,23,0,match
1qatadu,2,23,23,0,match
1qatal9,2,23,23,0,match
1qatamc,2,23,23,0,match
1qatao8,2,23,23,0,match
1qataw7,2,23,23,0,match
1qatax4,2,23,23,0,match
1qataxs,2,24,24,0,match
1qatcov,2,24,24,0,match
1qatd17,2,24,24,0,match
1qatd37,2,24,24,0,match
1qatdzi,2,24,24,0,match
1qate30,2,24,24,0,match
1qate40,2,19,19,0,match
1qatemj,2,17,17,0,match
1qatery,2,24,24,0,match
1qatfd3,2,24,24,0,match
1qatfe6,2,24,24,0,match
1qatfs2,2,24,24,0,match
1qatg1h,2,24,24,0,match
1qatg1k,2,24,24,0,match
1qatgb8,2,7,7,0,match
1qatgsy,2,24,24,0,match
1qath6k,2,24,24,0,match
1qathea,2,24,24,0,match
1qathfd,2,24,24,0,match
1qatjog,2,24,24,0,match
1qatk4v,2,24,24,0,match
1qatkhn,2,24,24,0,match
1qatkk2,2,24,24,0,match
1qatkkj,2,24,24,0,match
1qatky7,2,24,24,0,match
1qatl40,2,24,24,0,match
1qatlez,2,24,24,0,match
1qatlip,2,24,24,0,match
1qatn18,2,24,24,0,match
1qatnkh,2,24,24,0,match
1qatnnk,2,24,24,0,match
1qatofe,2,24,24,0,match
1qatp1t,2,24,24,0,match
1qatpc6,2,24,24,0,match
1qatpij,2,24,24,0,match
1qatpr9,2,11,11,0,match
1qatpvc,2,24,24,0,match
1qatpvo,2,24,24,0,match
1qatq63,2,24,24,0,match
1qatq7s,2,24,24,0,match
1qatqav,2,24,24,0,match
1qatqcm,2,24,24,0,match
1qatqj8,2,25,25,0,match
1qatqsd,2,25,25,0,match
1qatrda,2,25,25,0,match
1qatrlw,2,6,6,0,match
1qatrnh,2,25,25,0,match
1qatsm5,2,25,25,0,match
1qatsqn,2,25,25,0,match
1qatsv3,2,25,25,0,match
1qatsxs,2,25,25,0,match
1qatt58,2,25,25,0,match
1qattdu,2,25,25,0,match
1qattie,2,25,25,0,match
1qattkf,2,2,2,0,match
1qattyu,2,25,25,0,match
1qatuea,2,25,25,0,match
1qatuuu,2,25,25,0,match
1qatuy2,2,25,25,0,match
1qatv44,2,25,25,0,match
1qatvc8,2,25,25,0,match
1qatvcv,2,5,5,0,match
1qatvds,2,25,25,0,match
1qatvn2,2,18,18,0,match
1qatvna,2,25,25,0,match
1qatvwo,2,25,25,0,match
1qatw0z,2,25,25,0,match
1qatwsu,2,25,25,0,match
1qatx2e,2,21,21,0,match
1qatx8c,2,25,25,0,match
1qatxj3,2,25,25,0,match
1qatxpj,2,25,25,0,match
1qatxud,2,25,25,0,match
1qatysv,2,25,25,0,match
1qatytz,2,25,25,0,match
1qatz95,2,25,25,0,match
1qatzau,2,25,25,0,match
1qatzj2,2,11,11,0,match
1qatztr,2,25,25,0,match
1qau044,2,25,25,0,match
1qau0gw,2,25,25,0,match
1qau0wb,2,25,25,0,match
1qau10h,2,25,25,0,match
1qau1t4,2,25,25,0,match
1qau23m,2,25,25,0,match
1qau25d,2,2,2,0,match
1qau2t5,2,25,25,0,match
1qau2wj,2,25,25,0,match
1qau2yi,2,25,25,0,match
1qau3a7,2,25,25,0,match
1qau3ba,2,15,15,0,match
1qau3hh,2,25,25,0,match
1qau3q0,2,25,25,0,match
1qau3r6,2,25,25,0,match
1qau3wr,2,25,25,0,match
1qau4hb,2,26,26,0,match
1qau4uq,2,26,26,0,match
1qau4w6,2,26,26,0,match
1qau5qr,2,26,26,0,match
1qau6rn,2,26,26,0,match
1qau77e,2,26,26,0,match
1qau7jy,2,26,26,0,match
1qau7n5,2,26,26,0,match
1qau7w4,2,2,2,0,match
1qau85x,2,26,26,0,match
1qau874,2,26,26,0,match
1qau8tj,2,26,26,0,match
1qau9qd,2,26,26,0,match
1qau9yu,2,26,26,0,match
1qaua42,2,26,26,0,match
1qauc1s,2,26,26,0,match
1qauc2b,2,26,26,0,match
1qauc4p,2,26,26,0,match
1qauc92,2,26,26,0,match
1qauctc,2,6,6,0,match
1qaucxj,2,26,26,0,match
1qaudkg,2,25,25,0,match
1qaudnn,2,26,26,0,match
1qaue1l,2,26,26,0,match
1qauehm,2,26,26,0,match
1qauer7,2,26,26,0,match
1qauez9,2,26,26,0,match
1qaug7i,2,26,26,0,match
1qaug87,2,26,26,0,match
1qaugz7,2,26,26,0,match
1qauh3i,2,26,26,0,match
1qauh67,2,26,26,0,match
1qauh8p,2,26,26,0,match
1qauhp0,2,26,26,0,match
1qaui16,2,26,26,0,match
1qauinm,2,26,26,0,match
1qauipo,2,26,26,0,match
1qauj67,2,2,2,0,match
1qaujbv,2,26,26,0,match
1qaujch,2,3,3,0,match
1qaujd2,2,26,26,0,match
1qaujit,2,26,26,0,match
1qaujxa,2,14,14,0,match
1qauke2,2,26,26,0,match
1qaukkn,2,27,27,0,match
1qaukpn,2,27,27,0,match
1qaukx8,2,27,27,0,match
1qaulf6,2,27,27,0,match
1qaulgb,2,25,25,0,match
1qaum69,2,27,27,0,match
1qaumfd,2,27,27,0,match
1qaumg8,2,27,27,0,match
1qaumps,2,27,27,0,match
1qaunei,2,27,27,0,match
1qaungf,2,27,27,0,match
1qaunm2,2,27,27,0,match
1qauo5y,2,27,27,0,match
1qauodb,2,27,27,0,match
1qauojz,2,27,27,0,match
1qaup6w,2,6,6,0,match
1qauqau,2,27,27,0,match
1qauqul,2,4,4,0,match
1qauqye,2,27,27,0,match
1qauqyj,2,27,27,0,match
1qaur1n,2,2,2,0,match
1qaur8j,2,27,27,0,match
1qaurj9,2,27,27,0,match
1qaurjo,2,27,27,0,match
1qaurmx,2,27,27,0,match
1qaurng,2,7,7,0,match
1qausea,2,27,27,0,match
1qausoc,2,27,27,0,match
1qauss3,2,27,27,0,match
1qaut8f,2,27,27,0,match
1qautqc,2,27,27,0,match
1qauuwk,2,27,27,0,match
1qauvnr,2,27,27,0,match
1qauw4u,2,27,27,0,match
1qauwrv,2,28,28,0,match
1qauws1,2,28,28,0,match
1qauws6,2,6,6,0,match
1qaux4e,2,2,2,0,match
1qaux9v,2,28,28,0,match
1qauyfy,2,28,28,0,match
1qauyqe,2,2,2,0,match
1qauyr4,2,28,28,0,match
1qauzdz,2,28,28,0,match
1qauzr1,2,28,28,0,match
1qav0ek,2,28,28,0,match
1qav0pc,2,28,28,0,match
1qav0rl,2,28,28,0,match
1qav18s,2,28,28,0,match
1qav2db,2,28,28,0,match
1qav2kn,2,27,27,0,match
1qav2pw,2,27,27,0,match
1qav2qt,2,27,27,0,match
1qav31u,2,27,27,0,match
1qav33j,2,27,27,0,match
1qav3kb,2,27,27,0,match
1qav3qh,2,27,27,0,match
1qav4e5,2,27,27,0,match
1qav4k2,2,27,27,0,match
1qav4sa,2,27,27,0,match
1qav4tf,2,27,27,0,match
1qav54s,2,20,20,0,match
1qav5vk,2,27,27,0,match
1qav6bk,2,27,27,0,match
1qav7nm,2,27,27,0,match
1qav96d,2,27,27,0,match
1qav97o,2,2,2,0,match
1qavaoa,2,27,27,0,match
1qavaqf,2,27,27,0,match
1qavc10,2,2,2,0,match
1qavc9x,2,27,27,0,match
1qavcq9,2,27,27,0,match
1qavcx9,2,27,27,0,match
1qavdgy,2,27,27,0,match
1qavekq,2,1,1,0,match
1qavex6,2,27,27,0,match
1qavf24,2,27,27,0,match
1qavf9o,2,27,27,0,match
1qavfaq,2,27,27,0,match
1qavff9,2,26,26,0,match
1qavgml,2,26,26,0,match
1qavgt9,2,26,26,0,match
1qavhpv,2,27,27,0,match
1qavhuv,2,27,27,0,match
1qavi49,2,27,27,0,match
1qavjyt,2,27,27,0,match
1qavk48,2,27,27,0,match
1qavl7u,2,27,27,0,match
1qavm5x,2,27,27,0,match
1qavmkg,2,27,27,0,match
1qavmt4,2,27,27,0,match
1qavn0s,2,27,27,0,match
1qavnaf,2,27,27,0,match
1qavndt,2,27,27,0,match
1qavnht,2,27,27,0,match
1qavolj,2,27,27,0,match
1qavox7,2,27,27,0,match
1qavpbo,2,27,27,0,match
1qavpdp,2,2,2,0,match
1qavpt1,2,2,2,0,match
1qavqg9,2,27,27,0,match
1qavqpc,2,27,27,0,match
1qavr57,2,27,27,0,match
1qavrzj,2,20,20,0,match
1qavsfr,2,1,1,0,match
1qavslr,2,27,27,0,match
1qavszl,2,26,26,0,match
1qavt8w,2,26,26,0,match
1qavubm,2,6,6,0,match
1qavva6,2,26,26,0,match
1qavw25,2,27,27,0,match
1qavw76,2,27,27,0,match
1qavx2n,2,28,28,0,match
1qavxhk,2,28,28,0,match
1qavyqd,2,28,28,0,match
1qavz07,2,28,28,0,match
1qavz87,2,2,2,0,match
1qavzap,2,2,2,0,match
1qavzq5,2,28,28,0,match
1qaw0ji,2,28,28,0,match
1qaw1jv,2,28,28,0,match
1qaw1ol,2,20,20,0,match
1qaw1p8,2,28,28,0,match
1qaw24h,2,28,28,0,match
1qaw253,2,28,28,0,match
1qaw2ba,2,28,28,0,match
1qaw3jn,2,28,28,0,match
1qaw3xq,2,28,28,0,match
1qaw4c2,2,28,28,0,match
1qaw4oj,2,28,28,0,match
1qaw4vc,2,28,28,0,match
1qaw57c,2,28,28,0,match
1qaw5do,2,28,28,0,match
1qaw5jo,2,28,28,0,match
1qaw6bd,2,27,27,0,match
1qaw6d8,2,27,27,0,match
1qaw6g0,2,27,27,0,match
1qaw6tu,2,27,27,0,match
1qaw7wl,2,27,27,0,match
1qaw81k,2,26,26,0,match
1qaw8ul,2,27,27,0,match
1qaw8ym,2,27,27,0,match
1qaw97t,2,27,27,0,match
1qaw9ar,2,27,27,0,match
1qaw9ot,2,27,27,0,match
1qawcn3,2,5,5,0,match
1qawcv9,2,27,27,0,match
1qawcve,2,27,27,0,match
1qawe0h,2,27,27,0,match
1qawe41,2,27,27,0,match
1qawe5e,2,27,27,0,match
1qawe8e,2,27,27,0,match
1qawedw,2,27,27,0,match
1qawf51,2,27,27,0,match
1qawfc7,2,27,27,0,match
1qawfq9,2,27,27,0,match
1qawfz2,2,27,27,0,match
1qawgc2,2,27,27,0,match
1qawglz,2,4,4,0,match
1qawgn0,2,27,27,0,match
1qawh3n,2,27,27,0,match
1qawhcr,2,27,27,0,match
1qawhiw,2,27,27,0,match
1qawi1y,2,27,27,0,match
1qawi3n,2,1,1,0,match
1qawi9k,2,4,4,0,match
1qawia4,2,27,27,0,match
1qawiax,2,27,27,0,match
1qawid9,2,27,27,0,match
1qawiet,2,27,27,0,match
1qawiq0,2,27,27,0,match
1qawit8,2,27,27,0,match
1qawjgc,2,27,27,0,match
1qawl03,2,26,26,0,match
1qawl3x,2,26,26,0,match
1qawlnj,2,26,26,0,match
1qawmbo,2,26,26,0,match
1qawmr7,2,26,26,0,match
1qawmvq,2,26,26,0,match
1qawn2o,2,26,26,0,match
1qawnzf,2,26,26,0,match
1qawoco,2,26,26,0,match
1qawok5,2,26,26,0,match
1qawp1c,2,26,26,0,match
1qawp2t,2,26,26,0,match
1qawplz,2,26,26,0,match
1qawpo0,2,26,26,0,match
1qawpob,2,26,26,0,match
1qawq2k,2,26,26,0,match
1qawq3a,2,26,26,0,match
1qawqj9,2,26,26,0,match
1qawqx5,2,26,26,0,match
1qawrd5,2,26,26,0,match
1qawsfg,2,26,26,0,match
1qawshb,2,26,26,0,match
1qawsk5,2,27,27,0,match
1qawso8,2,24,24,0,match
1qawta2,2,27,27,0,match
1qawtf6,2,27,27,0,match
1qawton,2,1,1,0,match
1qawtsu,2,27,27,0,match
1qawual,2,27,27,0,match
1qawuam,2,27,27,0,match
1qawuhj,2,27,27,0,match
1qawusl,2,27,27,0,match
1qawv2k,2,1,1,0,match
1qawvgg,2,27,27,0,match
1qawvju,2,27,27,0,match
1qawvw5,2,27,27,0,match
1qaww3f,2,27,27,0,match
1qaww8m,2,27,27,0,match
1qawxah,2,27,27,0,match
1qawxrf,2,26,26,0,match
1qawxyg,2,26,26,0,match
1qawxzm,2,26,26,0,match
1qawy2p,2,4,4,0,match
1qawytm,2,26,26,0,match
1qawzaz,2,26,26,0,match
1qawzry,2,26,26,0,match
1qax0fd,2,26,26,0,match
1qax0ie,2,26,26,0,match
1qax0kr,2,26,26,0,match
1qax10l,2,26,26,0,match
1qax14s,2,26,26,0,match
1qax1j5,2,26,26,0,match
1qax1sf,2,26,26,0,match
1qax1ss,2,26,26,0,match
1qax260,2,26,26,0,match
1qax2g0,2,26,26,0,match
1qax359,2,26,26,0,match
1qax3hq,2,26,26,0,match
1qax3oe,2,26,26,0,match
1qax3p3,2,26,26,0,match
1qax4ah,2,26,26,0,match
1qax5j8,2,26,26,0,match
1qax5y5,2,1,1,0,match
1qax63z,2,26,26,0,match
1qax64b,2,11,11,0,match
1qax663,2,26,26,0,match
1qax6e8,2,26,26,0,match
1qax6f7,2,26,26,0,match
1qax6fw,2,20,20,0,match
1qax6p6,2,26,26,0,match
1qax6pl,2,11,11,0,match
1qax76r,2,26,26,0,match
1qax7b4,2,26,26,0,match
1qax7bh,2,26,26,0,match
1qax7f9,2,26,26,0,match
1qax7jw,2,26,26,0,match
1qax7vc,2,26,26,0,match
1qax85i,2,26,26,0,match
1qax8g1,2,27,27,0,match
1qax8ik,2,27,27,0,match
1qax8k8,2,27,27,0,match
1qax95a,2,27,27,0,match
1qax961,2,27,27,0,match
1qax9go,2,27,27,0,match
1qax9v4,2,27,27,0,match
1qax9xo,2,27,27,0,match
1qax9z5,2,27,27,0,match
1qaxalk,2,27,27,0,match
1qaxaq3,2,27,27,0,match
1qaxav8,2,27,27,0,match
1qaxb87,2,27,27,0,match
1qaxbbq,2,27,27,0,match
1qaxbll,2,27,27,0,match
1qaxbvj,2,26,26,0,match
1qaxc0w,2,1,1,0,match
1qaxc6j,2,26,26,0,match
1qaxcaj,2,26,26,0,match
1qaxccm,2,26,26,0,match
1qaxdkb,2,26,26,0,match
1qaxegu,2,14,14,0,match
1qaxf9a,2,26,26,0,match
1qaxfb1,2,26,26,0,match
1qaxfoj,2,26,26,0,match
1qaxfy0,2,26,26,0,match
1qaxg76,2,26,26,0,match
1qaxh40,2,26,26,0,match
1qaxhfi,2,26,26,0,match
1qaxi4h,2,26,26,0,match
1qaxj42,2,26,26,0,match
1qaxj94,2,3,3,0,match
1qaxjox,2,26,26,0,match
1qaxk8y,2,26,26,0,match
1qaxkmz,2,6,6,0,match
1qaxkpm,2,24,24,0,match
1qaxl2b,2,11,11,0,match
1qaxl7y,2,26,26,0,match
1qaxla6,2,26,26,0,match
1qaxlly,2,26,26,0,match
1qaxlx5,2,26,26,0,match
1qaxmbe,2,26,26,0,match
1qaxmtp,2,26,26,0,match
1qaxn20,2,26,26,0,match
1qaxndj,2,26,26,0,match
1qaxnk0,2,26,26,0,match
1qaxnm0,2,26,26,0,match
1qaxnoy,2,26,26,0,match
1qaxnql,2,1,1,0,match
1qaxo1y,2,26,26,0,match
1qaxo2n,2,26,26,0,match
1qaxo4z,2,26,26,0,match
1qaxohk,2,26,26,0,match
1qaxolm,2,12,12,0,match
1qaxols,2,26,26,0,match
1qaxopp,2,26,26,0,match
1qaxpcc,2,26,26,0,match
1qaxpqz,2,26,26,0,match
1qaxptd,2,26,26,0,match
1qaxqd2,2,25,25,0,match
1qaxqho,2,8,8,0,match
1qaxrt6,2,25,25,0,match
1qaxsaw,2,25,25,0,match
1qaxsvf,2,25,25,0,match
1qaxswh,2,25,25,0,match
1qaxubl,2,25,25,0,match
1qaxubx,2,25,25,0,match
1qaxufl,2,25,25,0,match
1qaxulu,2,1,1,0,match
1qaxw57,2,25,25,0,match
1qaxwdd,2,1,1,0,match
1qaxwju,2,25,25,0,match
1qaxx4r,2,25,25,0,match
1qaxx56,2,25,25,0,match
1qaxyjo,2,2,2,0,match
1qaxz6a,2,25,25,0,match
1qaxzhi,2,25,25,0,match
1qaxzk2,2,25,25,0,match
1qay1on,2,25,25,0,match
1qay25e,2,25,25,0,match
1qay28j,2,25,25,0,match
1qay2fw,2,25,25,0,match
1qay2jl,2,25,25,0,match
1qay2kx,2,25,25,0,match
1qay2lj,2,2,2,0,match
1qay3o1,2,25,25,0,match
1qay477,2,25,25,0,match
1qay4g3,2,25,25,0,match
1qay583,2,24,24,0,match
1qay61t,2,24,24,0,match
1qay68p,2,24,24,0,match
1qay6zf,2,24,24,0,match
1qay7jr,2,24,24,0,match
1qay7qh,2,24,24,0,match
1qay7tq,2,24,24,0,match
1qay7y5,2,24,24,0,match
1qay8fn,2,24,24,0,match
1qay8gl,2,24,24,0,match
1qay9e6,2,24,24,0,match
1qay9ha,2,5,5,0,match
1qay9sv,2,24,24,0,match
1qay9wi,2,24,24,0,match
1qaya2p,2,24,24,0,match
1qayaho,2,24,24,0,match
1qayalz,2,24,24,0,match
1qayao0,2,24,24,0,match
1qayazq,2,24,24,0,match
1qaycrb,2,24,24,0,match
1qaydfu,2,24,24,0,match
1qaye60,2,24,24,0,match
1qayeqi,2,4,4,0,match
1qayezo,2,24,24,0,match
1qayf8n,2,24,24,0,match
1qayfhh,2,24,24,0,match
1qayfi5,2,24,24,0,match
1qayg13,2,24,24,0,match
1qayghq,2,1,1,0,match
1qayh14,2,24,24,0,match
1qayh3y,2,24,24,0,match
1qayhib,2,24,24,0,match
1qayhsz,2,1,1,0,match
1qayioj,2,24,24,0,match
1qayit5,2,24,24,0,match
1qayj0z,2,24,24,0,match
1qaykkn,2,23,23,0,match
1qayktm,2,23,23,0,match
1qaykuz,2,23,23,0,match
1qaykvl,2,23,23,0,match
1qaym05,2,23,23,0,match
1qaymao,2,23,23,0,match
1qaymdn,2,23,23,0,match
1qayn0k,2,23,23,0,match
1qayneh,2,4,4,0,match
1qaynlm,2,16,16,0,match
1qayoi1,2,23,23,0,match
1qayoou,2,23,23,0,match
1qayoyo,2,23,23,0,match
1qayoz0,2,23,23,0,match
1qaypi2,2,23,23,0,match
1qaypk7,2,23,23,0,match
1qayq2k,2,23,23,0,match
1qayq4v,2,23,23,0,match
1qayqhh,2,23,23,0,match
1qayqm5,2,23,23,0,match
1qayr2q,2,23,23,0,match
1qayrnm,2,23,23,0,match
1qaysk4,2,23,23,0,match
1qaystg,2,19,19,0,match
1qayt2t,2,23,23,0,match
1qaytcr,2,23,23,0,match
1qaytgt,2,23,23,0,match
1qaytrf,2,7,7,0,match
1qayttl,2,23,23,0,match
1qaytw7,2,23,23,0,match
1qayuam,2,23,23,0,match
1qayufb,2,23,23,0,match
1qayukr,2,8,8,0,match
1qayuma,2,23,23,0,match
1qayvft,2,23,23,0,match
1qayvyi,2,23,23,0,match
1qayxar,2,23,23,0,match
1qayxcu,2,23,23,0,match
1qayxez,2,23,23,0,match
1qayyd9,2,23,23,0,match
1qayyus,2,2,2,0,match
1qayyw2,2,22,22,0,match
1qayz3u,2,22,22,0,match
1qayz6k,2,3,3,0,match
1qayzcx,2,22,22,0,match
1qayzgl,2,22,22,0,match
1qayzhc,2,22,22,0,match
1qayzo3,2,10,10,0,match
1qaz01f,2,22,22,0,match
1qaz14g,2,22,22,0,match
1qaz1da,2,22,22,0,match
1qaz2m3,2,22,22,0,match
1qaz2z4,2,22,22,0,match
1qaz2z9,2,22,22,0,match
1qaz32a,2,21,21,0,match
1qaz3mm,2,22,22,0,match
1qaz3ww,2,22,22,0,match
1qaz3zw,2,22,22,0,match
1qaz46i,2,22,22,0,match
1qaz4eg,2,22,22,0,match
1qaz4j1,2,22,22,0,match
1qaz4ps,2,22,22,0,match
1qaz5wf,2,10,10,0,match
1qaz61k,2,22,22,0,match
1qaz653,2,22,22,0,match
1qaz685,2,22,22,0,match
1qaz6ka,2,22,22,0,match
1qaz7bp,2,22,22,0,match
1qaz7gt,2,22,22,0,match
1qaz8b4,2,22,22,0,match
1qaz8zy,2,22,22,0,match
1qaz93y,2,22,22,0,match
1qaz9df,2,1,1,0,match
1qaz9fl,2,22,22,0,match
1qaz9re,2,22,22,0,match
1qaz9sw,2,22,22,0,match
1qaz9zn,2,22,22,0,match
1qaza5b,2,22,22,0,match
1qazan0,2,22,22,0,match
1qazan1,2,22,22,0,match
1qazas8,2,22,22,0,match
1qazb0t,2,22,22,0,match
1qazbmq,2,1,1,0,match
1qazc11,2,22,22,0,match
1qazclf,2,2,2,0,match
1qazcmz,2,22,22,0,match
1qazcvc,2,22,22,0,match
1qazd6x,2,22,22,0,match
1qazdal,2,22,22,0,match
1qazdmx,2,22,22,0,match
1qazdzx,2,8,8,0,match
1qazeu0,2,21,21,0,match
1qazfhy,2,21,21,0,match
1qazg61,2,21,21,0,match
1qazgr3,2,21,21,0,match
1qazgv8,2,21,21,0,match
1qazj6y,2,21,21,0,match
1qazjfl,2,1,1,0,match
1qazjug,2,21,21,0,match
1qazjys,2,21,21,0,match
1qazk8s,2,21,21,0,match
1qazl83,2,21,21,0,match
1qazlh6,2,21,21,0,match
1qazli4,2,21,21,0,match
1qazll2,2,21,21,0,match
1qazlyq,2,21,21,0,match
1qazmql,2,21,21,0,match
1qazmsp,2,21,21,0,match
1qazn8g,2,9,9,0,match
1qazokz,2,21,21,0,match
1qazpa6,2,21,21,0,match
1qazpcc,2,22,22,0,match
1qazpfy,2,22,22,0,match
1qazpor,2,22,22,0,match
1qazpqm,2,1,1,0,match
1qazpsq,2,22,22,0,match
1qazqjd,2,22,22,0,match
1qazqmo,2,22,22,0,match
1qazr6x,2,22,22,0,match
1qazrhn,2,22,22,0,match
1qazrpu,2,22,22,0,match
1qazrvh,2,22,22,0,match
1qazs13,2,17,17,0,match
1qazs4x,2,22,22,0,match
1qazskd,2,22,22,0,match
1qazsmf,2,22,22,0,match
1qazszb,2,22,22,0,match
1qaztg1,2,21,21,0,match
1qaztg1,3,1,1,0,match
1qaztv1,2,21,21,0,match
1qaztv1,3,1,1,0,match
1qazu2z,2,21,21,0,match
1qazu2z,3,1,1,0,match
1qazukg,2,21,21,0,match
1qazukg,3,1,1,0,match
1qazv5k,2,21,21,0,match
1qazv5k,3,1,1,0,match
1qazv9t,2,21,21,0,match
1qazv9t,3,1,1,0,match
1qazvh8,2,21,21,0,match
1qazvh8,3,1,1,0,match
1qazw07,2,21,21,0,match
1qazw07,3,1,1,0,match
1qazw2v,2,21,21,0,match
1qazw2v,3,1,1,0,match
1qazwhs,2,21,21,0,match
1qazwhs,3,1,1,0,match
1qazwxv,2,21,21,0,match
1qazwxv,3,1,1,0,match
1qazxpm,2,21,21,0,match
1qazxpm,3,1,1,0,match
1qazy3t,2,16,16,0,match
1qazy6u,2,21,21,0,match
1qazy6u,3,1,1,0,match
1qazynk,2,21,21,0,match
1qazynk,3,1,1,0,match
1qazyob,2,21,21,0,match
1qazyob,3,1,1,0,match
1qazyvu,2,21,21,0,match
1qazyvu,3,1,1,0,match
1qazz1r,2,21,21,0,match
1qazz1r,3,1,1,0,match
1qazze5,2,21,21,0,match
1qazzrb,2,21,21,0,match
1qazzrb,3,1,1,0,match
1qb00o2,2,1,1,0,match
1qb00oe,2,21,21,0,match
1qb00oe,3,1,1,0,match
1qb00sc,2,16,16,0,match
1qb00th,2,21,21,0,match
1qb00th,3,1,1,0,match
1qb015j,2,21,21,0,match
1qb015j,3,1,1,0,match
1qb01ab,2,21,21,0,match
1qb01ab,3,1,1,0,match
1qb01dz,2,21,21,0,match
1qb01dz,3,1,1,0,match
1qb01kl,2,1,1,0,match
1qb020u,2,21,21,0,match
1qb020u,3,1,1,0,match
1qb02dd,2,21,21,0,match
1qb02dd,3,1,1,0,match
1qb02fl,2,21,21,0,match
1qb02fl,3,1,1,0,match
1qb02i1,2,21,21,0,match
1qb02i1,3,1,1,0,match
1qb02nh,2,21,21,0,match
1qb02nh,3,1,1,0,match
1qb03bh,2,21,21,0,match
1qb03bh,3,1,1,0,match
1qb03fj,2,21,21,0,match
1qb03fj,3,1,1,0,match
1qb03jo,2,21,21,0,match
1qb03jo,3,1,1,0,match
1qb03sy,2,21,21,0,match
1qb03sy,3,1,1,0,match
1qb04uh,2,21,21,0,match
1qb04uh,3,1,1,0,match
1qb04vy,2,21,21,0,match
1qb04vy,3,1,1,0,match
1qb054p,2,21,21,0,match
1qb054p,3,1,1,0,match
1qb0562,2,21,21,0,match
1qb0562,3,1,1,0,match
1qb05at,2,21,21,0,match
1qb05at,3,1,1,0,match
1qb05l6,2,16,16,0,match
1qb06dg,2,21,21,0,match
1qb06dg,3,1,1,0,match
1qb06g4,2,16,16,0,match
1qb06vu,2,21,21,0,match
1qb06vu,3,1,1,0,match
1qb077j,2,21,21,0,match
1qb077j,3,1,1,0,match
1qb07dy,2,21,21,0,match
1qb07dy,3,1,1,0,match
1qb07io,2,1,1,0,match
1qb07iv,2,1,1,0,match
1qb07pz,2,21,21,0,match
1qb07pz,3,1,1,0,match
1qb07qo,2,16,16,0,match
1qb07sw,2,21,21,0,match
1qb07sw,3,1,1,0,match
1qb07ul,2,1,1,0,match
1qb08hm,2,20,20,0,match
1qb08hm,3,1,1,0,match
1qb08me,2,20,20,0,match
1qb08me,3,1,1,0,match
1qb08mh,2,20,20,0,match
1qb08mh,3,1,1,0,match
1qb08ng,2,20,20,0,match
1qb08ng,3,1,1,0,match
1qb09j8,2,20,20,0,match
1qb09j8,3,1,1,0,match
1qb09jh,2,20,20,0,match
1qb09jh,3,1,1,0,match
1qb09km,2,20,20,0,match
1qb09km,3,1,1,0,match
1qb0a36,2,7,7,0,match
1qb0ad1,2,20,20,0,match
1qb0ad1,3,1,1,0,match
1qb0ad2,2,20,20,0,match
1qb0ad2,3,1,1,0,match
1qb0aut,2,20,20,0,match
1qb0aut,3,1,1,0,match
1qb0ay1,2,20,20,0,match
1qb0ay1,3,1,1,0,match
1qb0b72,2,20,20,0,match
1qb0b72,3,1,1,0,match
1qb0bak,2,1,1,0,match
1qb0bs6,2,2,2,0,match
1qb0c8p,2,20,20,0,match
1qb0c8p,3,1,1,0,match
1qb0cc0,2,20,20,0,match
1qb0cc0,3,1,1,0,match
1qb0cgz,2,20,20,0,match
1qb0cgz,3,1,1,0,match
1qb0d1d,2,20,20,0,match
1qb0d1d,3,1,1,0,match
1qb0d33,2,20,20,0,match
1qb0d33,3,1,1,0,match
1qb0dec,2,20,20,0,match
1qb0dec,3,1,1,0,match
1qb0dfc,2,20,20,0,match
1qb0dfc,3,1,1,0,match
1qb0dgt,2,20,20,0,match
1qb0dgt,3,1,1,0,match
1qb0ds5,2,20,20,0,match
1qb0ds5,3,1,1,0,match
1qb0ds7,2,20,20,0,match
1qb0ds7,3,1,1,0,match
1qb0ekk,2,20,20,0,match
1qb0ekk,3,1,1,0,match
1qb0f2d,2,20,20,0,match
1qb0f2d,3,1,1,0,match
1qb0f8u,2,3,3,0,match
1qb0fme,2,20,20,0,match
1qb0fme,3,1,1,0,match
1qb0fs3,2,20,20,0,match
1qb0fs3,3,1,1,0,match
1qb0fzw,2,20,20,0,match
1qb0fzw,3,1,1,0,match
1qb0g4d,2,20,20,0,match
1qb0g4d,3,1,1,0,match
1qb0g9s,2,20,20,0,match
1qb0g9s,3,1,1,0,match
1qb0gt6,2,20,20,0,match
1qb0gt6,3,1,1,0,match
1qb0hu3,2,20,20,0,match
1qb0hu3,3,1,1,0,match
1qb0ijh,2,20,20,0,match
1qb0ijh,3,1,1,0,match
1qb0jco,2,20,20,0,match
1qb0jco,3,1,1,0,match
1qb0jn4,2,20,20,0,match
1qb0jn4,3,1,1,0,match
1qb0ju4,2,20,20,0,match
1qb0ju4,3,1,1,0,match
1qb0jz1,2,20,20,0,match
1qb0jz1,3,1,1,0,match
1qb0km6,2,20,20,0,match
1qb0km6,3,1,1,0,match
1qb0kxy,2,20,20,0,match
1qb0kxy,3,1,1,0,match
1qb0lqv,2,20,20,0,match
1qb0lqv,3,1,1,0,match
1qb0m5o,2,20,20,0,match
1qb0m5o,3,1,1,0,match
1qb0n47,2,20,20,0,match
1qb0n47,3,1,1,0,match
1qb0nbr,2,20,20,0,match
1qb0nbr,3,1,1,0,match
1qb0nek,2,20,20,0,match
1qb0nek,3,1,1,0,match
1qb0nf5,2,20,20,0,match
1qb0nf5,3,1,1,0,match
1qb0nz7,2,19,19,0,match
1qb0nz7,3,1,1,0,match
1qb0o6n,2,19,19,0,match
1qb0o6n,3,1,1,0,match
1qb0o6o,2,19,19,0,match
1qb0o6o,3,1,1,0,match
1qb0obv,2,19,19,0,match
1qb0obv,3,1,1,0,match
1qb0pdv,2,19,19,0,match
1qb0pdv,3,1,1,0,match
1qb0q9l,2,19,19,0,match
1qb0q9l,3,1,1,0,match
1qb0qg5,2,19,19,0,match
1qb0qg5,3,1,1,0,match
1qb0qgx,2,7,7,0,match
1qb0qhp,2,19,19,0,match
1qb0qhp,3,1,1,0,match
1qb0qky,2,19,19,0,match
1qb0qky,3,1,1,0,match
1qb0rwd,2,19,19,0,match
1qb0rwd,3,1,1,0,match
1qb0rzr,2,19,19,0,match
1qb0sdf,2,19,19,0,match
1qb0sdf,3,1,1,0,match
1qb0ssb,2,19,19,0,match
1qb0ssb,3,1,1,0,match
1qb0t1a,2,19,19,0,match
1qb0t1a,3,2,2,0,match
1qb0top,2,19,19,0,match
1qb0top,3,2,2,0,match
1qb0uud,2,19,19,0,match
1qb0uud,3,2,2,0,match
1qb0ux3,2,19,19,0,match
1qb0ux3,3,2,2,0,match
1qb0v7l,2,19,19,0,match
1qb0v7l,3,2,2,0,match
1qb0wbm,2,19,19,0,match
1qb0wbm,3,2,2,0,match
1qb0x6w,2,19,19,0,match
1qb0x6w,3,2,2,0,match
1qb0y29,2,3,3,0,match
1qb0y7j,2,19,19,0,match
1qb0y7j,3,2,2,0,match
1qb0y99,2,19,19,0,match
1qb0y99,3,2,2,0,match
1qb0y9u,2,19,19,0,match
1qb0y9u,3,2,2,0,match
1qb0ycu,2,19,19,0,match
1qb0ycu,3,2,2,0,match
1qb0yl9,2,19,19,0,match
1qb0yx2,2,19,19,0,match
1qb0yx2,3,2,2,0,match
1qb0z8j,2,1,1,0,match
1qb0zfv,2,19,19,0,match
1qb0zfv,3,2,2,0,match
1qb0zu2,2,19,19,0,match
1qb0zu2,3,2,2,0,match
1qb107t,2,14,14,0,match
1qb10b6,2,19,19,0,match
1qb10b6,3,2,2,0,match
1qb10dx,2,19,19,0,match
1qb10dx,3,2,2,0,match
1qb1134,2,19,19,0,match
1qb1134,3,2,2,0,match
1qb118i,2,19,19,0,match
1qb118i,3,2,2,0,match
1qb11qm,2,19,19,0,match
1qb11qm,3,2,2,0,match
1qb11zh,2,4,4,0,match
1qb123r,2,19,19,0,match
1qb123r,3,2,2,0,match
1qb125x,2,19,19,0,match
1qb125x,3,2,2,0,match
1qb12py,2,19,19,0,match
1qb12py,3,2,2,0,match
1qb12r3,2,19,19,0,match
1qb12r3,3,2,2,0,match
1qb1350,2,18,18,0,match
1qb1350,3,2,2,0,match
1qb13pp,2,18,18,0,match
1qb13pp,3,2,2,0,match
1qb13z9,2,18,18,0,match
1qb13z9,3,2,2,0,match
1qb144g,2,18,18,0,match
1qb144g,3,2,2,0,match
1qb14jp,2,18,18,0,match
1qb14jp,3,2,2,0,match
1qb14xo,2,18,18,0,match
1qb14xo,3,2,2,0,match
1qb155q,2,9,9,0,match
1qb1648,2,18,18,0,match
1qb1648,3,2,2,0,match
1qb167v,2,18,18,0,match
1qb167v,3,2,2,0,match
1qb16ea,2,18,18,0,match
1qb16ea,3,2,2,0,match
1qb16fn,2,18,18,0,match
1qb16fn,3,2,2,0,match
1qb16sr,2,18,18,0,match
1qb16sr,3,2,2,0,match
1qb17ur,2,9,9,0,match
1qb185h,2,18,18,0,match
1qb185h,3,2,2,0,match
1qb18ab,2,18,18,0,match
1qb18ab,3,2,2,0,match
1qb18h5,2,18,18,0,match
1qb18h5,3,2,2,0,match
1qb18mo,2,18,18,0,match
1qb18mo,3,2,2,0,match
1qb18tg,2,18,18,0,match
1qb18tg,3,2,2,0,match
1qb19p7,2,18,18,0,match
1qb19p7,3,2,2,0,match
1qb19sy,2,18,18,0,match
1qb19sy,3,2,2,0,match
1qb1a6i,2,18,18,0,match
1qb1a6i,3,3,3,0,match
1qb1ahb,2,18,18,0,match
1qb1ahb,3,3,3,0,match
1qb1b6w,2,18,18,0,match
1qb1b6w,3,3,3,0,match
1qb1d5l,2,18,18,0,match
1qb1d5l,3,3,3,0,match
1qb1ego,2,18,18,0,match
1qb1ego,3,3,3,0,match
1qb1f00,2,18,18,0,match
1qb1f00,3,3,3,0,match
1qb1f5p,2,6,6,0,match
1qb1fb0,2,18,18,0,match
1qb1fb0,3,3,3,0,match
1qb1g9u,2,18,18,0,match
1qb1g9u,3,3,3,0,match
1qb1ijp,2,17,17,0,match
1qb1ijp,3,3,3,0,match
1qb1jz0,2,17,17,0,match
1qb1jz0,3,3,3,0,match
1qb1k7v,2,5,5,0,match
1qb1ke3,2,17,17,0,match
1qb1ke3,3,3,3,0,match
1qb1kua,2,17,17,0,match
1qb1kua,3,3,3,0,match
1qb1la2,2,17,17,0,match
1qb1la2,3,3,3,0,match
1qb1la3,2,17,17,0,match
1qb1la3,3,3,3,0,match
1qb1ln4,2,3,3,0,match
1qb1lp8,2,17,17,0,match
1qb1lp8,3,3,3,0,match
1qb1m3p,2,1,1,0,match
1qb1n7b,2,17,17,0,match
1qb1n7b,3,3,3,0,match
1qb1n83,2,17,17,0,match
1qb1n83,3,3,3,0,match
1qb1np4,2,17,17,0,match
1qb1np4,3,3,3,0,match
1qb1nwd,2,17,17,0,match
1qb1nwd,3,3,3,0,match
1qb1pso,2,17,17,0,match
1qb1pwf,2,17,17,0,match
1qb1pwf,3,3,3,0,match
1qb1q3d,2,17,17,0,match
1qb1q3d,3,3,3,0,match
1qb1q9o,2,17,17,0,match
1qb1q9o,3,3,3,0,match
1qb1qg6,2,1,1,0,match
1qb1qq4,2,11,11,0,match
1qb1r74,2,16,16,0,match
1qb1r8q,2,17,17,0,match
1qb1r8q,3,3,3,0,match
1qb1rt3,2,17,17,0,match
1qb1rt3,3,3,3,0,match
1qb1rz9,2,17,17,0,match
1qb1rz9,3,3,3,0,match
1qb1s3t,2,17,17,0,match
1qb1s3t,3,3,3,0,match
1qb1sna,2,17,17,0,match
1qb1sna,3,3,3,0,match
1qb1srz,2,17,17,0,match
1qb1srz,3,3,3,0,match
1qb1szl,2,12,12,0,match
1qb1szl,3,3,3,0,match
1qb1t9x,2,17,17,0,match
1qb1t9x,3,3,3,0,match
1qb1tdc,2,17,17,0,match
1qb1tdc,3,3,3,0,match
1qb1tio,2,2,2,0,match
1qb1ufk,2,17,17,0,match
1qb1ufk,3,3,3,0,match
1qb1ugy,2,17,17,0,match
1qb1ugy,3,3,3,0,match
1qb1uyw,2,17,17,0,match
1qb1uyw,3,3,3,0,match
1qb1vc3,2,17,17,0,match
1qb1vc3,3,3,3,0,match
1qb1wph,2,17,17,0,match
1qb1wph,3,4,4,0,match
1qb1x9v,2,17,17,0,match
1qb1x9v,3,4,4,0,match
1qb1yk8,2,16,16,0,match
1qb1yk8,3,4,4,0,match
1qb1yyz,2,16,16,0,match
1qb1yyz,3,4,4,0,match
1qb1z9w,2,16,16,0,match
1qb1z9w,3,4,4,0,match
1qb1zyv,2,16,16,0,match
1qb1zyv,3,4,4,0,match
1qb208m,2,1,1,0,match
1qb20g1,2,16,16,0,match
1qb20g1,3,4,4,0,match
1qb20sp,2,4,4,0,match
1qb20yh,2,16,16,0,match
1qb20yh,3,4,4,0,match
1qb219u,2,16,16,0,match
1qb219u,3,4,4,0,match
1qb21m3,2,16,16,0,match
1qb21m3,3,4,4,0,match
1qb21sd,2,16,16,0,match
1qb21sd,3,4,4,0,match
1qb22xy,2,16,16,0,match
1qb22xy,3,4,4,0,match
1qb23cp,2,16,16,0,match
1qb23cp,3,4,4,0,match
1qb23er,2,16,16,0,match
1qb23er,3,4,4,0,match
1qb23nl,2,16,16,0,match
1qb23nl,3,4,4,0,match
1qb240z,2,16,16,0,match
1qb240z,3,4,4,0,match
1qb25i3,2,16,16,0,match
1qb25i3,3,4,4,0,match
1qb25wi,2,16,16,0,match
1qb25wi,3,4,4,0,match
1qb26jr,2,16,16,0,match
1qb26jr,3,4,4,0,match
1qb27ah,2,16,16,0,match
1qb27ah,3,4,4,0,match
1qb27ui,2,16,16,0,match
1qb27ui,3,4,4,0,match
1qb282h,2,16,16,0,match
1qb282h,3,4,4,0,match
1qb295j,2,16,16,0,match
1qb295j,3,4,4,0,match
1qb29bp,2,16,16,0,match
1qb29bp,3,4,4,0,match
1qb29uj,2,16,16,0,match
1qb29uj,3,4,4,0,match
1qb29yv,2,16,16,0,match
1qb29yv,3,4,4,0,match
1qb2at1,2,16,16,0,match
1qb2at1,3,4,4,0,match
1qb2aw8,2,16,16,0,match
1qb2aw8,3,4,4,0,match
1qb2b5v,2,16,16,0,match
1qb2b5v,3,4,4,0,match
1qb2bc6,2,16,16,0,match
1qb2bc6,3,4,4,0,match
1qb2bwh,2,16,16,0,match
1qb2bwh,3,4,4,0,match
1qb2cdq,2,6,6,0,match
1qb2ct0,2,16,16,0,match
1qb2ct0,3,4,4,0,match
1qb2d7b,2,16,16,0,match
1qb2d7b,3,4,4,0,match
1qb2d8w,2,16,16,0,match
1qb2d8w,3,4,4,0,match
1qb2dl4,2,16,16,0,match
1qb2dl4,3,4,4,0,match
1qb2dm3,2,16,16,0,match
1qb2dm3,3,4,4,0,match
1qb2dmj,2,16,16,0,match
1qb2dmj,3,4,4,0,match
1qb2dn1,2,3,3,0,match
1qb2ekd,2,15,15,0,match
1qb2ekd,3,5,5,0,match
1qb2evw,2,15,15,0,match
1qb2evw,3,5,5,0,match
1qb2f33,2,15,15,0,match
1qb2f33,3,5,5,0,match
1qb2fdx,2,15,15,0,match
1qb2fdx,3,5,5,0,match
1qb2fr0,2,15,15,0,match
1qb2fr0,3,5,5,0,match
1qb2g3m,2,15,15,0,match
1qb2g3m,3,5,5,0,match
1qb2g70,2,15,15,0,match
1qb2g70,3,5,5,0,match
1qb2gcq,2,15,15,0,match
1qb2gcq,3,5,5,0,match
1qb2gss,2,15,15,0,match
1qb2gss,3,5,5,0,match
1qb2guz,2,15,15,0,match
1qb2guz,3,5,5,0,match
1qb2h15,2,15,15,0,match
1qb2h15,3,5,5,0,match
1qb2hbi,2,15,15,0,match
1qb2hbi,3,5,5,0,match
1qb2hst,2,15,15,0,match
1qb2hst,3,5,5,0,match
1qb2iiy,2,15,15,0,match
1qb2iiy,3,5,5,0,match
1qb2izh,2,15,15,0,match
1qb2izh,3,5,5,0,match
1qb2jk4,2,15,15,0,match
1qb2jk4,3,5,5,0,match
1qb2jun,2,15,15,0,match
1qb2jun,3,5,5,0,match
1qb2jxo,2,15,15,0,match
1qb2jxo,3,5,5,0,match
1qb2k26,2,15,15,0,match
1qb2k26,3,5,5,0,match
1qb2ka3,2,2,2,0,match
1qb2kfa,2,15,15,0,match
1qb2kfa,3,5,5,0,match
1qb2kga,2,15,15,0,match
1qb2kga,3,5,5,0,match
1qb2km7,2,15,15,0,match
1qb2km7,3,5,5,0,match
1qb2kv9,2,15,15,0,match
1qb2kv9,3,5,5,0,match
1qb2l80,2,15,15,0,match
1qb2l80,3,5,5,0,match
1qb2lew,2,15,15,0,match
1qb2lew,3,5,5,0,match
1qb2lqt,2,15,15,0,match
1qb2lqt,3,5,5,0,match
1qb2m6t,2,15,15,0,match
1qb2m6t,3,5,5,0,match
1qb2nn0,2,15,15,0,match
1qb2nn0,3,5,5,0,match
1qb2o0m,2,5,5,0,match
1qb2o6t,2,15,15,0,match
1qb2o6t,3,5,5,0,match
1qb2p2o,2,15,15,0,match
1qb2pg3,2,15,15,0,match
1qb2pg3,3,5,5,0,match
1qb2pgv,2,15,15,0,match
1qb2pgv,3,5,5,0,match
1qb2q53,2,6,6,0,match
1qb2q8r,2,15,15,0,match
1qb2q8r,3,5,5,0,match
1qb2qat,2,15,15,0,match
1qb2qat,3,5,5,0,match
1qb2qi2,2,15,15,0,match
1qb2qi2,3,5,5,0,match
1qb2qia,2,15,15,0,match
1qb2qia,3,5,5,0,match
1qb2qlk,2,15,15,0,match
1qb2qlk,3,5,5,0,match
1qb2qzi,2,15,15,0,match
1qb2qzi,3,5,5,0,match
1qb2r4g,2,12,12,0,match
1qb2r4g,3,5,5,0,match
1qb2r7z,2,3,3,0,match
1qb2ry0,2,15,15,0,match
1qb2ry0,3,5,5,0,match
1qb2t3q,2,12,12,0,match
1qb2t3q,3,5,5,0,match
1qb2tmj,2,14,14,0,match
1qb2tmj,3,5,5,0,match
1qb2ufo,2,14,14,0,match
1qb2ufo,3,5,5,0,match
1qb2ui2,2,14,14,0,match
1qb2ui2,3,5,5,0,match
1qb2upx,2,14,14,0,match
1qb2upx,3,5,5,0,match
1qb2vfk,2,14,14,0,match
1qb2vfk,3,5,5,0,match
1qb2vq9,2,14,14,0,match
1qb2vq9,3,5,5,0,match
1qb2vt0,2,14,14,0,match
1qb2vt0,3,5,5,0,match
1qb2vtv,2,14,14,0,match
1qb2vtv,3,5,5,0,match
1qb2w4e,2,14,14,0,match
1qb2w4e,3,5,5,0,match
1qb2wi0,2,14,14,0,match
1qb2wi0,3,5,5,0,match
1qb2x98,2,2,2,0,match
1qb2xau,2,14,14,0,match
1qb2xau,3,5,5,0,match
1qb2yay,2,14,14,0,match
1qb2yay,3,5,5,0,match
1qb2ym4,2,2,2,0,match
1qb2yra,2,3,3,0,match
1qb2z2m,2,14,14,0,match
1qb2z2m,3,5,5,0,match
1qb301f,2,14,14,0,match
1qb301f,3,5,5,0,match
1qb30k8,2,14,14,0,match
1qb30k8,3,6,6,0,match
1qb32ej,2,14,14,0,match
1qb32ej,3,6,6,0,match
1qb32f2,2,14,14,0,match
1qb32f2,3,6,6,0,match
1qb330y,2,14,14,0,match
1qb330y,3,6,6,0,match
1qb33a1,2,14,14,0,match
1qb33a1,3,6,6,0,match
1qb350j,2,14,14,0,match
1qb350j,3,6,6,0,match
1qb359v,2,14,14,0,match
1qb359v,3,6,6,0,match
1qb36lj,2,14,14,0,match
1qb36lj,3,6,6,0,match
1qb36rn,2,12,12,0,match
1qb36rn,3,6,6,0,match
1qb36tr,2,1,1,0,match
1qb36yf,2,14,14,0,match
1qb36yf,3,6,6,0,match
1qb37gj,2,14,14,0,match
1qb37gj,3,6,6,0,match
1qb3853,2,14,14,0,match
1qb3853,3,6,6,0,match
1qb3891,2,13,13,0,match
1qb3891,3,6,6,0,match
1qb38ma,2,8,8,0,match
1qb3944,2,13,13,0,match
1qb3944,3,6,6,0,match
1qb39za,2,13,13,0,match
1qb39za,3,6,6,0,match
1qb3a91,2,13,13,0,match
1qb3a91,3,6,6,0,match
1qb3afv,2,13,13,0,match
1qb3afv,3,6,6,0,match
1qb3ai5,2,13,13,0,match
1qb3ai5,3,6,6,0,match
1qb3bqo,2,13,13,0,match
1qb3bqo,3,6,6,0,match
1qb3c86,2,13,13,0,match
1qb3c86,3,6,6,0,match
1qb3e83,2,13,13,0,match
1qb3e83,3,6,6,0,match
1qb3edk,2,13,13,0,match
1qb3edk,3,6,6,0,match
1qb3epo,2,13,13,0,match
1qb3epo,3,6,6,0,match
1qb3et6,2,13,13,0,match
1qb3et6,3,6,6,0,match
1qb3f5g,2,13,13,0,match
1qb3f5g,3,6,6,0,match
1qb3ffg,2,13,13,0,match
1qb3ffg,3,6,6,0,match
1qb3fwq,2,1,1,0,match
1qb3fx3,2,13,13,0,match
1qb3fx3,3,6,6,0,match
1qb3gdf,2,13,13,0,match
1qb3gdf,3,6,6,0,match
1qb3gfk,2,13,13,0,match
1qb3gfk,3,6,6,0,match
1qb3gh8,2,13,13,0,match
1qb3gh8,3,6,6,0,match
1qb3gm8,2,13,13,0,match
1qb3gm8,3,6,6,0,match
1qb3h3d,2,13,13,0,match
1qb3h3d,3,6,6,0,match
1qb3h6k,2,13,13,0,match
1qb3h6k,3,6,6,0,match
1qb3ha7,2,13,13,0,match
1qb3ha7,3,8,8,0,match
1qb3hdc,2,5,5,0,match
1qb3hf7,2,13,13,0,match
1qb3hf7,3,8,8,0,match
1qb3i2w,2,13,13,0,match
1qb3i2w,3,8,8,0,match
1qb3i9r,2,13,13,0,match
1qb3i9r,3,8,8,0,match
1qb3idj,2,13,13,0,match
1qb3idj,3,8,8,0,match
1qb3iuu,2,13,13,0,match
1qb3iuu,3,8,8,0,match
1qb3iwk,2,13,13,0,match
1qb3iwk,3,8,8,0,match
1qb3jco,2,13,13,0,match
1qb3jco,3,8,8,0,match
1qb3jrr,2,13,13,0,match
1qb3jrr,3,8,8,0,match
1qb3jsb,2,13,13,0,match
1qb3jsb,3,8,8,0,match
1qb3k16,2,13,13,0,match
1qb3k16,3,8,8,0,match
1qb3l70,2,7,7,0,match
1qb3lfc,2,13,13,0,match
1qb3lfc,3,8,8,0,match
1qb3lnf,2,13,13,0,match
1qb3lnf,3,8,8,0,match
1qb3lx0,2,13,13,0,match
1qb3lx0,3,8,8,0,match
1qb3m3a,2,13,13,0,match
1qb3m3a,3,8,8,0,match
1qb3mge,2,13,13,0,match
1qb3mge,3,8,8,0,match
1qb3mmz,2,13,13,0,match
1qb3mmz,3,8,8,0,match
1qb3n4v,2,7,7,0,match
1qb3nid,2,13,13,0,match
1qb3nid,3,1,1,0,match
1qb3nkr,2,1,1,0,match
1qb3oat,2,12,12,0,match
1qb3oat,3,8,8,0,match
1qb3ocx,2,12,12,0,match
1qb3ocx,3,8,8,0,match
1qb3ogu,2,12,12,0,match
1qb3ogu,3,8,8,0,match
1qb3ph6,2,12,12,0,match
1qb3ph6,3,8,8,0,match
1qb3phv,2,12,12,0,match
1qb3phv,3,8,8,0,match
1qb3ppq,2,12,12,0,match
1qb3ppq,3,8,8,0,match
1qb3q20,2,12,12,0,match
1qb3q20,3,8,8,0,match
1qb3qeh,2,12,12,0,match
1qb3qeh,3,8,8,0,match
1qb3qly,2,12,12,0,match
1qb3qly,3,8,8,0,match
1qb3qn7,2,12,12,0,match
1qb3qn7,3,8,8,0,match
1qb3qnl,2,12,12,0,match
1qb3qnl,3,8,8,0,match
1qb3qpz,2,12,12,0,match
1qb3qpz,3,8,8,0,match
1qb3r91,2,12,12,0,match
1qb3r91,3,8,8,0,match
1qb3ra2,2,12,12,0,match
1qb3ra2,3,8,8,0,match
1qb3rlq,2,12,12,0,match
1qb3rlq,3,8,8,0,match
1qb3sdf,2,12,12,0,match
1qb3sdf,3,8,8,0,match
1qb3t9u,2,12,12,0,match
1qb3t9u,3,9,9,0,match
1qb3u83,2,12,12,0,match
1qb3u83,3,9,9,0,match
1qb3vcc,2,12,12,0,match
1qb3vcc,3,9,9,0,match
1qb3vf9,2,12,12,0,match
1qb3vf9,3,9,9,0,match
1qb3vhg,2,12,12,0,match
1qb3vhg,3,9,9,0,match
1qb3w69,2,12,12,0,match
1qb3w69,3,9,9,0,match
1qb3xbq,2,12,12,0,match
1qb3xbq,3,9,9,0,match
1qb3xwi,2,1,1,0,match
1qb3yl6,2,12,12,0,match
1qb3yl6,3,9,9,0,match
1qb3yri,2,12,12,0,match
1qb3yri,3,9,9,0,match
1qb3z3j,2,12,12,0,match
1qb3z3j,3,9,9,0,match
1qb3zj4,2,12,12,0,match
1qb3zj4,3,9,9,0,match
1qb40lz,2,12,12,0,match
1qb40lz,3,9,9,0,match
1qb40y3,2,5,5,0,match
1qb410e,2,1,1,0,match
1qb4121,2,12,12,0,match
1qb4121,3,9,9,0,match
1qb41e3,2,12,12,0,match
1qb41e3,3,9,9,0,match
1qb41ke,2,12,12,0,match
1qb41ke,3,9,9,0,match
1qb4242,2,12,12,0,match
1qb4242,3,9,9,0,match
1qb429n,2,12,12,0,match
1qb429n,3,9,9,0,match
1qb42o5,2,12,12,0,match
1qb42o5,3,9,9,0,match
1qb42on,2,12,12,0,match
1qb42on,3,9,9,0,match
1qb434u,2,12,12,0,match
1qb434u,3,9,9,0,match
1qb4371,2,7,7,0,match
1qb43kk,2,9,9,0,match
1qb43li,2,7,7,0,match
1qb43rt,2,12,12,0,match
1qb43rt,3,9,9,0,match
1qb444u,2,1,1,0,match
1qb44h3,2,1,1,0,match
1qb44pu,2,12,12,0,match
1qb44pu,3,9,9,0,match
1qb44uy,2,12,12,0,match
1qb44uy,3,9,9,0,match
1qb4544,2,12,12,0,match
1qb4544,3,9,9,0,match
1qb45gb,2,12,12,0,match
1qb45gb,3,9,9,0,match
1qb45r7,2,12,12,0,match
1qb45r7,3,9,9,0,match
1qb468g,2,12,12,0,match
1qb468g,3,9,9,0,match
1qb46fv,2,7,7,0,match
1qb46rk,2,11,11,0,match
1qb46rk,3,10,10,0,match
1qb470l,2,2,2,0,match
1qb47mt,2,6,6,0,match
1qb48fi,2,11,11,0,match
1qb48fi,3,10,10,0,match
1qb49dx,2,11,11,0,match
1qb49dx,3,10,10,0,match
1qb49fy,2,11,11,0,match
1qb49fy,3,10,10,0,match
1qb49ij,2,6,6,0,match
1qb4a0d,2,11,11,0,match
1qb4a0d,3,10,10,0,match
1qb4a0v,2,11,11,0,match
1qb4a0v,3,10,10,0,match
1qb4a7q,2,11,11,0,match
1qb4a7q,3,10,10,0,match
1qb4adw,2,11,11,0,match
1qb4adw,3,10,10,0,match
1qb4b7e,2,11,11,0,match
1qb4b7e,3,10,10,0,match
1qb4cgu,2,11,11,0,match
1qb4cgu,3,10,10,0,match
1qb4chb,2,11,11,0,match
1qb4chb,3,10,10,0,match
1qb4cry,2,11,11,0,match
1qb4cry,3,10,10,0,match
1qb4csb,2,11,11,0,match
1qb4csb,3,10,10,0,match
1qb4czn,2,6,6,0,match
1qb4dba,2,11,11,0,match
1qb4dba,3,10,10,0,match
1qb4dhq,2,11,11,0,match
1qb4dhq,3,10,10,0,match
1qb4dqc,2,11,11,0,match
1qb4dqc,3,10,10,0,match
1qb4e23,2,11,11,0,match
1qb4e23,3,10,10,0,match
1qb4eb3,2,11,11,0,match
1qb4eb3,3,10,10,0,match
1qb4eyr,2,6,6,0,match
1qb4fa8,2,11,11,0,match
1qb4fa8,3,10,10,0,match
1qb4g9t,2,6,6,0,match
1qb4gqa,2,11,11,0,match
1qb4gqa,3,10,10,0,match
1qb4gsv,2,11,12,-1,delta
1qb4gsv,3,10,10,0,match
1qb4hub,2,11,12,-1,delta
1qb4hub,3,10,10,0,match
1qb4i1g,2,11,12,-1,delta
1qb4i1g,3,10,10,0,match
1qb4ime,2,11,12,-1,delta
1qb4ime,3,10,10,0,match
1qb4ixi,2,11,12,-1,delta
1qb4ixi,3,10,10,0,match
1qb4iy3,2,6,6,0,match
1qb4jb2,2,11,12,-1,delta
1qb4jb2,3,10,10,0,match
1qb4jp7,2,1,1,0,match
1qb4k4d,2,11,12,-1,delta
1qb4k4d,3,10,10,0,match
1qb4khw,2,11,12,-1,delta
1qb4khw,3,10,10,0,match
1qb4l56,2,11,12,-1,delta
1qb4l56,3,11,11,0,match
1qb4lbz,2,11,12,-1,delta
1qb4lbz,3,11,11,0,match
1qb4lft,2,6,6,0,match
1qb4mvp,2,10,11,-1,delta
1qb4mvp,3,11,11,0,match
1qb4mwn,2,4,5,-1,delta
1qb4mwn,3,11,11,0,match
1qb4nd3,2,10,11,-1,delta
1qb4nd3,3,11,11,0,match
1qb4ng3,2,1,1,0,match
1qb4nln,2,10,11,-1,delta
1qb4nln,3,11,11,0,match
1qb4nn0,2,1,1,0,match
1qb4nz3,2,10,11,-1,delta
1qb4nz3,3,11,11,0,match
1qb4oj6,2,10,11,-1,delta
1qb4oj6,3,11,11,0,match
1qb4olc,2,5,5,0,match
1qb4oza,2,10,11,-1,delta
1qb4oza,3,11,11,0,match
1qb4p1p,2,10,11,-1,delta
1qb4p1p,3,11,11,0,match
1qb4prm,2,10,11,-1,delta
1qb4prm,3,11,11,0,match
1qb4pyd,2,10,11,-1,delta
1qb4pyd,3,11,11,0,match
1qb4qgo,2,10,11,-1,delta
1qb4qgo,3,11,11,0,match
1qb4qj0,2,5,5,0,match
1qb4rb6,2,10,11,-1,delta
1qb4rb6,3,11,11,0,match
1qb4rbj,2,10,11,-1,delta
1qb4rbj,3,11,11,0,match
1qb4rzi,2,2,2,0,match
1qb4t9e,2,10,11,-1,delta
1qb4t9e,3,11,11,0,match
1qb4u0g,2,10,11,-1,delta
1qb4u0g,3,11,11,0,match
1qb4u9z,2,10,11,-1,delta
1qb4u9z,3,11,11,0,match
1qb4us3,2,10,11,-1,delta
1qb4us3,3,11,11,0,match
1qb4uuj,2,10,11,-1,delta
1qb4uuj,3,11,11,0,match
1qb4vcu,2,5,5,0,match
1qb4vlq,2,5,5,0,match
1qb4wlw,2,10,11,-1,delta
1qb4wlw,3,11,11,0,match
1qb4wmd,2,10,11,-1,delta
1qb4wmd,3,11,11,0,match
1qb4x1j,2,10,11,-1,delta
1qb4x1j,3,11,11,0,match
1qb4x9u,2,1,1,0,match
1qb4y25,2,10,11,-1,delta
1qb4y25,3,11,11,0,match
1qb4y2z,2,5,5,0,match
1qb4y93,2,10,11,-1,delta
1qb4y93,3,11,11,0,match
1qb4yoq,2,10,11,-1,delta
1qb4yoq,3,11,11,0,match
1qb4z5w,2,10,11,-1,delta
1qb4z5w,3,11,11,0,match
1qb4z97,2,10,11,-1,delta
1qb4z97,3,11,11,0,match
1qb4znp,2,10,11,-1,delta
1qb4znp,3,11,11,0,match
1qb502w,2,10,11,-1,delta
1qb502w,3,11,11,0,match
1qb50e3,2,10,11,-1,delta
1qb50e3,3,11,11,0,match
1qb50x5,2,5,5,0,match
1qb51df,2,4,4,0,match
1qb51ir,2,9,10,-1,delta
1qb51ir,3,11,11,0,match
1qb51k2,2,9,10,-1,delta
1qb51k2,3,6,6,0,match
1qb51my,2,4,4,0,match
1qb5280,2,9,10,-1,delta
1qb5280,3,11,11,0,match
1qb52ii,2,9,10,-1,delta
1qb52ii,3,12,12,0,match
1qb539l,2,9,10,-1,delta
1qb539l,3,12,12,0,match
1qb544b,2,9,10,-1,delta
1qb544b,3,12,12,0,match
1qb549m,2,4,4,0,match
1qb54df,2,9,10,-1,delta
1qb54df,3,12,12,0,match
1qb54ls,2,7,8,-1,delta
1qb54mw,2,9,10,-1,delta
1qb54mw,3,12,12,0,match
1qb54xc,2,1,1,0,match
1qb552a,2,9,10,-1,delta
1qb552a,3,12,12,0,match
1qb55rz,2,9,10,-1,delta
1qb55rz,3,12,12,0,match
1qb5656,2,9,10,-1,delta
1qb5656,3,12,12,0,match
1qb56qu,2,3,3,0,match
1qb56ty,2,4,4,0,match
1qb56xf,2,9,10,-1,delta
1qb56xf,3,12,12,0,match
1qb571m,2,9,10,-1,delta
1qb571m,3,12,12,0,match
1qb57l1,2,9,10,-1,delta
1qb57l1,3,12,12,0,match
1qb57rw,2,9,10,-1,delta
1qb57rw,3,12,12,0,match
1qb5803,2,9,10,-1,delta
1qb5803,3,12,12,0,match
1qb5845,2,4,4,0,match
1qb58eh,2,9,10,-1,delta
1qb58eh,3,12,12,0,match
1qb590t,2,1,1,0,match
1qb599z,2,4,4,0,match
1qb59qt,2,9,10,-1,delta
1qb59qt,3,12,12,0,match
1qb59wy,2,4,4,0,match
1qb59yz,2,9,10,-1,delta
1qb59yz,3,12,12,0,match
1qb5a0z,2,9,10,-1,delta
1qb5a0z,3,12,12,0,match
1qb5a10,2,4,4,0,match
1qb5a2c,2,9,10,-1,delta
1qb5a2c,3,12,12,0,match
1qb5a38,2,9,10,-1,delta
1qb5a38,3,12,12,0,match
1qb5anu,2,9,10,-1,delta
1qb5anu,3,12,12,0,match
1qb5awt,2,9,10,-1,delta
1qb5awt,3,12,12,0,match
1qb5bbs,2,9,10,-1,delta
1qb5bbs,3,12,12,0,match
1qb5bvv,2,1,1,0,match
1qb5by9,2,9,10,-1,delta
1qb5by9,3,12,12,0,match
1qb5chr,2,9,10,-1,delta
1qb5chr,3,12,12,0,match
1qb5cin,2,9,10,-1,delta
1qb5cin,3,12,12,0,match
1qb5cll,2,9,10,-1,delta
1qb5cll,3,12,12,0,match
1qb5cvv,2,9,10,-1,delta
1qb5cvv,3,12,12,0,match
1qb5d4p,2,4,4,0,match
1qb5dca,2,9,10,-1,delta
1qb5dca,3,13,13,0,match
1qb5e3a,2,9,10,-1,delta
1qb5e3a,3,13,13,0,match
1qb5e4t,2,1,1,0,match
1qb5e6e,2,9,10,-1,delta
1qb5e6e,3,13,13,0,match
1qb5eb7,2,9,10,-1,delta
1qb5eb7,3,13,13,0,match
1qb5eba,2,4,4,0,match
1qb5eqr,2,9,10,-1,delta
1qb5eqr,3,13,13,0,match
1qb5f22,2,9,10,-1,delta
1qb5f22,3,13,13,0,match
1qb5fie,2,9,10,-1,delta
1qb5fie,3,13,13,0,match
1qb5fu7,2,9,10,-1,delta
1qb5fu7,3,13,13,0,match
1qb5gjs,2,8,9,-1,delta
1qb5gjs,3,13,13,0,match
1qb5hmz,2,8,9,-1,delta
1qb5hmz,3,13,13,0,match
1qb5ik0,2,8,9,-1,delta
1qb5ik0,3,13,13,0,match
1qb5ipj,2,8,9,-1,delta
1qb5ipj,3,13,13,0,match
1qb5it4,2,8,9,-1,delta
1qb5it4,3,13,13,0,match
1qb5iv2,2,8,9,-1,delta
1qb5iv2,3,13,13,0,match
1qb5izy,2,8,9,-1,delta
1qb5izy,3,13,13,0,match
1qb5j4t,2,8,9,-1,delta
1qb5j4t,3,13,13,0,match
1qb5j5a,2,8,9,-1,delta
1qb5j5a,3,13,13,0,match
1qb5jmg,2,8,9,-1,delta
1qb5jmg,3,13,13,0,match
1qb5jym,2,8,9,-1,delta
1qb5jym,3,13,13,0,match
1qb5kse,2,3,3,0,match
1qb5kwo,2,8,9,-1,delta
1qb5kwo,3,14,14,0,match
1qb5lcs,2,8,9,-1,delta
1qb5lcs,3,14,14,0,match
1qb5low,2,8,9,-1,delta
1qb5lp8,2,8,9,-1,delta
1qb5lp8,3,14,14,0,match
1qb5lqq,2,8,9,-1,delta
1qb5lqq,3,14,14,0,match
1qb5lu3,2,3,3,0,match
1qb5luh,2,8,9,-1,delta
1qb5luh,3,14,14,0,match
1qb5m4j,2,8,9,-1,delta
1qb5m4j,3,14,14,0,match
1qb5n6x,2,8,9,-1,delta
1qb5n6x,3,14,14,0,match
1qb5nhn,2,4,4,0,match
1qb5o0w,2,3,3,0,match
1qb5odo,2,8,9,-1,delta
1qb5odo,3,14,14,0,match
1qb5oj6,2,8,9,-1,delta
1qb5oj6,3,14,14,0,match
1qb5p44,2,3,3,0,match
1qb5pet,2,3,3,0,match
1qb5pf8,2,8,9,-1,delta
1qb5pf8,3,14,14,0,match
1qb5phx,2,8,9,-1,delta
1qb5phx,3,14,14,0,match
1qb5poh,2,3,3,0,match
1qb5psz,2,8,9,-1,delta
1qb5psz,3,14,14,0,match
1qb5pv4,2,8,9,-1,delta
1qb5pv4,3,14,14,0,match
1qb5q6q,2,3,3,0,match
1qb5qhw,2,8,9,-1,delta
1qb5qhw,3,14,14,0,match
1qb5qlr,2,8,9,-1,delta
1qb5qlr,3,14,14,0,match
1qb5qnb,2,8,9,-1,delta
1qb5qnb,3,14,14,0,match
1qb5qxp,2,8,9,-1,delta
1qb5qxp,3,14,14,0,match
1qb5rbk,2,8,9,-1,delta
1qb5rbk,3,14,14,0,match
1qb5sh1,2,1,1,0,match
1qb5shl,2,8,9,-1,delta
1qb5shl,3,14,14,0,match
1qb5ssg,2,3,3,0,match
1qb5tab,2,8,9,-1,delta
1qb5tab,3,14,14,0,match
1qb5u1p,2,3,3,0,match
1qb5u7h,2,3,3,0,match
1qb5utr,2,1,1,0,match
1qb5v17,2,3,3,0,match
1qb5vsp,2,7,8,-1,delta
1qb5vsp,3,14,14,0,match
1qb5w6v,2,4,5,-1,delta
1qb5w6v,3,14,14,0,match
1qb5xvj,2,7,8,-1,delta
1qb5xvj,3,14,14,0,match
1qb5xyh,2,7,8,-1,delta
1qb5xyh,3,14,14,0,match
1qb5y4s,2,7,8,-1,delta
1qb5y4s,3,14,14,0,match
1qb5ygj,2,7,8,-1,delta
1qb5ygj,3,14,14,0,match
1qb5z9k,2,7,8,-1,delta
1qb5z9k,3,14,14,0,match
1qb5zce,2,7,8,-1,delta
1qb5zce,3,14,14,0,match
1qb5zky,2,7,8,-1,delta
1qb5zky,3,15,15,0,match
1qb604o,2,7,8,-1,delta
1qb604o,3,15,15,0,match
1qb608j,2,7,8,-1,delta
1qb608j,3,15,15,0,match
1qb60hz,2,7,8,-1,delta
1qb60hz,3,15,15,0,match
1qb611l,2,7,8,-1,delta
1qb611l,3,15,15,0,match
1qb61kz,2,7,8,-1,delta
1qb61kz,3,15,15,0,match
1qb625o,2,2,2,0,match
1qb62jv,2,7,8,-1,delta
1qb62jv,3,15,15,0,match
1qb63hy,2,7,8,-1,delta
1qb63hy,3,15,15,0,match
1qb63z1,2,7,8,-1,delta
1qb63z1,3,15,15,0,match
1qb642d,2,7,8,-1,delta
1qb642d,3,1,1,0,match
1qb65i1,2,7,8,-1,delta
1qb65i1,3,15,15,0,match
1qb65mg,2,7,8,-1,delta
1qb65mg,3,15,15,0,match
1qb65wl,2,7,8,-1,delta
1qb65wl,3,15,15,0,match
1qb66i6,2,7,8,-1,delta
1qb66i6,3,15,15,0,match
1qb66tb,2,7,8,-1,delta
1qb66tb,3,15,15,0,match
1qb67i5,2,7,8,-1,delta
1qb67i5,3,15,15,0,match
1qb67v3,2,7,8,-1,delta
1qb67v3,3,15,15,0,match
1qb6819,2,7,8,-1,delta
1qb6819,3,15,15,0,match
1qb68eh,2,7,8,-1,delta
1qb68eh,3,15,15,0,match
1qb68vn,2,7,8,-1,delta
1qb68vn,3,15,15,0,match
1qb69d9,2,7,8,-1,delta
1qb69d9,3,15,15,0,match
1qb69gw,2,7,8,-1,delta
1qb69pa,2,4,5,-1,delta
1qb69pa,3,15,15,0,match
1qb69r5,2,7,8,-1,delta
1qb69r5,3,15,15,0,match
1qb69xw,2,7,8,-1,delta
1qb69xw,3,15,15,0,match
1qb6a98,2,2,2,0,match
1qb6a9c,2,7,8,-1,delta
1qb6a9c,3,15,15,0,match
1qb6ad2,2,7,8,-1,delta
1qb6ad2,3,15,15,0,match
1qb6b2s,2,6,7,-1,delta
1qb6b2s,3,15,15,0,match
1qb6bpu,2,6,7,-1,delta
1qb6bpu,3,15,15,0,match
1qb6bta,2,6,7,-1,delta
1qb6bta,3,15,15,0,match
1qb6bzt,2,6,7,-1,delta
1qb6bzt,3,15,15,0,match
1qb6c3k,2,6,7,-1,delta
1qb6c3k,3,15,15,0,match
1qb6c7e,2,6,7,-1,delta
1qb6c7e,3,15,15,0,match
1qb6c88,2,6,7,-1,delta
1qb6c88,3,15,15,0,match
1qb6czs,2,6,7,-1,delta
1qb6czs,3,16,16,0,match
1qb6d35,2,6,7,-1,delta
1qb6d35,3,16,16,0,match
1qb6ddx,2,6,7,-1,delta
1qb6ddx,3,16,16,0,match
1qb6dwp,2,6,7,-1,delta
1qb6dwp,3,16,16,0,match
1qb6ehm,2,6,7,-1,delta
1qb6ehm,3,16,16,0,match
1qb6f1p,2,6,7,-1,delta
1qb6f1p,3,16,16,0,match
1qb6fzd,2,6,7,-1,delta
1qb6g8h,2,6,7,-1,delta
1qb6g8h,3,16,16,0,match
1qb6gfs,2,1,1,0,match
1qb6gk8,2,6,7,-1,delta
1qb6gk8,3,16,16,0,match
1qb6gnh,2,6,7,-1,delta
1qb6gnh,3,16,16,0,match
1qb6gsn,2,6,7,-1,delta
1qb6gsn,3,16,16,0,match
1qb6h6x,2,6,7,-1,delta
1qb6h6x,3,16,16,0,match
1qb6hg9,2,6,7,-1,delta
1qb6hg9,3,16,16,0,match
1qb6hn6,2,6,7,-1,delta
1qb6hn6,3,16,16,0,match
1qb6i1j,2,6,7,-1,delta
1qb6i1j,3,16,16,0,match
1qb6ix4,2,2,2,0,match
1qb6iz5,2,6,7,-1,delta
1qb6iz5,3,16,16,0,match
1qb6jf5,2,6,7,-1,delta
1qb6jf5,3,16,16,0,match
1qb6kbb,2,6,7,-1,delta
1qb6kbb,3,16,16,0,match
1qb6kd5,2,6,7,-1,delta
1qb6kd5,3,16,16,0,match
1qb6l3h,2,6,7,-1,delta
1qb6l3h,3,16,16,0,match
1qb6lej,2,6,7,-1,delta
1qb6lej,3,16,16,0,match
1qb6ln3,2,6,7,-1,delta
1qb6ln3,3,16,16,0,match
1qb6lp1,2,6,7,-1,delta
1qb6lp1,3,17,17,0,match
1qb6mk3,2,1,1,0,match
1qb6mrv,2,6,7,-1,delta
1qb6mv0,2,6,7,-1,delta
1qb6mv0,3,17,17,0,match
1qb6n4l,2,6,7,-1,delta
1qb6n4l,3,17,17,0,match
1qb6nem,2,6,7,-1,delta
1qb6nem,3,17,17,0,match
1qb6nsg,2,6,7,-1,delta
1qb6nsg,3,17,17,0,match
1qb6oyb,2,6,7,-1,delta
1qb6oyb,3,17,17,0,match
1qb6p74,2,6,7,-1,delta
1qb6p74,3,17,17,0,match
1qb6pa4,2,6,7,-1,delta
1qb6pa4,3,17,17,0,match
1qb6plp,2,5,6,-1,delta
1qb6plp,3,17,17,0,match
1qb6prz,2,5,6,-1,delta
1qb6prz,3,17,17,0,match
1qb6qn7,2,5,6,-1,delta
1qb6qn7,3,17,17,0,match
1qb6r1g,2,5,6,-1,delta
1qb6r1g,3,17,17,0,match
1qb6rep,2,5,6,-1,delta
1qb6rep,3,17,17,0,match
1qb6sl3,2,5,6,-1,delta
1qb6t1o,2,5,6,-1,delta
1qb6t1o,3,17,17,0,match
1qb6t4u,2,5,6,-1,delta
1qb6t4u,3,17,17,0,match
1qb6tjw,2,5,6,-1,delta
1qb6tjw,3,17,17,0,match
1qb6tqf,2,5,6,-1,delta
1qb6tqf,3,17,17,0,match
1qb6tz9,2,5,6,-1,delta
1qb6tz9,3,17,17,0,match
1qb6un3,2,5,6,-1,delta
1qb6un3,3,17,17,0,match
1qb6vo4,2,5,6,-1,delta
1qb6vo4,3,17,17,0,match
1qb6w23,2,5,6,-1,delta
1qb6w23,3,17,17,0,match
1qb6wb2,2,2,2,0,match
1qb6wcu,2,5,6,-1,delta
1qb6wcu,3,17,17,0,match
1qb6weh,2,5,6,-1,delta
1qb6weh,3,17,17,0,match
1qb6wls,2,5,6,-1,delta
1qb6wls,3,17,17,0,match
1qb6x9m,2,5,6,-1,delta
1qb6x9m,3,17,17,0,match
1qb6xpf,2,1,1,0,match
1qb6xxo,2,5,6,-1,delta
1qb6xxo,3,17,17,0,match
1qb6y3q,2,5,6,-1,delta
1qb6y3q,3,17,17,0,match
1qb6ynm,2,5,6,-1,delta
1qb6ynm,3,18,18,0,match
1qb6ynz,2,5,6,-1,delta
1qb6ynz,3,18,18,0,match
1qb6yw1,2,5,6,-1,delta
1qb6yw1,3,18,18,0,match
1qb70ho,2,5,6,-1,delta
1qb70ho,3,18,18,0,match
1qb70t0,2,5,6,-1,delta
1qb70t0,3,18,18,0,match
1qb712z,2,5,6,-1,delta
1qb712z,3,18,18,0,match
1qb718a,2,5,6,-1,delta
1qb718a,3,18,18,0,match
1qb718x,2,5,6,-1,delta
1qb718x,3,18,18,0,match
1qb724b,2,5,6,-1,delta
1qb724b,3,18,18,0,match
1qb73q3,2,5,6,-1,delta
1qb73q3,3,18,18,0,match
1qb73vm,2,5,6,-1,delta
1qb73vm,3,18,18,0,match
1qb740q,2,5,6,-1,delta
1qb740q,3,18,18,0,match
1qb74ax,2,4,5,-1,delta
1qb74ax,3,18,18,0,match
1qb75tr,2,4,5,-1,delta
1qb75tr,3,18,18,0,match
1qb76jk,2,4,5,-1,delta
1qb76jk,3,18,18,0,match
1qb77ju,2,4,5,-1,delta
1qb77ju,3,18,18,0,match
1qb785c,2,4,5,-1,delta
1qb785c,3,18,18,0,match
1qb789d,2,4,5,-1,delta
1qb789d,3,18,18,0,match
1qb78we,2,4,5,-1,delta
1qb78we,3,18,18,0,match
1qb790k,2,4,5,-1,delta
1qb790k,3,18,18,0,match
1qb79lp,2,4,5,-1,delta
1qb79lp,3,18,18,0,match
1qb7a48,2,4,5,-1,delta
1qb7a48,3,18,18,0,match
1qb7abc,2,4,5,-1,delta
1qb7abc,3,1,1,0,match
1qb7ag3,2,4,5,-1,delta
1qb7amg,2,4,5,-1,delta
1qb7amg,3,18,18,0,match
1qb7apo,2,4,5,-1,delta
1qb7apo,3,1,1,0,match
1qb7aw8,2,4,5,-1,delta
1qb7aw8,3,18,18,0,match
1qb7b8o,2,4,5,-1,delta
1qb7b8o,3,18,18,0,match
1qb7c82,2,4,5,-1,delta
1qb7c82,3,18,18,0,match
1qb7chr,2,4,5,-1,delta
1qb7chr,3,1,1,0,match
1qb7csm,2,4,5,-1,delta
1qb7ctc,2,4,5,-1,delta
1qb7ctc,3,18,18,0,match
1qb7d11,2,4,5,-1,delta
1qb7d11,3,18,18,0,match
1qb7d97,2,4,5,-1,delta
1qb7d97,3,18,18,0,match
1qb7dlg,2,4,5,-1,delta
1qb7dlg,3,18,18,0,match
1qb7eko,2,4,5,-1,delta
1qb7eko,3,18,18,0,match
1qb7eks,2,4,5,-1,delta
1qb7em6,2,4,5,-1,delta
1qb7em6,3,18,18,0,match
1qb7ept,2,4,5,-1,delta
1qb7ept,3,18,18,0,match
1qb7esk,2,2,3,-1,delta
1qb7f4x,2,4,5,-1,delta
1qb7f4x,3,18,18,0,match
1qb7f93,2,4,5,-1,delta
1qb7f93,3,3,3,0,match
1qb7fdc,2,4,5,-1,delta
1qb7fdc,3,18,18,0,match
1qb7fdm,2,4,5,-1,delta
1qb7fdm,3,19,19,0,match
1qb7fmp,2,4,5,-1,delta
1qb7fmp,3,19,19,0,match
1qb7fxy,2,4,5,-1,delta
1qb7fxy,3,19,19,0,match
1qb7g2r,2,4,5,-1,delta
1qb7g2r,3,19,19,0,match
1qb7gmj,2,4,5,-1,delta
1qb7gmj,3,19,19,0,match
1qb7gu4,2,4,5,-1,delta
1qb7gu4,3,19,19,0,match
1qb7gwt,2,4,5,-1,delta
1qb7gwt,3,19,19,0,match
1qb7huj,2,4,5,-1,delta
1qb7huj,3,19,19,0,match
1qb7ihy,2,4,5,-1,delta
1qb7ihy,3,19,19,0,match
1qb7ika,2,4,5,-1,delta
1qb7ika,3,19,19,0,match
1qb7imw,2,4,5,-1,delta
1qb7imw,3,19,19,0,match
1qb7ise,2,3,4,-1,delta
1qb7ise,3,19,19,0,match
1qb7iu8,2,3,4,-1,delta
1qb7iu8,3,19,19,0,match
1qb7ivd,2,3,4,-1,delta
1qb7ivd,3,19,19,0,match
1qb7ive,2,3,4,-1,delta
1qb7ive,3,19,19,0,match
1qb7iw6,2,3,4,-1,delta
1qb7iw6,3,19,19,0,match
1qb7j07,2,3,4,-1,delta
1qb7j07,3,19,19,0,match
1qb7jj4,2,3,4,-1,delta
1qb7jj4,3,19,19,0,match
1qb7k9d,2,3,4,-1,delta
1qb7k9d,3,19,19,0,match
1qb7krv,2,3,4,-1,delta
1qb7krv,3,19,19,0,match
1qb7kzp,2,3,4,-1,delta
1qb7kzp,3,19,19,0,match
1qb7lkg,2,3,4,-1,delta
1qb7lkg,3,19,19,0,match
1qb7lni,2,3,4,-1,delta
1qb7lni,3,19,19,0,match
1qb7lok,2,3,4,-1,delta
1qb7lok,3,19,19,0,match
1qb7lyy,2,3,4,-1,delta
1qb7lyy,3,19,19,0,match
1qb7m6a,2,3,4,-1,delta
1qb7m6a,3,13,13,0,match
1qb7mdx,2,3,4,-1,delta
1qb7mdx,3,19,19,0,match
1qb7mgm,2,3,4,-1,delta
1qb7mgm,3,19,19,0,match
1qb7mh4,2,3,4,-1,delta
1qb7mh4,3,19,19,0,match
1qb7mpm,2,3,4,-1,delta
1qb7mpm,3,19,19,0,match
1qb7mt8,2,3,4,-1,delta
1qb7mt8,3,19,19,0,match
1qb7ngn,2,3,4,-1,delta
1qb7ngn,3,19,19,0,match
1qb7nw3,2,3,4,-1,delta
1qb7nw3,3,19,19,0,match
1qb7oqy,2,3,4,-1,delta
1qb7oqy,3,19,19,0,match
1qb7p1r,2,3,4,-1,delta
1qb7p1r,3,20,20,0,match
1qb7p47,2,1,2,-1,delta
1qb7pnw,2,1,2,-1,delta
1qb7pxk,2,3,4,-1,delta
1qb7pxk,3,20,20,0,match
1qb7pyt,2,3,4,-1,delta
1qb7pyt,3,20,20,0,match
1qb7qc7,2,3,4,-1,delta
1qb7qc7,3,20,20,0,match
1qb7qeu,2,1,2,-1,delta
1qb7r5c,2,3,4,-1,delta
1qb7r5c,3,20,20,0,match
1qb7s5g,2,3,4,-1,delta
1qb7s5g,3,20,20,0,match
1qb7s75,2,3,4,-1,delta
1qb7s75,3,20,20,0,match
1qb7s9w,2,3,4,-1,delta
1qb7s9w,3,20,20,0,match
1qb7soe,2,3,4,-1,delta
1qb7soe,3,20,20,0,match
1qb7szb,2,3,4,-1,delta
1qb7szb,3,20,20,0,match
1qb7tit,2,1,2,-1,delta
1qb7ts4,2,3,4,-1,delta
1qb7ts4,3,20,20,0,match
1qb7ufd,2,3,4,-1,delta
1qb7ufd,3,20,20,0,match
1qb7uh0,2,3,4,-1,delta
1qb7uh0,3,20,20,0,match
1qb7utq,2,1,2,-1,delta
1qb7w1k,2,3,4,-1,delta
1qb7w1k,3,20,20,0,match
1qb7wrd,2,3,4,-1,delta
1qb7wrd,3,20,20,0,match
1qb7x6f,3,19,19,0,match
1qb7xoa,2,2,2,0,match
1qb7xoa,3,20,20,0,match
1qb7xvx,2,2,2,0,match
1qb7xvx,3,20,20,0,match
1qb7yi7,2,2,2,0,match
1qb7yi7,3,20,20,0,match
1qb7zd3,2,2,2,0,match
1qb7zd3,3,20,20,0,match
1qb7zr1,2,2,2,0,match
1qb7zr1,3,20,20,0,match
1qb7zze,2,2,2,0,match
1qb7zze,3,20,20,0,match
1qb8076,2,2,2,0,match
1qb8076,3,20,20,0,match
1qb81az,2,2,2,0,match
1qb81az,3,20,20,0,match
1qb81sy,2,2,2,0,match
1qb81sy,3,20,20,0,match
1qb81v1,2,2,2,0,match
1qb81v1,3,20,20,0,match
1qb81yg,2,2,2,0,match
1qb81yg,3,1,1,0,match
1qb824j,2,2,2,0,match
1qb824j,3,20,20,0,match
1qb82bq,2,2,2,0,match
1qb82bq,3,20,20,0,match
1qb82c6,2,2,2,0,match
1qb82c6,3,20,20,0,match
1qb836i,2,2,2,0,match
1qb836i,3,20,20,0,match
1qb83xu,2,2,2,0,match
1qb83xu,3,20,20,0,match
1qb84do,2,2,2,0,match
1qb84do,3,20,20,0,match
1qb84k5,2,2,2,0,match
1qb84k5,3,20,20,0,match
1qb85hu,2,2,2,0,match
1qb85hu,3,20,20,0,match
1qb85se,2,1,1,0,match
1qb860q,2,2,2,0,match
1qb860q,3,20,20,0,match
1qb86hz,2,2,2,0,match
1qb86hz,3,20,20,0,match
1qb86s3,2,2,2,0,match
1qb86s3,3,20,20,0,match
1qb87eg,2,1,1,0,match
1qb87er,2,2,2,0,match
1qb87er,3,20,20,0,match
1qb87yb,2,2,2,0,match
1qb87yb,3,20,20,0,match
1qb883p,2,2,2,0,match
1qb883p,3,20,20,0,match
1qb888y,2,2,2,0,match
1qb888y,3,21,21,0,match
1qb88ik,2,2,2,0,match
1qb88ik,3,21,21,0,match
1qb88p6,2,2,2,0,match
1qb88p6,3,21,21,0,match
1qb88ql,2,2,2,0,match
1qb88ql,3,21,21,0,match
1qb8901,2,2,2,0,match
1qb8901,3,21,21,0,match
1qb89ip,2,2,2,0,match
1qb89ip,3,21,21,0,match
1qb89t2,2,2,2,0,match
1qb89t2,3,21,21,0,match
1qb8a2a,2,2,2,0,match
1qb8a2a,3,2,2,0,match
1qb8a4c,2,2,2,0,match
1qb8a4c,3,21,21,0,match
1qb8asu,2,2,2,0,match
1qb8asu,3,21,21,0,match
1qb8bw9,2,2,2,0,match
1qb8bw9,3,21,21,0,match
1qb8bwk,2,2,2,0,match
1qb8bwk,3,21,21,0,match
1qb8c3f,2,1,1,0,match
1qb8cfs,2,2,2,0,match
1qb8cfs,3,1,1,0,match
1qb8cip,2,2,2,0,match
1qb8cip,3,21,21,0,match
1qb8cwt,2,1,1,0,match
1qb8cwt,3,1,1,0,match
1qb8d5q,2,1,1,0,match
1qb8d5q,3,21,21,0,match
1qb8dgd,2,1,1,0,match
1qb8dgd,3,21,21,0,match
1qb8dmw,2,1,1,0,match
1qb8dmw,3,21,21,0,match
1qb8efp,2,1,1,0,match
1qb8efp,3,21,21,0,match
1qb8ejh,2,1,1,0,match
1qb8ejh,3,21,21,0,match
1qb8f5a,2,1,1,0,match
1qb8f5a,3,21,21,0,match
1qb8f87,2,1,1,0,match
1qb8f87,3,21,21,0,match
1qb8fnl,2,1,1,0,match
1qb8fnl,3,21,21,0,match
1qb8g73,2,1,1,0,match
1qb8g73,3,21,21,0,match
1qb8g9e,2,1,1,0,match
1qb8g9e,3,21,21,0,match
1qb8gdh,2,1,1,0,match
1qb8gdh,3,21,21,0,match
1qb8gif,2,1,1,0,match
1qb8gif,3,21,21,0,match
1qb8gqt,2,1,1,0,match
1qb8gui,2,1,1,0,match
1qb8gui,3,22,22,0,match
1qb8h00,2,1,1,0,match
1qb8h8f,2,1,1,0,match
1qb8him,2,1,1,0,match
1qb8him,3,22,22,0,match
1qb8hjz,2,1,1,0,match
1qb8hjz,3,22,22,0,match
1qb8hws,2,1,1,0,match
1qb8hws,3,22,22,0,match
1qb8iuh,2,1,1,0,match
1qb8iuh,3,22,22,0,match
1qb8iwb,2,1,1,0,match
1qb8iwb,3,22,22,0,match
1qb8ixi,2,1,1,0,match
1qb8ixi,3,22,22,0,match
1qb8j0l,2,1,1,0,match
1qb8j0l,3,22,22,0,match
1qb8ja5,2,1,1,0,match
1qb8ja5,3,22,22,0,match
1qb8jgb,2,1,1,0,match
1qb8jgb,3,22,22,0,match
1qb8k6u,2,1,1,0,match
1qb8k6u,3,22,22,0,match
1qb8kar,2,1,1,0,match
1qb8kar,3,22,22,0,match
1qb8kok,2,1,1,0,match
1qb8kok,3,6,6,0,match
1qb8ks3,2,1,1,0,match
1qb8ks3,3,22,22,0,match
1qb8kts,2,1,1,0,match
1qb8kts,3,22,22,0,match
1qb8kxm,2,1,1,0,match
1qb8kxm,3,22,22,0,match
1qb8lix,2,1,1,0,match
1qb8lix,3,22,22,0,match
1qb8lmn,2,1,1,0,match
1qb8lmn,3,22,22,0,match
1qb8lxm,2,1,1,0,match
1qb8n5k,2,1,1,0,match
1qb8n5k,3,22,22,0,match
1qb8n7b,2,1,1,0,match
1qb8n7b,3,22,22,0,match
1qb8naq,2,1,1,0,match
1qb8naq,3,22,22,0,match
1qb8nc3,2,1,1,0,match
1qb8nc3,3,22,22,0,match
1qb8nd1,2,1,1,0,match
1qb8nd1,3,22,22,0,match
1qb8nkt,2,1,1,0,match
1qb8nkt,3,22,22,0,match
1qb8npj,2,1,1,0,match
1qb8npj,3,22,22,0,match
1qb8nzj,2,1,1,0,match
1qb8nzj,3,23,23,0,match
1qb8o32,2,1,1,0,match
1qb8oik,2,1,1,0,match
1qb8oik,3,23,23,0,match
1qb8os5,2,1,1,0,match
1qb8os5,3,23,23,0,match
1qb8p97,2,1,1,0,match
1qb8p97,3,23,23,0,match
1qb8pfe,2,1,1,0,match
1qb8pfe,3,23,23,0,match
1qb8qbj,2,1,1,0,match
1qb8qbj,3,23,23,0,match
1qb8qxk,2,1,1,0,match
1qb8qxk,3,23,23,0,match
1qb8qxo,2,1,1,0,match
1qb8qzh,2,1,1,0,match
1qb8qzh,3,23,23,0,match
1qb8r93,2,1,1,0,match
1qb8r93,3,23,23,0,match
1qb8ruo,3,23,23,0,match
1qb8s85,3,1,1,0,match
1qb8siy,3,23,23,0,match
1qb8ske,3,13,13,0,match
1qb8szo,3,23,23,0,match
1qb8tl1,3,23,23,0,match
1qb8u2e,3,23,23,0,match
1qb8uic,3,23,23,0,match
1qb8uoj,3,23,23,0,match
1qb8v2c,3,5,5,0,match
1qb8wc9,3,24,24,0,match
1qb8wdk,3,24,24,0,match
1qb8wvj,3,24,24,0,match
1qb8xxf,3,24,24,0,match
1qb8y08,3,24,24,0,match
1qb8ydm,3,24,24,0,match
1qb8yhb,3,24,24,0,match
1qb8ylo,3,24,24,0,match
1qb8ysd,3,24,24,0,match
1qb8z7l,3,24,24,0,match
1qb8zhv,3,10,10,0,match
1qb8zjy,3,24,24,0,match
1qb8zkm,3,24,24,0,match
1qb8zyb,3,24,24,0,match
1qb90ne,3,24,24,0,match
1qb91lb,3,24,24,0,match
1qb927i,3,24,24,0,match
1qb939a,3,24,24,0,match
1qb93l1,3,24,24,0,match
1qb93qg,3,24,24,0,match
1qb944w,3,24,24,0,match
1qb94aw,3,24,24,0,match
1qb94db,3,24,24,0,match
1qb95dc,3,25,25,0,match
1qb95qw,3,25,25,0,match
1qb964h,3,25,25,0,match
1qb96xt,3,25,25,0,match
1qb97wm,3,25,25,0,match
1qb983p,3,25,25,0,match
1qb98gj,3,25,25,0,match
1qb98li,3,25,25,0,match
1qb99x0,3,25,25,0,match
1qb9ae3,3,25,25,0,match
1qb9ann,3,25,25,0,match
1qb9aqk,3,25,25,0,match
1qb9aqs,3,25,25,0,match
1qb9as1,3,25,25,0,match
1qb9azf,3,25,25,0,match
1qb9bb2,3,25,25,0,match
1qb9bef,3,25,25,0,match
1qb9bfc,3,25,25,0,match
1qb9bz8,3,25,25,0,match
1qb9cj5,3,25,25,0,match
1qb9d9o,3,25,25,0,match
1qb9dk2,3,26,26,0,match
1qb9eco,3,26,26,0,match
1qb9ehp,3,26,26,0,match
1qb9fa8,3,26,26,0,match
1qb9h6s,3,26,26,0,match
1qb9hlm,3,26,26,0,match
1qb9hxm,3,26,26,0,match
1qb9ihj,3,26,26,0,match
1qb9in6,3,26,26,0,match
1qb9iqb,3,26,26,0,match
1qb9iyj,3,26,26,0,match
1qb9j1c,3,26,26,0,match
1qb9j3u,3,26,26,0,match
1qb9jb2,3,26,26,0,match
1qb9jja,3,26,26,0,match
1qb9jke,3,26,26,0,match
1qb9jo2,3,26,26,0,match
1qb9k4v,3,26,26,0,match
1qb9kc2,3,26,26,0,match
1qb9l3n,3,26,26,0,match
1qb9nmw,3,26,26,0,match
1qb9o0e,3,26,26,0,match
1qb9o17,3,26,26,0,match
1qb9o3d,3,26,26,0,match
1qb9oaw,3,27,27,0,match
1qb9ohy,3,27,27,0,match
1qb9omr,3,27,27,0,match
1qb9ooy,3,27,27,0,match
1qb9oue,3,27,27,0,match
1qb9q5s,3,27,27,0,match
1qb9qg2,3,27,27,0,match
1qb9qgu,3,27,27,0,match
1qb9qmn,3,27,27,0,match
1qb9qu1,3,27,27,0,match
1qb9r2f,3,27,27,0,match
1qb9s2r,3,27,27,0,match
1qb9s4h,3,27,27,0,match
1qb9sni,3,27,27,0,match
1qb9sv1,3,27,27,0,match
1qb9t1j,3,27,27,0,match
1qb9t9w,3,27,27,0,match
1qb9tcg,3,27,27,0,match
1qb9trj,3,27,27,0,match
1qb9u25,3,27,27,0,match
1qb9u7z,3,27,27,0,match
1qb9ua6,3,27,27,0,match
1qb9vel,3,27,27,0,match
1qb9w7e,3,27,27,0,match
1qb9wnn,3,27,27,0,match
1qb9x0g,3,27,27,0,match
1qb9x0y,3,27,27,0,match
1qb9x9t,3,27,27,0,match
1qb9xe6,3,27,27,0,match
1qb9xz9,3,27,27,0,match
1qb9y85,3,27,27,0,match
1qb9yy6,3,27,27,0,match
1qb9zva,3,27,27,0,match
1qba014,3,27,27,0,match
1qba02g,3,27,27,0,match
1qba039,3,27,27,0,match
1qba111,3,27,27,0,match
1qba1cy,3,27,27,0,match
1qba1dz,3,27,27,0,match
1qba1io,3,27,27,0,match
1qba2dy,3,27,27,0,match
1qba2he,3,27,27,0,match
1qba3bc,3,27,27,0,match
1qba3qz,3,27,27,0,match
1qba3zr,3,27,27,0,match
1qba428,3,27,27,0,match
1qba4dr,3,27,27,0,match
1qba50o,3,27,27,0,match
1qba575,3,27,27,0,match
1qba5zf,3,28,28,0,match
1qba608,3,28,28,0,match
1qba64t,3,28,28,0,match
1qba67u,3,28,28,0,match
1qba6sp,3,28,28,0,match
1qba7c6,3,28,28,0,match
1qba7hu,3,28,28,0,match
1qba7io,3,28,28,0,match
1qba865,3,7,7,0,match
1qba8bn,3,28,28,0,match
1qba9a9,3,28,28,0,match
1qba9oc,3,28,28,0,match
1qba9w6,3,28,28,0,match
1qbaakr,3,28,28,0,match
1qbacb4,3,28,28,0,match
1qbaccn,3,28,28,0,match
1qbacs1,3,27,27,0,match
1qbadc8,3,28,28,0,match
1qbadrg,3,28,28,0,match
1qbaejp,3,28,28,0,match
1qbafbd,3,28,28,0,match
1qbafg4,3,28,28,0,match
1qbagww,3,28,28,0,match
1qbagz2,3,28,28,0,match
1qbah6l,3,28,28,0,match
1qbahci,3,28,28,0,match
1qbahfd,3,28,28,0,match
1qbaipx,3,28,28,0,match
1qbajkk,3,28,28,0,match
1qbakkr,3,28,28,0,match
1qbakma,3,28,28,0,match
1qbal53,3,28,28,0,match
1qbally,3,28,28,0,match
1qbalvf,3,28,28,0,match
1qbampj,3,28,28,0,match
1qbamzj,3,28,28,0,match
1qban08,3,28,28,0,match
1qbanad,3,28,28,0,match
1qbanbz,3,28,28,0,match
1qbanhq,3,28,28,0,match
1qbani8,3,29,29,0,match
1qbanqa,3,1,1,0,match
1qbanzs,3,29,29,0,match
1qbao92,3,29,29,0,match
1qbaopo,3,29,29,0,match
1qbapgy,3,29,29,0,match
1qbaph2,3,29,29,0,match
1qbaqei,3,1,1,0,match
1qbaqgx,3,29,29,0,match
1qbarct,3,29,29,0,match
1qbarei,3,29,29,0,match
1qbaruh,3,29,29,0,match
1qbarxo,3,4,4,0,match
1qbas53,3,29,29,0,match
1qbasaj,3,29,29,0,match
1qbasxm,3,29,29,0,match
1qbat5d,3,29,29,0,match
1qbau8d,3,29,29,0,match
1qbauy9,3,29,29,0,match
1qbauyi,3,29,29,0,match
1qbav0c,3,29,29,0,match
1qbavmc,3,29,29,0,match
1qbavto,3,1,1,0,match
1qbawk8,3,29,29,0,match
1qbaxb3,3,29,29,0,match
1qbaxyx,3,29,29,0,match
1qbay4i,3,29,29,0,match
1qbb03s,3,29,29,0,match
1qbb0ho,3,2,2,0,match
1qbb0m5,3,29,29,0,match
1qbb0n9,3,29,29,0,match
1qbb0q2,3,29,29,0,match
1qbb15x,3,29,29,0,match
1qbb1fe,3,29,29,0,match
1qbb1p7,3,29,29,0,match
1qbb2q4,3,29,29,0,match
1qbb2yz,3,29,29,0,match
1qbb3u8,3,29,29,0,match
1qbb4by,3,29,29,0,match
1qbb4oz,3,2,2,0,match
1qbb5e2,3,29,29,0,match
1qbb5vq,3,29,29,0,match
1qbb63d,3,29,29,0,match
1qbb6dg,3,29,29,0,match
1qbb6fq,3,29,29,0,match
1qbb71j,3,2,2,0,match
1qbb7hs,3,29,29,0,match
1qbb7vd,3,29,29,0,match
1qbb8hd,3,30,30,0,match
1qbb8jq,3,30,30,0,match
1qbb95q,3,30,30,0,match
1qbb9k7,3,30,30,0,match
1qbb9um,3,30,30,0,match
1qbb9vs,3,20,20,0,match
1qbb9w2,3,30,30,0,match
1qbb9zz,3,1,1,0,match
1qbba0r,3,30,30,0,match
1qbba2b,3,30,30,0,match
1qbbacx,3,12,12,0,match
1qbbay2,3,30,30,0,match
1qbbb62,3,30,30,0,match
1qbbbox,3,30,30,0,match
1qbbc5g,3,30,30,0,match
1qbbcd2,3,22,22,0,match
1qbbckx,3,30,30,0,match
1qbbcoc,3,8,8,0,match
1qbbd22,3,30,30,0,match
1qbbdh7,3,30,30,0,match
1qbbdik,3,30,30,0,match
1qbbdlz,3,30,30,0,match
1qbbf7b,3,29,29,0,match
1qbbfm1,3,4,4,0,match
1qbbfyu,3,13,13,0,match
1qbbg06,3,29,29,0,match
1qbbgqq,3,6,6,0,match
1qbbgsl,3,29,29,0,match
1qbbgsu,3,29,29,0,match
1qbbgyy,3,30,30,0,match
1qbbhdr,3,20,20,0,match
1qbbhqt,3,30,30,0,match
1qbbhru,3,30,30,0,match
1qbbifq,3,30,30,0,match
1qbbiqa,3,30,30,0,match
1qbbixd,3,30,30,0,match
1qbbjjh,3,30,30,0,match
1qbbjqp,3,30,30,0,match
1qbbjr9,3,30,30,0,match
1qbbk1p,3,30,30,0,match
1qbbk9d,3,30,30,0,match
1qbbkeo,3,30,30,0,match
1qbblaz,3,30,30,0,match
1qbblry,3,13,13,0,match
1qbbm1b,3,30,30,0,match
1qbbm6j,3,30,30,0,match
1qbbmqz,3,30,30,0,match
1qbbnsd,3,30,30,0,match
1qbbp90,3,9,9,0,match
1qbbpmt,3,30,30,0,match
1qbbppu,3,1,1,0,match
1qbbpy5,3,5,5,0,match
1qbbq4r,3,30,30,0,match
1qbbq98,3,30,30,0,match
1qbbqhj,3,30,30,0,match
1qbbql9,3,30,30,0,match
1qbbr3a,3,30,30,0,match
1qbbrjg,3,30,30,0,match
1qbbs27,3,30,30,0,match
1qbbs7p,3,30,30,0,match
1qbbska,3,30,30,0,match
1qbbsum,3,30,30,0,match
1qbbsyr,3,5,5,0,match
1qbbtaw,3,30,30,0,match
1qbbtd7,3,30,30,0,match
1qbbtog,3,2,2,0,match
1qbbtxy,3,31,31,0,match
1qbbukc,3,31,31,0,match
1qbbvda,3,31,31,0,match
1qbbwf3,3,31,31,0,match
1qbbwsy,3,1,1,0,match
1qbbxyt,3,31,31,0,match
1qbby8x,3,12,12,0,match
1qbbygt,3,9,9,0,match
1qbbz31,3,31,31,0,match
1qbbz6i,3,10,10,0,match
1qbbz6s,3,31,31,0,match
1qbbzaf,3,31,31,0,match
1qbc067,3,31,31,0,match
1qbc0f7,3,31,31,0,match
1qbc0sh,3,31,31,0,match
1qbc0ss,3,26,26,0,match
1qbc0tu,3,31,31,0,match
1qbc0yf,3,31,31,0,match
1qbc2go,3,31,31,0,match
1qbc2m2,3,31,31,0,match
1qbc2tq,3,31,31,0,match
1qbc2ul,3,31,31,0,match
1qbc2uv,3,31,31,0,match
1qbc2xz,3,31,31,0,match
1qbc36e,3,31,31,0,match
1qbc3d3,3,31,31,0,match
1qbc3wq,3,31,31,0,match
1qbc3zo,3,31,31,0,match
1qbc48p,3,5,5,0,match
1qbc4ze,3,31,31,0,match
1qbc574,3,31,31,0,match
1qbc5es,3,5,5,0,match
1qbc5w2,3,31,31,0,match
1qbc68t,3,32,32,0,match
1qbc6jq,3,32,32,0,match
1qbc6kf,3,32,32,0,match
1qbc6q3,3,5,5,0,match
1qbc6yj,3,32,32,0,match
1qbc70v,3,5,5,0,match
1qbc79s,3,5,5,0,match
1qbc7bl,3,32,32,0,match
1qbc7ir,3,5,5,0,match
1qbc7p4,3,32,32,0,match
1qbc7qb,3,5,5,0,match
1qbc7u8,3,32,32,0,match
1qbc7w7,3,5,5,0,match
1qbc832,3,5,5,0,match
1qbc86y,3,32,32,0,match
1qbc8ag,3,5,5,0,match
1qbc8bu,3,32,32,0,match
1qbc8jc,3,32,32,0,match
1qbc8m4,3,5,5,0,match
1qbc8tu,3,5,5,0,match
1qbc8up,3,1,1,0,match
1qbc919,3,5,5,0,match
1qbc95u,3,32,32,0,match
1qbc98n,3,16,16,0,match
1qbc99k,3,5,5,0,match
1qbc9b4,3,32,32,0,match
1qbc9fa,3,32,32,0,match
1qbc9l6,3,5,5,0,match
1qbc9qb,3,32,32,0,match
1qbca1k,3,32,32,0,match
1qbca44,3,1,1,0,match
1qbcb3q,3,1,1,0,match
1qbcb3w,3,28,28,0,match
1qbcbl3,3,19,19,0,match
1qbcbmq,3,31,31,0,match
1qbcbqt,3,31,31,0,match
1qbcbtw,3,31,31,0,match
1qbcbxz,3,31,31,0,match
1qbcc3h,3,31,31,0,match
1qbcc9w,3,31,31,0,match
1qbccd5,3,31,31,0,match
1qbccdo,3,31,31,0,match
1qbcce4,3,32,32,0,match
1qbcchc,3,4,4,0,match
1qbccj9,3,9,9,0,match
1qbccji,3,4,4,0,match
1qbccqc,3,32,32,0,match
1qbcd0s,3,32,32,0,match
1qbcd8p,3,32,32,0,match
1qbce47,3,32,32,0,match
1qbceeo,3,32,32,0,match
1qbcetv,3,32,32,0,match
1qbcexf,3,32,32,0,match
1qbcf7n,3,4,4,0,match
1qbcfjn,3,32,32,0,match
1qbcfnr,3,32,32,0,match
1qbcfo7,3,32,32,0,match
1qbcg4z,3,32,32,0,match
1qbcglo,3,32,32,0,match
1qbcgpd,3,32,32,0,match
1qbcgv3,3,32,32,0,match
1qbch9e,3,32,32,0,match
1qbchpn,3,32,32,0,match
1qbchsk,3,32,32,0,match
1qbchx4,3,32,32,0,match
1qbchzi,3,32,32,0,match
1qbcivg,3,32,32,0,match
1qbcixy,3,32,32,0,match
1qbcjfb,3,32,32,0,match
1qbck0t,3,8,8,0,match
1qbck5u,3,32,32,0,match
1qbckh7,3,3,3,0,match
1qbckkm,3,32,32,0,match
1qbclrw,3,5,5,0,match
1qbclvb,3,32,32,0,match
1qbcm6d,3,33,33,0,match
1qbcmtw,3,33,33,0,match
1qbcmu6,3,33,33,0,match
1qbcmvz,3,4,4,0,match
1qbcmx0,3,2,2,0,match
1qbcn20,3,33,33,0,match
1qbcndt,3,33,33,0,match
1qbco86,3,1,1,0,match
1qbco9l,3,33,33,0,match
1qbcocp,3,32,32,0,match
1qbcppf,3,22,22,0,match
1qbcqpl,3,32,32,0,match
1qbcroc,3,32,32,0,match
1qbcs0s,3,32,32,0,match
1qbcs3v,3,32,32,0,match
1qbcsav,3,32,32,0,match
1qbcssh,3,32,32,0,match
1qbcthi,3,3,3,0,match
1qbctm7,3,32,32,0,match
1qbctpq,3,32,32,0,match
1qbcufh,3,3,3,0,match
1qbcumu,3,3,3,0,match
1qbcuph,3,6,6,0,match
1qbcupq,3,32,32,0,match
1qbcuut,3,3,3,0,match
1qbcv6d,3,3,3,0,match
1qbcvaf,3,32,32,0,match
1qbcvdh,3,3,3,0,match
1qbcvhx,3,32,32,0,match
1qbcvvx,3,32,32,0,match
1qbcwda,3,3,3,0,match
1qbcwx3,3,32,32,0,match
1qbcwxk,3,32,32,0,match
1qbcxcl,3,3,3,0,match
1qbcxo3,3,32,32,0,match
1qbcxxc,3,32,32,0,match
1qbcyhy,3,32,32,0,match
1qbcyl6,3,32,32,0,match
1qbcyle,3,32,32,0,match
1qbcz1p,3,32,32,0,match
1qbcz24,3,32,32,0,match
1qbczxb,3,32,32,0,match
1qbd02a,3,32,32,0,match
1qbd0gm,3,32,32,0,match
1qbd0nj,3,32,32,0,match
1qbd0vm,3,32,32,0,match
1qbd15t,3,32,32,0,match
1qbd1co,3,31,31,0,match
1qbd1k7,3,31,31,0,match
1qbd2g5,3,31,31,0,match
1qbd2n1,3,31,31,0,match
1qbd2u4,3,13,13,0,match
1qbd2yf,3,32,32,0,match
1qbd3c5,3,32,32,0,match
1qbd3f9,3,32,32,0,match
1qbd3o0,3,32,32,0,match
1qbd3yy,3,32,32,0,match
1qbd4lc,3,32,32,0,match
1qbd4qi,3,1,1,0,match
1qbd55u,3,32,32,0,match
1qbd5jl,3,32,32,0,match
1qbd5nu,3,32,32,0,match
1qbd6df,3,32,32,0,match
1qbd6gk,3,32,32,0,match
1qbd76y,3,32,32,0,match
1qbd7ky,3,32,32,0,match
1qbd7pq,3,32,32,0,match
1qbd82w,3,32,32,0,match
1qbd855,3,32,32,0,match
1qbd8go,3,32,32,0,match
1qbd8wt,3,32,32,0,match
1qbd9qj,3,32,32,0,match
1qbd9u1,3,32,32,0,match
1qbd9yd,3,32,32,0,match
1qbda0x,3,1,1,0,match
1qbdach,3,1,1,0,match
1qbdblu,3,32,32,0,match
1qbdbql,3,33,33,0,match
1qbdbsu,3,5,5,0,match
1qbdc96,3,33,33,0,match
1qbdchn,3,33,33,0,match
1qbdd3o,3,33,33,0,match
1qbdd9h,3,33,33,0,match
1qbddd1,3,33,33,0,match
1qbddhh,3,33,33,0,match
1qbddtp,3,33,33,0,match
1qbddwp,3,33,33,0,match
1qbdeba,3,32,32,0,match
1qbded7,3,32,32,0,match
1qbdejq,3,4,4,0,match
1qbdepn,3,1,1,0,match
1qbdex9,3,32,32,0,match
1qbdexd,3,9,9,0,match
1qbdeym,3,33,33,0,match
1qbdf1h,3,33,33,0,match
1qbdf97,3,33,33,0,match
1qbdfck,3,1,1,0,match
1qbdfm3,3,33,33,0,match
1qbdfrj,3,5,5,0,match
1qbdft2,3,33,33,0,match
1qbdft6,3,33,33,0,match
1qbdfx0,3,33,33,0,match
1qbdg04,3,1,1,0,match
1qbdg1c,3,1,1,0,match
1qbdg8p,3,1,1,0,match
1qbdgjg,3,33,33,0,match
1qbdgk2,3,1,1,0,match
1qbdgzd,3,13,13,0,match
1qbdh54,3,33,33,0,match
1qbdhdw,3,1,1,0,match
1qbdhk1,3,33,33,0,match
1qbdhmr,3,33,33,0,match
1qbdhun,3,33,33,0,match
1qbdi2n,3,33,33,0,match
1qbdi3g,3,33,33,0,match
1qbdi95,3,1,1,0,match
1qbdiif,3,1,1,0,match
1qbdiop,3,1,1,0,match
1qbdiug,3,33,33,0,match
1qbdj96,3,33,33,0,match
1qbdjgv,3,34,34,0,match
1qbdjju,3,1,1,0,match
1qbdjkq,3,34,34,0,match
1qbdk4i,3,34,34,0,match
1qbdkrj,3,4,4,0,match
1qbdl6k,3,34,34,0,match
1qbdlpi,3,1,1,0,match
1qbdlr6,3,13,13,0,match
1qbdltr,3,34,34,0,match
1qbdluk,3,34,34,0,match
1qbdm19,3,34,34,0,match
1qbdm47,3,1,1,0,match
1qbdmm1,3,34,34,0,match
1qbdn6v,3,34,34,0,match
1qbdnkj,3,34,34,0,match
1qbdnnm,3,34,34,0,match
1qbdno8,3,34,34,0,match
1qbdokj,3,34,34,0,match
1qbdp17,3,12,12,0,match
1qbdp25,3,34,34,0,match
1qbdpbt,3,34,34,0,match
1qbdpgw,3,34,34,0,match
1qbdpi7,3,34,34,0,match
1qbdprw,3,34,34,0,match
1qbdpz0,3,34,34,0,match
1qbdqjg,3,15,15,0,match
1qbdqo5,3,33,33,0,match
1qbdqyg,3,33,33,0,match
1qbdr59,3,33,33,0,match
1qbdre4,3,33,33,0,match
1qbdrm6,3,33,33,0,match
1qbds6q,3,34,34,0,match
1qbdszm,3,34,34,0,match
1qbdtcs,3,11,11,0,match
1qbdtsw,3,34,34,0,match
1qbdus6,3,34,34,0,match
1qbdusr,3,34,34,0,match
1qbduwz,3,34,34,0,match
1qbdv9m,3,34,34,0,match
1qbdvbg,3,34,34,0,match
1qbdvvy,3,34,34,0,match
1qbdw53,3,1,1,0,match
1qbdwbb,3,34,34,0,match
1qbdwcn,3,34,34,0,match
1qbdwmx,3,34,34,0,match
1qbdx51,3,34,34,0,match
1qbdx5y,3,34,34,0,match
1qbdxba,3,34,34,0,match
1qbdxi2,3,34,34,0,match
1qbdxx4,3,34,34,0,match
1qbdy01,3,34,34,0,match
1qbdyd2,3,14,14,0,match
1qbdyql,3,34,34,0,match
1qbdzca,3,34,34,0,match
1qbdzfg,3,34,34,0,match
1qbdzfy,3,34,34,0,match
1qbdzpj,3,34,34,0,match
1qbdzqx,3,34,34,0,match
1qbdzrg,3,34,34,0,match
1qbe0tt,3,34,34,0,match
1qbe136,3,34,34,0,match
1qbe192,3,34,34,0,match
1qbe1h0,3,34,34,0,match
1qbe1ja,3,34,34,0,match
1qbe1yc,3,34,34,0,match
1qbe1zc,3,35,35,0,match
1qbe21u,3,35,35,0,match
1qbe2b0,3,1,1,0,match
1qbe2n2,3,34,34,0,match
1qbe2tf,3,34,34,0,match
1qbe436,3,34,34,0,match
1qbe4wu,3,34,34,0,match
1qbe530,3,34,34,0,match
1qbe53i,3,34,34,0,match
1qbe5bu,3,34,34,0,match
1qbe5du,3,34,34,0,match
1qbe6cy,3,34,34,0,match
1qbe6du,3,34,34,0,match
1qbe7dg,3,34,34,0,match
1qbe7ln,3,34,34,0,match
1qbe7m3,3,1,1,0,match
1qbe7v9,3,34,34,0,match
1qbe831,3,34,34,0,match
1qbe8di,3,34,34,0,match
1qbe8hi,3,34,34,0,match
1qbe8l9,3,10,10,0,match
1qbe9bm,3,34,34,0,match
1qbea6q,3,4,4,0,match
1qbeah1,3,34,34,0,match
1qbeaue,3,34,34,0,match
1qbeb3j,3,2,2,0,match
1qbeba3,3,34,34,0,match
1qbebpb,3,34,34,0,match
1qbebsk,3,34,34,0,match
1qbed00,3,34,34,0,match
1qbedef,3,34,34,0,match
1qbediq,3,2,2,0,match
1qbedv6,3,34,34,0,match
1qbee0j,3,34,34,0,match
1qbee3i,3,34,34,0,match
1qbee5c,3,2,2,0,match
1qbeej0,3,34,34,0,match
1qbefdy,3,33,33,0,match
1qbefp7,3,33,33,0,match
1qbeftx,3,33,33,0,match
1qbehbz,3,33,33,0,match
1qbehjn,3,33,33,0,match
1qbehk3,3,4,4,0,match
1qbeia0,3,33,33,0,match
1qbeijb,3,34,34,0,match
1qbeiqb,3,34,34,0,match
1qbej60,3,34,34,0,match
1qbej9y,3,4,4,0,match
1qbejfu,3,34,34,0,match
1qbejhx,3,34,34,0,match
1qbek67,3,34,34,0,match
1qbekqc,3,34,34,0,match
1qbeks8,3,34,34,0,match
1qbekwi,3,14,14,0,match
1qbeldj,3,34,34,0,match
1qbelp8,3,34,34,0,match
1qbelr8,3,34,34,0,match
1qbelxk,3,34,34,0,match
1qbem1l,3,1,1,0,match
1qbeman,3,34,34,0,match
1qbemcv,3,34,34,0,match
1qbemj5,3,8,8,0,match
1qbemy2,3,1,1,0,match
1qbeni5,3,34,34,0,match
1qbenil,3,34,34,0,match
1qbenlm,3,34,34,0,match
1qbenyw,3,34,34,0,match
1qbeo94,3,34,34,0,match
1qbeoou,3,34,34,0,match
1qbeoqp,3,34,34,0,match
1qbeou4,3,34,34,0,match
1qbeoyd,3,34,34,0,match
1qbepuk,3,34,34,0,match
1qbepy8,3,34,34,0,match
1qbeqod,3,34,34,0,match
1qber86,3,34,34,0,match
1qberm8,3,33,33,0,match
1qbern8,3,33,33,0,match
1qberqc,3,33,33,0,match
1qbesc2,3,33,33,0,match
1qbesl3,3,4,4,0,match
1qbetbk,3,5,5,0,match
1qbetrm,3,34,34,0,match
1qbett1,3,34,34,0,match
1qbeu1v,3,34,34,0,match
1qbeu6n,3,34,34,0,match
1qbev2n,3,34,34,0,match
1qbevlz,3,34,34,0,match
1qbevm8,3,34,34,0,match
1qbevyj,3,34,34,0,match
1qbew3h,3,34,34,0,match
1qbew45,3,34,34,0,match
1qbewef,3,34,34,0,match
1qbex1q,3,34,34,0,match
1qbexuv,3,34,34,0,match
1qbey7e,3,27,27,0,match
1qbeyi1,3,34,34,0,match
1qbeyk9,3,34,34,0,match
1qbeypa,3,34,34,0,match
1qbeyyv,3,34,34,0,match
1qbezav,3,34,34,0,match
1qbf0bi,3,34,34,0,match
1qbf0di,3,1,1,0,match
1qbf0qh,3,34,34,0,match
1qbf150,3,34,34,0,match
1qbf19x,3,34,34,0,match
1qbf1f0,3,34,34,0,match
1qbf1g2,3,1,1,0,match
1qbf1gw,3,34,34,0,match
1qbf1x2,3,1,1,0,match
1qbf24t,3,34,34,0,match
1qbf36d,3,35,35,0,match
1qbf3ip,3,35,35,0,match
1qbf40f,3,2,2,0,match
1qbf45n,3,34,34,0,match
1qbf49y,3,34,34,0,match
1qbf4e3,3,34,34,0,match
1qbf51c,3,34,34,0,match
1qbf525,3,2,2,0,match
1qbf54v,3,1,1,0,match
1qbf57u,3,34,34,0,match
1qbf58f,3,3,3,0,match
1qbf58m,3,34,34,0,match
1qbf5zw,3,4,4,0,match
1qbf6la,3,34,34,0,match
1qbf6st,3,34,34,0,match
1qbf6uf,3,34,34,0,match
1qbf8wy,3,34,34,0,match
1qbf9j2,3,34,34,0,match
1qbfaau,3,34,34,0,match
1qbfaca,3,3,3,0,match
1qbfarf,3,34,34,0,match
1qbfaxc,3,34,34,0,match
1qbfb22,3,18,18,0,match
1qbfb8x,3,2,2,0,match
1qbfbqf,3,34,34,0,match
1qbfbre,3,34,34,0,match
1qbfc1q,3,34,34,0,match
1qbfc37,3,34,34,0,match
1qbfchi,3,3,3,0,match
1qbfcjq,3,34,34,0,match
1qbfcqe,3,34,34,0,match
1qbfcqg,3,34,34,0,match
1qbfcxc,3,34,34,0,match
1qbfd42,3,34,34,0,match
1qbfd7l,3,34,34,0,match
1qbfegz,3,34,34,0,match
1qbfemw,3,2,2,0,match
1qbffbk,3,34,34,0,match
1qbffm3,3,3,3,0,match
1qbffyz,3,34,34,0,match
1qbfgl6,3,33,33,0,match
1qbfgx9,3,33,33,0,match
1qbfhgv,3,33,33,0,match
1qbfhq0,3,33,33,0,match
1qbfi5j,3,33,33,0,match
1qbfim8,3,33,33,0,match
1qbfisb,3,33,33,0,match
1qbfjem,3,33,33,0,match
1qbfjji,3,33,33,0,match
1qbfjmi,3,33,33,0,match
1qbfk0x,3,33,33,0,match
1qbfl6z,3,33,33,0,match
1qbflkk,3,33,33,0,match
1qbflwc,3,33,33,0,match
1qbfmpa,3,33,33,0,match
1qbfmzx,3,33,33,0,match
1qbfn1h,3,33,33,0,match
1qbfnfv,3,28,28,0,match
1qbfng2,3,1,1,0,match
1qbfnjf,3,33,33,0,match
1qbfno1,3,33,33,0,match
1qbfnq6,3,1,1,0,match
1qbfnuw,3,33,33,0,match
1qbfobj,3,33,33,0,match
1qbfofx,3,33,33,0,match
1qbfok2,3,33,33,0,match
1qbfol1,3,33,33,0,match
1qbfozn,3,33,33,0,match
1qbfpb5,3,10,10,0,match
1qbfpfx,3,33,33,0,match
1qbfpgj,3,33,33,0,match
1qbfq9m,3,33,33,0,match
1qbfqbt,3,33,33,0,match
1qbfqke,3,33,33,0,match
1qbfqvc,3,33,33,0,match
1qbfrjh,3,34,34,0,match
1qbfrsl,3,34,34,0,match
1qbfsok,3,34,34,0,match
1qbfsym,3,34,34,0,match
1qbft3s,3,34,34,0,match
1qbfthq,3,33,33,0,match
1qbftyu,3,33,33,0,match
1qbftzt,3,33,33,0,match
1qbfu1g,3,33,33,0,match
1qbfu1w,3,33,33,0,match
1qbfu7k,3,33,33,0,match
1qbfv0f,3,33,33,0,match
1qbfv0r,3,33,33,0,match
1qbfvdq,3,33,33,0,match
1qbfvtc,3,33,33,0,match
1qbfvu9,3,19,19,0,match
1qbfvzr,3,33,33,0,match
1qbfw1c,3,34,34,0,match
1qbfwqp,3,9,9,0,match
1qbfwzi,3,34,34,0,match
1qbfx1f,3,34,34,0,match
1qbfyxq,3,34,34,0,match
1qbfz5z,3,34,34,0,match
1qbg04z,3,2,2,0,match
1qbg0lg,3,8,8,0,match
1qbg120,3,34,34,0,match
1qbg1b3,3,34,34,0,match
1qbg1qu,3,34,34,0,match
1qbg2lb,3,34,34,0,match
1qbg2mg,3,34,34,0,match
1qbg2ok,3,34,34,0,match
1qbg2qr,3,2,2,0,match
1qbg35o,3,34,34,0,match
1qbg3e1,3,34,34,0,match
1qbg40f,3,34,34,0,match
1qbg410,3,34,34,0,match
1qbg4bh,3,34,34,0,match
1qbg4dl,3,34,34,0,match
1qbg4ng,3,34,34,0,match
1qbg4ry,3,34,34,0,match
1qbg5vc,3,33,33,0,match
1qbg6so,3,33,33,0,match
1qbg75l,3,7,7,0,match
1qbg7cw,3,33,33,0,match
1qbg85z,3,33,33,0,match
1qbg8ny,3,33,33,0,match
1qbg8of,3,33,33,0,match
1qbg928,3,34,34,0,match
1qbg9vq,3,34,34,0,match
1qbga8e,3,34,34,0,match
1qbgbjr,3,34,34,0,match
1qbgbw4,3,34,34,0,match
1qbgbzz,3,34,34,0,match
1qbgc7m,3,34,34,0,match
1qbgcbk,3,34,34,0,match
1qbgcjm,3,34,34,0,match
1qbgcqi,3,34,34,0,match
1qbgcwp,3,34,34,0,match
1qbgcxt,3,34,34,0,match
1qbgd1i,3,34,34,0,match
1qbge9r,3,34,34,0,match
1qbgeza,3,34,34,0,match
1qbgfui,3,34,34,0,match
1qbgfwl,3,34,34,0,match
1qbgfx9,3,34,34,0,match
1qbgg21,3,34,34,0,match
1qbgh2g,3,34,34,0,match
1qbgheq,3,33,33,0,match
1qbghmq,3,33,33,0,match
1qbghty,3,33,33,0,match
1qbgiuh,3,33,33,0,match
1qbgj92,3,33,33,0,match
1qbgjl8,3,33,33,0,match
1qbgjw7,3,33,33,0,match
1qbgk1e,3,33,33,0,match
1qbgk1s,3,33,33,0,match
1qbgk74,3,33,33,0,match
1qbgkdy,3,33,33,0,match
1qbgkgx,3,33,33,0,match
1qbgkh5,3,33,33,0,match
1qbgl8f,3,33,33,0,match
1qbglaq,3,33,33,0,match
1qbglf4,3,34,34,0,match
1qbglnu,3,34,34,0,match
1qbgltp,3,34,34,0,match
1qbgm2w,3,34,34,0,match
1qbgm4t,3,34,34,0,match
1qbgmfv,3,34,34,0,match
1qbgmhc,3,34,34,0,match
1qbgmst,3,34,34,0,match
1qbgn54,3,34,34,0,match
1qbgnt0,3,34,34,0,match
1qbgohs,3,5,5,0,match
1qbgol5,3,34,34,0,match
1qbgpwf,3,34,34,0,match
1qbgqic,3,34,34,0,match
1qbgr1o,3,34,34,0,match
1qbgrpg,3,34,34,0,match
1qbgste,3,34,34,0,match
1qbgsvl,3,34,34,0,match
1qbgsx9,3,34,34,0,match
1qbgt1s,3,34,34,0,match
1qbgtin,3,33,33,0,match
1qbgtt2,3,33,33,0,match
1qbgu0f,3,34,34,0,match
1qbgu46,3,34,34,0,match
1qbgv7h,3,10,10,0,match
1qbgvim,3,34,34,0,match
1qbgvsi,3,34,34,0,match
1qbgwc7,3,34,34,0,match
1qbgwf9,3,34,34,0,match
1qbgwgw,3,34,34,0,match
1qbgwhp,3,34,34,0,match
1qbgwj8,3,34,34,0,match
1qbgwxl,3,34,34,0,match
1qbgx9y,3,34,34,0,match
1qbgxkx,3,34,34,0,match
1qbgxm4,3,34,34,0,match
1qbgyho,3,34,34,0,match
1qbgyi5,3,34,34,0,match
1qbgzga,3,34,34,0,match
1qbgzq1,3,34,34,0,match
1qbgzzo,3,5,5,0,match
1qbh09q,3,34,34,0,match
1qbh0cv,3,34,34,0,match
1qbh12y,3,34,34,0,match
1qbh1o0,3,34,34,0,match
1qbh26b,3,34,34,0,match
1qbh2sw,3,1,1,0,match
1qbh308,3,34,34,0,match
1qbh3ub,3,34,34,0,match
1qbh3yi,3,34,34,0,match
1qbh471,3,35,35,0,match
1qbh4sv,3,35,35,0,match
1qbh5a5,3,34,34,0,match
1qbh5tf,3,34,34,0,match
1qbh68x,3,34,34,0,match
1qbh6no,3,34,34,0,match
1qbh6za,3,34,34,0,match
1qbh7kg,3,34,34,0,match
1qbh7x5,3,34,34,0,match
1qbh95e,3,34,34,0,match
1qbh9v9,3,34,34,0,match
1qbhayd,3,34,34,0,match
1qbhaz8,3,34,34,0,match
1qbhba6,3,2,2,0,match
1qbhc12,3,34,34,0,match
1qbhcke,3,34,34,0,match
1qbhdic,3,34,34,0,match
1qbhdmd,3,34,34,0,match
1qbhdp5,3,34,34,0,match
1qbhdt5,3,34,34,0,match
1qbhehf,3,34,34,0,match
1qbhehy,3,34,34,0,match
1qbhflw,3,34,34,0,match
1qbhghn,3,1,1,0,match
1qbhght,3,34,34,0,match
1qbhgkt,3,33,33,0,match
1qbhh4a,3,33,33,0,match
1qbhhee,3,33,33,0,match
1qbhhqw,3,33,33,0,match
1qbhhxg,3,33,33,0,match
1qbhi1t,3,33,33,0,match
1qbhicc,3,33,33,0,match
1qbhick,3,33,33,0,match
1qbhis1,3,3,3,0,match
1qbhjhn,3,33,33,0,match
1qbhji4,3,33,33,0,match
1qbhk3c,3,33,33,0,match
1qbhkzx,3,33,33,0,match
1qbhl6k,3,14,14,0,match
1qbhmox,3,33,33,0,match
1qbhn20,3,34,34,0,match
1qbhn28,3,34,34,0,match
1qbhncq,3,34,34,0,match
1qbhnj0,3,34,34,0,match
1qbho2x,3,34,34,0,match
1qbhos0,3,34,34,0,match
1qbhp06,3,34,34,0,match
1qbhpkz,3,34,34,0,match
1qbhpug,3,34,34,0,match
1qbhq23,3,34,34,0,match
1qbhqjq,3,34,34,0,match
1qbhqye,3,34,34,0,match
1qbhr89,3,34,34,0,match
1qbhrka,3,34,34,0,match
1qbhrrq,3,34,34,0,match
1qbhrrv,3,1,1,0,match
1qbhs6u,3,34,34,0,match
1qbhsfr,3,33,33,0,match
1qbhsnm,3,33,33,0,match
1qbhsvf,3,33,33,0,match
1qbhszu,3,33,33,0,match
1qbht0e,3,33,33,0,match
1qbht9q,3,33,33,0,match
1qbht9s,3,33,33,0,match
1qbhtfy,3,33,33,0,match
1qbhu6j,3,33,33,0,match
1qbhu96,3,33,33,0,match
1qbhuhb,3,26,26,0,match
1qbhuku,3,34,34,0,match
1qbhum9,3,34,34,0,match
1qbhut9,3,1,1,0,match
1qbhvc2,3,34,34,0,match
1qbhvql,3,34,34,0,match
1qbhwbf,3,34,34,0,match
1qbhx0v,3,34,34,0,match
1qbhx7t,3,34,34,0,match
1qbhxdw,3,34,34,0,match
1qbhxe6,3,34,34,0,match
1qbhxv5,3,34,34,0,match
1qbhxv9,3,34,34,0,match
1qbhy2s,3,2,2,0,match
1qbhyi3,3,34,34,0,match
1qbhypn,3,34,34,0,match
1qbhz19,3,3,3,0,match
1qbhz1f,3,34,34,0,match
1qbhznb,3,34,34,0,match
1qbi042,3,34,34,0,match
1qbi08e,3,34,34,0,match
1qbi08r,3,34,34,0,match
1qbi0jj,3,34,34,0,match
1qbi0le,3,34,34,0,match
1qbi13b,3,34,34,0,match
1qbi17e,3,34,34,0,match
1qbi1aj,3,34,34,0,match
1qbi1d5,3,34,34,0,match
1qbi1g3,3,18,18,0,match
1qbi1vw,3,34,34,0,match
1qbi3dj,3,33,33,0,match
1qbi3fm,3,33,33,0,match
1qbi3mh,3,33,33,0,match
1qbi3ne,3,33,33,0,match
1qbi3ro,3,33,33,0,match
1qbi4ex,3,33,33,0,match
1qbi4f5,3,33,33,0,match
1qbi4yp,3,34,34,0,match
1qbi5h3,3,28,28,0,match
1qbi5ih,3,34,34,0,match
1qbi6wn,3,34,34,0,match
1qbi6xc,3,34,34,0,match
1qbi793,3,34,34,0,match
1qbi7ak,3,9,9,0,match
1qbi7l4,3,34,34,0,match
1qbi7m2,3,34,34,0,match
1qbi7o5,3,34,34,0,match
1qbi8bv,3,34,34,0,match
1qbi8nk,3,34,34,0,match
1qbi8wd,3,34,34,0,match
1qbi9d4,3,14,14,0,match
1qbi9q7,3,34,34,0,match
1qbia2m,3,34,34,0,match
1qbiagb,3,34,34,0,match
1qbial2,3,34,34,0,match
1qbiate,3,34,34,0,match
1qbic47,3,1,1,0,match
1qbic98,3,34,34,0,match
1qbicgt,3,1,1,0,match
1qbicmp,3,34,34,0,match
1qbicsw,3,34,34,0,match
1qbid45,3,34,34,0,match
1qbideb,3,34,34,0,match
1qbidee,3,34,34,0,match
1qbidny,3,1,1,0,match
1qbidsq,3,34,34,0,match
1qbie2d,3,33,33,0,match
1qbiekd,3,33,33,0,match
1qbif2b,3,33,33,0,match
1qbifmq,3,33,33,0,match
1qbifrc,3,33,33,0,match
1qbifzb,3,33,33,0,match
1qbig50,3,33,33,0,match
1qbigcw,3,33,33,0,match
1qbigep,3,16,16,0,match
1qbighj,3,8,8,0,match
1qbigmr,3,33,33,0,match
1qbigtg,3,33,33,0,match
1qbigzx,3,33,33,0,match
1qbih1v,3,33,33,0,match
1qbihog,3,1,1,0,match
1qbihxt,3,34,34,0,match
1qbii0y,3,34,34,0,match
1qbij18,3,34,34,0,match
1qbij33,3,34,34,0,match
1qbijbx,3,34,34,0,match
1qbijxz,3,34,34,0,match
1qbik5d,3,34,34,0,match
1qbikue,3,1,1,0,match
1qbilja,3,34,34,0,match
1qbilmy,3,34,34,0,match
1qbils4,3,34,34,0,match
1qbilto,3,1,1,0,match
1qbilzq,3,1,1,0,match
1qbim6v,3,1,1,0,match
1qbim7w,3,34,34,0,match
1qbimed,3,1,1,0,match
1qbimmm,3,1,1,0,match
1qbimoi,3,34,34,0,match
1qbimsh,3,1,1,0,match
1qbimug,3,34,34,0,match
1qbimyf,3,34,34,0,match
1qbimzf,3,1,1,0,match
1qbin6o,3,1,1,0,match
1qbin6t,3,34,34,0,match
1qbin8w,3,34,34,0,match
1qbin9t,3,34,34,0,match
1qbinac,3,34,34,0,match
1qbincc,3,1,1,0,match
1qbinjh,3,1,1,0,match
1qbinkx,3,34,34,0,match
1qbinlc,3,34,34,0,match
1qbinzl,3,34,34,0,match
1qbio0o,3,34,34,0,match
1qbiovt,3,34,34,0,match
1qbipe1,3,33,33,0,match
1qbipve,3,33,33,0,match
1qbipwy,3,33,33,0,match
1qbipz9,3,33,33,0,match
1qbiqt8,3,33,33,0,match
1qbiqtm,3,33,33,0,match
1qbir17,3,33,33,0,match
1qbirdk,3,33,33,0,match
1qbirln,3,33,33,0,match
1qbirwy,3,33,33,0,match
1qbis10,3,33,33,0,match
1qbis3x,3,33,33,0,match
1qbis9c,3,33,33,0,match
1qbisfk,3,33,33,0,match
1qbisg7,3,34,34,0,match
1qbisjb,3,34,34,0,match
1qbisoh,3,34,34,0,match
1qbisy4,3,34,34,0,match
1qbitue,3,34,34,0,match
1qbiubf,3,34,34,0,match
1qbiuj4,3,34,34,0,match
1qbiuld,3,34,34,0,match
1qbiuyl,3,7,7,0,match
1qbivh2,3,34,34,0,match
1qbivxt,3,34,34,0,match
1qbivyi,3,34,34,0,match
1qbiwdb,3,34,34,0,match
1qbiwvb,3,34,34,0,match
1qbixo6,3,34,34,0,match
1qbixqh,3,34,34,0,match
1qbiy1t,3,34,34,0,match
1qbiyot,3,34,34,0,match
1qbiz1x,3,34,34,0,match
1qbizj3,3,34,34,0,match
1qbizjg,3,34,34,0,match
1qbizt9,3,33,33,0,match
1qbj09x,3,33,33,0,match
1qbj0ar,3,33,33,0,match
1qbj0ny,3,33,33,0,match
1qbj0ws,3,33,33,0,match
1qbj0zj,3,33,33,0,match
1qbj0zz,3,33,33,0,match
1qbj15n,3,33,33,0,match
1qbj195,3,33,33,0,match
1qbj19s,3,33,33,0,match
1qbj1ci,3,33,33,0,match
1qbj1z5,3,33,33,0,match
1qbj2c0,3,33,33,0,match
1qbj2de,3,8,8,0,match
1qbj2jp,3,33,33,0,match
1qbj2nj,3,33,33,0,match
1qbj2xj,3,34,34,0,match
1qbj34n,3,34,34,0,match
1qbj3pg,3,34,34,0,match
1qbj415,3,34,34,0,match
1qbj489,3,34,34,0,match
1qbj4g3,3,34,34,0,match
1qbj4gl,3,34,34,0,match
1qbj4lw,3,34,34,0,match
1qbj5n5,3,34,34,0,match
1qbj5zi,3,34,34,0,match
1qbj65x,3,34,34,0,match
1qbj6c6,3,34,34,0,match
1qbj6mn,3,34,34,0,match
1qbj6se,3,34,34,0,match
1qbj7v6,3,34,34,0,match
1qbj7xt,3,34,34,0,match
1qbj8fc,3,1,1,0,match
1qbj8hp,3,3,3,0,match
1qbj8s1,3,34,34,0,match
1qbj8zv,3,34,34,0,match
1qbj91e,3,35,35,0,match
1qbj9do,3,35,35,0,match
1qbj9v6,3,34,34,0,match
1qbjawf,3,13,13,0,match
1qbjb2t,3,34,34,0,match
1qbjbjb,3,21,21,0,match
1qbjboe,3,34,34,0,match
1qbjcc6,3,34,34,0,match
1qbjd23,3,34,34,0,match
1qbjd3x,3,34,34,0,match
1qbjd4c,3,34,34,0,match
1qbje2d,3,34,34,0,match
1qbjefm,3,34,34,0,match
1qbjf2v,3,34,34,0,match
1qbjg3a,3,34,34,0,match
1qbjgul,3,1,1,0,match
1qbjhbo,3,34,34,0,match
1qbjj7k,3,34,34,0,match
1qbjj9m,3,34,34,0,match
1qbjjvd,3,33,33,0,match
1qbjjyf,3,33,33,0,match
1qbjjz5,3,33,33,0,match
1qbjkgu,3,33,33,0,match
1qbjklu,3,33,33,0,match
1qbjldf,3,33,33,0,match
1qbjlyf,3,33,33,0,match
1qbjmhw,3,33,33,0,match
1qbjn58,3,33,33,0,match
1qbjncj,3,33,33,0,match
1qbjnek,3,2,2,0,match
1qbjpf4,3,33,33,0,match
1qbjqcv,3,33,33,0,match
1qbjqij,3,33,33,0,match
1qbjqxc,3,33,33,0,match
1qbjr9y,3,33,33,0,match
1qbjri2,3,33,33,0,match
1qbjs58,3,33,33,0,match
1qbjsfm,3,33,33,0,match
1qbjsj8,3,33,33,0,match
1qbjt02,3,34,34,0,match
1qbjt7q,3,34,34,0,match
1qbjtjz,3,1,1,0,match
1qbjubb,3,33,33,0,match
1qbjut0,3,33,33,0,match
1qbjv96,3,33,33,0,match
1qbjvm4,3,33,33,0,match
1qbjvs4,3,33,33,0,match
1qbjw67,3,33,33,0,match
1qbjwww,3,33,33,0,match
1qbjwxw,3,33,33,0,match
1qbjwyq,3,33,33,0,match
1qbjyqs,3,33,33,0,match
1qbjyrd,3,33,33,0,match
1qbjyu4,3,33,33,0,match
1qbjz20,3,33,33,0,match
1qbjzei,3,33,33,0,match
1qbk0xz,3,33,33,0,match
1qbk1m8,3,33,33,0,match
1qbk1nb,3,2,2,0,match
1qbk1up,3,33,33,0,match
1qbk1zx,3,33,33,0,match
1qbk22a,3,33,33,0,match
1qbk25r,3,33,33,0,match
1qbk2mj,3,33,33,0,match
1qbk2o5,3,34,34,0,match
1qbk2ok,3,34,34,0,match
1qbk2tw,3,34,34,0,match
1qbk36z,3,25,25,0,match
1qbk4gc,3,33,33,0,match
1qbk4l6,3,33,33,0,match
1qbk4xw,3,33,33,0,match
1qbk54o,3,33,33,0,match
1qbk5qw,3,33,33,0,match
1qbk5t7,3,33,33,0,match
1qbk7sy,3,33,33,0,match
1qbk889,3,33,33,0,match
1qbk8ap,3,1,1,0,match
1qbk8qx,3,33,33,0,match
1qbk93l,3,33,33,0,match
1qbk9gq,3,33,33,0,match
1qbk9mp,3,33,33,0,match
1qbk9pk,3,33,33,0,match
1qbk9sh,3,33,33,0,match
1qbkako,3,33,33,0,match
1qbkal8,3,33,33,0,match
1qbkarh,3,33,33,0,match
1qbkaye,3,33,33,0,match
1qbkb57,3,33,33,0,match
1qbkb8u,3,33,33,0,match
1qbkbzu,3,33,33,0,match
1qbkc10,3,33,33,0,match
1qbkc1x,3,33,33,0,match
1qbkc3q,3,33,33,0,match
1qbkcq2,3,32,32,0,match
1qbkcz8,3,32,32,0,match
1qbkd8i,3,32,32,0,match
1qbkdjv,3,32,32,0,match
1qbkdqk,3,33,33,0,match
1qbke0e,3,17,17,0,match
1qbke1q,3,33,33,0,match
1qbkehv,3,33,33,0,match
1qbkeis,3,33,33,0,match
1qbkevz,3,33,33,0,match
1qbkex0,3,33,33,0,match
1qbkexc,3,33,33,0,match
1qbkf0n,3,33,33,0,match
1qbkf0s,3,33,33,0,match
1qbkf8g,3,33,33,0,match
1qbkff7,3,33,33,0,match
1qbkfnq,3,33,33,0,match
1qbkg9e,3,33,33,0,match
1qbkg9m,3,33,33,0,match
1qbkgoj,3,2,2,0,match
1qbkgwo,3,33,33,0,match
1qbkh27,3,33,33,0,match
1qbkh68,3,7,7,0,match
1qbkhf2,3,33,33,0,match
1qbkhfk,3,33,33,0,match
1qbkhmy,3,33,33,0,match
1qbkhns,3,33,33,0,match
1qbkhqt,3,33,33,0,match
1qbkhtw,3,9,9,0,match
1qbki4g,3,33,33,0,match
1qbkicn,3,29,29,0,match
1qbkiea,3,33,33,0,match
1qbkifv,3,8,8,0,match
1qbkigd,3,33,33,0,match
1qbkioo,3,33,33,0,match
1qbkitd,3,33,33,0,match
1qbkivo,3,29,29,0,match
1qbkj0q,3,32,32,0,match
1qbkj1t,3,33,33,0,match
1qbkj8a,3,1,1,0,match
1qbkjbd,3,33,33,0,match
1qbkjbf,3,33,33,0,match
1qbkjh1,3,33,33,0,match
1qbkjkd,3,33,33,0,match
1qbkk4m,3,33,33,0,match
1qbkka1,3,33,33,0,match
1qbkkck,3,33,33,0,match
1qbkkyn,3,33,33,0,match
1qbkl7u,3,33,33,0,match
1qbkl89,3,33,33,0,match
1qbklhz,3,33,33,0,match
1qbklir,3,6,6,0,match
1qbklqt,3,32,32,0,match
1qbklx8,3,1,1,0,match
1qbkm8a,3,29,29,0,match
1qbkm9b,3,32,32,0,match
1qbkmch,3,33,33,0,match
1qbkmek,3,33,33,0,match
1qbkmlk,3,33,33,0,match
1qbkmmq,3,33,33,0,match
1qbkmus,3,8,8,0,match
1qbknf1,3,33,33,0,match
1qbkni9,3,33,33,0,match
1qbknjy,3,33,33,0,match
1qbkois,3,31,31,0,match
1qbkose,3,33,33,0,match
1qbkp62,3,33,33,0,match
1qbkp76,3,33,33,0,match
1qbkpbm,3,33,33,0,match
1qbkpcy,3,33,33,0,match
1qbkpey,3,33,33,0,match
1qbkphh,3,33,33,0,match
1qbkppu,3,33,33,0,match
1qbkqfn,3,33,33,0,match
1qbkqvk,3,33,33,0,match
1qbkr2c,3,6,6,0,match
1qbkrbr,3,33,33,0,match
1qbkrgc,3,33,33,0,match
1qbkrog,3,33,33,0,match
1qbkrpy,3,33,33,0,match
1qbkrqj,3,33,33,0,match
1qbkrta,3,33,33,0,match
1qbks0a,3,33,33,0,match
1qbks0e,3,33,33,0,match
1qbksgz,3,33,33,0,match
1qbksov,3,33,33,0,match
1qbksr2,3,33,33,0,match
1qbkt5x,3,1,1,0,match
1qbkt6m,3,33,33,0,match
1qbktgk,3,33,33,0,match
1qbktss,3,33,33,0,match
1qbku1k,3,33,33,0,match
1qbkuod,3,33,33,0,match
1qbkupz,3,34,34,0,match
1qbkv0a,3,33,33,0,match
1qbkv1k,3,33,33,0,match
1qbkv33,3,4,4,0,match
1qbkv45,3,33,33,0,match
1qbkvdp,3,33,33,0,match
1qbkvew,3,33,33,0,match
1qbkvfm,3,33,33,0,match
1qbkvri,3,3,3,0,match
1qbkw3s,3,9,9,0,match
1qbkwcl,3,33,33,0,match
1qbkwvs,3,33,33,0,match
1qbkwxv,3,33,33,0,match
1qbkwxw,3,33,33,0,match
1qbkwye,3,33,33,0,match
1qbkxid,3,33,33,0,match
1qbkxrq,3,33,33,0,match
1qbky8t,3,33,33,0,match
1qbkyaa,3,33,33,0,match
1qbkyvn,3,33,33,0,match
1qbkyz4,3,33,33,0,match
1qbkz4j,3,22,22,0,match
1qbkzih,3,33,33,0,match
1qbkzrg,3,33,33,0,match
1qbkzwm,3,33,33,0,match
1qbkzyn,3,33,33,0,match
1qbl0ah,3,33,33,0,match
1qbl0de,3,33,33,0,match
1qbl11l,3,33,33,0,match
1qbl12w,3,33,33,0,match
1qbl17f,3,33,33,0,match
1qbl1nz,3,33,33,0,match
1qbl24o,3,33,33,0,match
1qbl264,3,1,1,0,match
1qbl2a9,3,33,33,0,match
1qbl2ep,3,33,33,0,match
1qbl2gf,3,33,33,0,match
1qbl2l6,3,33,33,0,match
1qbl2qd,3,34,34,0,match
1qbl2to,3,34,34,0,match
1qbl2za,3,34,34,0,match
1qbl346,3,34,34,0,match
1qbl38x,3,34,34,0,match
1qbl3e0,3,34,34,0,match
1qbl3g0,3,34,34,0,match
1qbl57f,3,1,1,0,match
1qbl59z,3,33,33,0,match
1qbl5ie,3,33,33,0,match
1qbl66h,3,33,33,0,match
1qbl6n0,3,1,1,0,match
1qbl6zy,3,33,33,0,match
1qbl7oz,3,33,33,0,match
1qbl7ub,3,12,12,0,match
1qbl89d,3,33,33,0,match
1qbl978,3,33,33,0,match
1qbl9fg,3,33,33,0,match
1qbl9lr,3,33,33,0,match
1qbl9up,3,33,33,0,match
1qbladf,3,33,33,0,match
1qblazl,3,1,1,0,match
1qblb3g,3,33,33,0,match
1qblbau,3,33,33,0,match
1qblbjm,3,33,33,0,match
1qblbo5,3,1,1,0,match
1qblbsh,3,33,33,0,match
1qblbyc,3,33,33,0,match
1qblbyr,3,33,33,0,match
1qblc8r,3,33,33,0,match
1qblci9,3,32,32,0,match
1qblclr,3,33,33,0,match
1qblcpt,3,33,33,0,match
1qbldaj,3,33,33,0,match
1qbldpz,3,33,33,0,match
1qbldqc,3,33,33,0,match
1qbldsu,3,14,14,0,match
1qbldu5,3,33,33,0,match
1qble3n,3,33,33,0,match
1qbled8,3,33,33,0,match
1qblekz,3,33,33,0,match
1qblel9,3,33,33,0,match
1qblexm,3,33,33,0,match
1qbleyv,3,33,33,0,match
1qblezk,3,2,2,0,match
1qblff8,3,33,33,0,match
1qblfiw,3,2,2,0,match
1qblfkp,3,33,33,0,match
1qblfnq,3,33,33,0,match
1qblgep,3,33,33,0,match
1qblh9b,3,33,33,0,match
1qblh9p,3,33,33,0,match
1qblheg,3,33,33,0,match
1qblhj9,3,33,33,0,match
1qblhul,3,33,33,0,match
1qblilm,3,25,25,0,match
1qblja0,3,33,33,0,match
1qbljsh,3,33,33,0,match
1qbljyn,3,33,33,0,match
1qblk2e,3,33,33,0,match
1qblkcx,3,33,33,0,match
1qblkds,3,33,33,0,match
1qblkk7,3,34,34,0,match
1qblkkd,3,34,34,0,match
1qblkuy,3,34,34,0,match
1qblkx2,3,34,34,0,match
1qbll3s,3,33,33,0,match
1qblloe,3,33,33,0,match
1qbllx7,3,33,33,0,match
1qblmn1,3,22,22,0,match
1qblnag,3,33,33,0,match
1qblne1,3,33,33,0,match
1qblnm7,3,33,33,0,match
1qblo25,3,33,33,0,match
1qblo3d,3,33,33,0,match
1qblo3j,3,33,33,0,match
1qblob2,3,33,33,0,match
1qblohb,3,33,33,0,match
1qblojy,3,10,10,0,match
1qblp93,3,33,33,0,match
1qblpij,3,33,33,0,match
1qblptk,3,33,33,0,match
1qblq3l,3,33,33,0,match
1qblq46,3,33,33,0,match
1qblqev,3,33,33,0,match
1qblqzc,3,33,33,0,match
1qblr98,3,2,2,0,match
1qblrap,3,33,33,0,match
1qblrni,3,24,24,0,match
1qblsg2,3,33,33,0,match
1qblsgo,3,33,33,0,match
1qblshs,3,12,12,0,match
1qblsmk,3,33,33,0,match
1qbltsc,3,3,3,0,match
1qblty3,3,32,32,0,match
1qbltzc,3,32,32,0,match
1qbluf9,3,32,32,0,match
1qblugb,3,12,12,0,match
1qblurh,3,32,32,0,match
1qbluuc,3,32,32,0,match
1qbluup,3,32,32,0,match
1qblvcz,3,23,23,0,match
1qblwc0,3,15,15,0,match
1qblwrw,3,32,32,0,match
1qblwzh,3,32,32,0,match
1qblx1u,3,32,32,0,match
1qblxee,3,1,1,0,match
1qblxhu,3,32,32,0,match
1qblxp0,3,32,32,0,match
1qbly05,3,32,32,0,match
1qbly8e,3,32,32,0,match
1qblyof,3,32,32,0,match
1qblz1t,3,32,32,0,match
1qblz5w,3,23,23,0,match
1qbm0pc,3,32,32,0,match
1qbm13x,3,32,32,0,match
1qbm1ac,3,2,2,0,match
1qbm1h7,3,32,32,0,match
1qbm1ug,3,32,32,0,match
1qbm23b,3,32,32,0,match
1qbm253,3,32,32,0,match
1qbm268,3,32,32,0,match
1qbm2lc,3,31,31,0,match
1qbm2q1,3,31,31,0,match
1qbm337,3,31,31,0,match
1qbm39r,3,31,31,0,match
1qbm3no,3,31,31,0,match
1qbm3tb,3,31,31,0,match
1qbm4cf,3,31,31,0,match
1qbm522,3,31,31,0,match
1qbm53a,3,31,31,0,match
1qbm574,3,31,31,0,match
1qbm5h4,3,2,2,0,match
1qbm5uu,3,31,31,0,match
1qbm680,3,31,31,0,match
1qbm6lw,3,31,31,0,match
1qbm6rz,3,31,31,0,match
1qbm725,3,31,31,0,match
1qbm7bi,3,31,31,0,match
1qbm81d,3,31,31,0,match
1qbm836,3,31,31,0,match
1qbm83s,3,31,31,0,match
1qbm8r3,3,14,14,0,match
1qbm93g,3,31,31,0,match
1qbm99e,3,25,25,0,match
1qbm9fo,3,31,31,0,match
1qbm9gj,3,31,31,0,match
1qbm9jx,3,31,31,0,match
1qbm9ui,3,31,31,0,match
1qbm9vl,3,2,2,0,match
1qbma5u,3,31,31,0,match
1qbmai2,3,31,31,0,match
1qbmasb,3,21,21,0,match
1qbmb49,3,30,30,0,match
1qbmb8g,3,30,30,0,match
1qbmc03,3,30,30,0,match
1qbmc0t,3,30,30,0,match
1qbmc2h,3,30,30,0,match
1qbmc5h,3,11,11,0,match
1qbmcg8,3,30,30,0,match
1qbmcin,3,30,30,0,match
1qbmcye,3,30,30,0,match
1qbmddi,3,28,28,0,match
1qbmdi7,3,1,1,0,match
1qbmdsi,3,30,30,0,match
1qbme3w,3,30,30,0,match
1qbme7o,3,1,1,0,match
1qbmedb,3,13,13,0,match
1qbmep4,3,30,30,0,match
1qbmeqd,3,1,1,0,match
1qbmer3,3,30,30,0,match
1qbmet2,3,30,30,0,match
1qbmeu8,3,30,30,0,match
1qbmeuu,3,30,30,0,match
1qbmf0p,3,4,4,0,match
1qbmfap,3,21,21,0,match
1qbmfel,3,30,30,0,match
1qbmfm7,3,30,30,0,match
1qbmg0w,3,30,30,0,match
1qbmg3h,3,30,30,0,match
1qbmg3q,3,30,30,0,match
1qbmg81,3,30,30,0,match
1qbmgjz,3,30,30,0,match
1qbmhjb,3,30,30,0,match
1qbmhjx,3,30,30,0,match
1qbmhki,3,30,30,0,match
1qbmi2b,3,30,30,0,match
1qbmidq,3,30,30,0,match
1qbmim6,3,30,30,0,match
1qbmip3,3,30,30,0,match
1qbmiqu,3,30,30,0,match
1qbmjvu,3,29,29,0,match
1qbmkfw,3,17,17,0,match
1qbmkjl,3,29,29,0,match
1qbmksk,3,29,29,0,match
1qbmktt,3,29,29,0,match
1qbmkwb,3,29,29,0,match
1qbml2l,3,29,29,0,match
1qbmljt,3,15,15,0,match
1qbmlui,3,29,29,0,match
1qbmlxv,3,29,29,0,match
1qbmm28,3,29,29,0,match
1qbmmyk,3,29,29,0,match
1qbmnby,3,29,29,0,match
1qbmnne,3,29,29,0,match
1qbmnnm,3,29,29,0,match
1qbmnsk,3,20,20,0,match
1qbmny4,3,1,1,0,match
1qbmo3t,3,29,29,0,match
1qbmodx,3,29,29,0,match
1qbmoom,3,29,29,0,match
1qbmowi,3,29,29,0,match
1qbmoy0,3,29,29,0,match
1qbmpxj,3,29,29,0,match
1qbmqdh,3,1,1,0,match
1qbmqke,3,29,29,0,match
1qbmqko,3,29,29,0,match
1qbmqnh,3,3,3,0,match
1qbmrcq,3,29,29,0,match
1qbmrmb,3,9,9,0,match
1qbmruw,3,1,1,0,match
1qbmrxr,3,28,28,0,match
1qbmsqb,3,28,28,0,match
1qbmsqq,3,28,28,0,match
1qbmt8f,3,28,28,0,match
1qbmt8l,3,28,28,0,match
1qbmtii,3,28,28,0,match
1qbmu3j,3,28,28,0,match
1qbmv0a,3,28,28,0,match
1qbmv6f,3,28,28,0,match
1qbmvhx,3,28,28,0,match
1qbmw4q,3,19,19,0,match
1qbmwjw,3,28,28,0,match
1qbmwvu,3,28,28,0,match
1qbmx43,3,28,28,0,match
1qbmx55,3,28,28,0,match
1qbmx61,3,1,1,0,match
1qbmxax,3,25,25,0,match
1qbmxxh,3,2,2,0,match
1qbn044,3,28,28,0,match
1qbn0lk,3,27,27,0,match
1qbn1rg,3,1,1,0,match
1qbn2c4,3,27,27,0,match
1qbn2jb,3,18,18,0,match
1qbn2mu,3,27,27,0,match
1qbn30h,3,27,27,0,match
1qbn36w,3,27,27,0,match
1qbn3e3,3,18,18,0,match
1qbn44i,3,27,27,0,match
1qbn4uu,3,27,27,0,match
1qbn4z6,3,9,9,0,match
1qbn57b,3,27,27,0,match
1qbn57y,3,27,27,0,match
1qbn60y,3,27,27,0,match
1qbn61o,3,27,27,0,match
1qbn6n0,3,27,27,0,match
1qbn6we,3,27,27,0,match
1qbn7fx,3,1,1,0,match
1qbn81b,3,27,27,0,match
1qbn8sr,3,27,27,0,match
1qbn9c0,3,26,26,0,match
1qbn9jj,3,26,26,0,match
1qbn9ko,3,26,26,0,match
1qbn9ws,3,26,26,0,match
1qbna8p,3,26,26,0,match
1qbnalf,3,26,26,0,match
1qbnauo,3,26,26,0,match
1qbnb6m,3,26,26,0,match
1qbnbbs,3,26,26,0,match
1qbnbdy,3,26,26,0,match
1qbnbgv,3,26,26,0,match
1qbnbjx,3,26,26,0,match
1qbnc5s,3,26,26,0,match
1qbncn0,3,26,26,0,match
1qbncto,3,26,26,0,match
1qbncwl,3,26,26,0,match
1qbnd4s,3,26,26,0,match
1qbndo4,3,17,17,0,match
1qbndtp,3,26,26,0,match
1qbndwj,3,26,26,0,match
1qbne3w,3,26,26,0,match
1qbnem2,3,17,17,0,match
1qbnfdl,3,26,26,0,match
1qbng0n,3,26,26,0,match
1qbng9b,3,26,26,0,match
1qbngl0,3,26,26,0,match
1qbngqw,3,26,26,0,match
1qbngr5,3,26,26,0,match
1qbnhii,3,26,26,0,match
1qbnhlo,3,25,25,0,match
1qbnimq,3,6,6,0,match
1qbnioa,3,25,25,0,match
1qbnj32,3,25,25,0,match
1qbnjlj,3,25,25,0,match
1qbnjlp,3,25,25,0,match
1qbnjn2,3,25,25,0,match
1qbnjod,3,25,25,0,match
1qbnjtx,3,25,25,0,match
1qbnjwa,3,25,25,0,match
1qbnk6l,3,25,25,0,match
1qbnkgu,3,25,25,0,match
1qbnkr4,3,25,25,0,match
1qbnl19,3,25,25,0,match
1qbnle7,3,25,25,0,match
1qbnlgr,3,25,25,0,match
1qbnlhb,3,8,8,0,match
1qbnlhs,3,25,25,0,match
1qbnlti,3,25,25,0,match
1qbnmec,3,25,25,0,match
1qbnmq7,3,16,16,0,match
1qbnn2r,3,25,25,0,match
1qbnnex,3,25,25,0,match
1qbnnfl,3,25,25,0,match
1qbnoaj,3,1,1,0,match
1qbnoi7,3,25,25,0,match
1qbnor3,3,25,25,0,match
1qbnpbe,3,25,25,0,match
1qbnpit,3,25,25,0,match
1qbnpmm,3,25,25,0,match
1qbnq2h,3,10,10,0,match
1qbnqdw,3,24,24,0,match
1qbnqgk,3,24,24,0,match
1qbnqt9,3,24,24,0,match
1qbnrf9,3,24,24,0,match
1qbnrfy,3,24,24,0,match
1qbnrun,3,24,24,0,match
1qbnrv6,3,24,24,0,match
1qbns3n,3,24,24,0,match
1qbnsi6,3,24,24,0,match
1qbntgb,3,24,24,0,match
1qbntph,3,24,24,0,match
1qbntyg,3,24,24,0,match
1qbnu6l,3,24,24,0,match
1qbnuf4,3,24,24,0,match
1qbnuj4,3,24,24,0,match
1qbnv7u,3,17,17,0,match
1qbnv9v,3,3,3,0,match
1qbnveu,3,24,24,0,match
1qbnvgx,3,24,24,0,match
1qbnvzn,3,24,24,0,match
1qbnwa6,3,24,24,0,match
1qbnwso,3,24,24,0,match
1qbnwwc,3,24,24,0,match
1qbnx6j,3,24,24,0,match
1qbnx83,3,24,24,0,match
1qbnx9c,3,7,7,0,match
1qbnx9x,3,24,24,0,match
1qbnxf4,3,23,23,0,match
1qbnxwv,3,24,24,0,match
1qbny0u,3,24,24,0,match
1qbny3u,3,24,24,0,match
1qbny8q,3,24,24,0,match
1qbnyg3,3,15,15,0,match
1qbnyhp,3,24,24,0,match
1qbnys9,3,24,24,0,match
1qbnyse,3,24,24,0,match
1qbnz45,3,24,24,0,match
1qbnz4x,3,24,24,0,match
1qbnza8,3,1,1,0,match
1qbnzpp,3,23,23,0,match
1qbnzv5,3,23,23,0,match
1qbo020,3,20,20,0,match
1qbo0te,3,23,23,0,match
1qbo133,3,8,8,0,match
1qbo24l,3,23,23,0,match
1qbo2dd,3,23,23,0,match
1qbo31q,3,23,23,0,match
1qbo3bh,3,23,23,0,match
1qbo3fs,3,23,23,0,match
1qbo4am,3,23,23,0,match
1qbo4cv,3,23,23,0,match
1qbo4l7,3,23,23,0,match
1qbo5bc,3,23,23,0,match
1qbo5f0,3,6,6,0,match
1qbo5hv,3,23,23,0,match
1qbo5j7,3,23,23,0,match
1qbo5qb,3,23,23,0,match
1qbo5qp,3,23,23,0,match
1qbo5sw,3,1,1,0,match
1qbo64m,3,23,23,0,match
1qbo6dn,3,23,23,0,match
1qbo6mz,3,23,23,0,match
1qbo6ns,3,23,23,0,match
1qbo6ri,3,23,23,0,match
1qbo7gs,3,23,23,0,match
1qbo7j3,3,23,23,0,match
1qbo7p5,3,23,23,0,match
1qbo7ux,3,23,23,0,match
1qbo7xs,3,23,23,0,match
1qbo7zp,3,23,23,0,match
1qbo85o,3,6,6,0,match
1qbo8gk,3,22,22,0,match
1qbo8n4,3,22,22,0,match
1qbo8ux,3,22,22,0,match
1qbo8vx,3,22,22,0,match
1qbo93h,3,22,22,0,match
1qbo9lp,3,22,22,0,match
1qbo9nz,3,22,22,0,match
1qbob7k,3,22,22,0,match
1qbobcf,3,22,22,0,match
1qboben,3,22,22,0,match
1qbobmv,3,22,22,0,match
1qboc17,3,22,22,0,match
1qboc82,3,22,22,0,match
1qboc96,3,22,22,0,match
1qbocdt,3,22,22,0,match
1qboci3,3,22,22,0,match
1qboct1,3,5,5,0,match
1qbocw2,3,22,22,0,match
1qbod8t,3,22,22,0,match
1qboei3,3,22,22,0,match
1qbof3c,3,22,22,0,match
1qbof6b,3,22,22,0,match
1qbofox,3,22,22,0,match
1qboftt,3,22,22,0,match
1qbog9p,3,22,22,0,match
1qbogm1,3,22,22,0,match
1qboh0t,3,22,22,0,match
1qbohpa,3,21,21,0,match
1qboi8n,3,21,21,0,match
1qboii6,3,21,21,0,match
1qboiuv,3,21,21,0,match
1qbojjs,3,21,21,0,match
1qbok0v,3,21,21,0,match
1qbok5i,3,21,21,0,match
1qbolbv,3,21,21,0,match
1qbolrl,3,21,21,0,match
1qbom0z,3,21,21,0,match
1qbomgz,3,21,21,0,match
1qbon0v,3,21,21,0,match
1qbon51,3,2,2,0,match
1qbonie,3,21,21,0,match
1qbonpq,3,21,21,0,match
1qbonys,3,21,21,0,match
1qbonzu,3,21,21,0,match
1qboo74,3,21,21,0,match
1qbookg,3,21,21,0,match
1qbop6e,3,21,21,0,match
1qbop7z,3,21,21,0,match
1qboqbs,3,21,21,0,match
1qboqiw,3,21,21,0,match
1qboqo4,3,21,21,0,match
1qboqpj,3,21,21,0,match
1qbor8t,3,18,18,0,match
1qborf5,3,1,1,0,match
1qborkp,3,21,21,0,match
1qborn6,3,1,1,0,match
1qbors1,3,2,2,0,match
1qbors9,3,21,21,0,match
1qbos5o,3,21,21,0,match
1qbosgb,3,21,21,0,match
1qbot0f,3,21,21,0,match
1qbot82,3,1,1,0,match
1qbot8a,3,21,21,0,match
1qbottp,3,2,2,0,match
1qbotuf,3,21,21,0,match
1qbou2k,3,9,9,0,match
1qbou4l,3,21,21,0,match
1qbou5p,3,21,21,0,match
1qbou8r,3,21,21,0,match
1qbouel,3,1,1,0,match
1qboumh,3,21,21,0,match
1qbouwm,3,21,21,0,match
1qbovm6,3,21,21,0,match
1qbovmi,3,21,21,0,match
1qbovq7,3,21,21,0,match
1qbovye,3,21,21,0,match
1qbow2k,3,21,21,0,match
1qbowfa,3,21,21,0,match
1qbowl3,3,21,21,0,match
1qbowm7,3,21,21,0,match
1qbowoo,3,21,21,0,match
1qboyfw,3,21,21,0,match
1qboyhb,3,21,21,0,match
1qboyw7,3,21,21,0,match
1qboz72,3,21,21,0,match
1qbp07s,3,21,21,0,match
1qbp0c9,3,21,21,0,match
1qbp0h9,3,21,21,0,match
1qbp13s,3,18,18,0,match
1qbp14p,3,21,21,0,match
1qbp1s9,3,20,20,0,match
1qbp2g3,3,20,20,0,match
1qbp33d,3,11,11,0,match
1qbp351,3,1,1,0,match
1qbp38g,3,20,20,0,match
1qbp3gp,3,20,20,0,match
1qbp3w6,3,20,20,0,match
1qbp3xr,3,20,20,0,match
1qbp424,3,20,20,0,match
1qbp43z,3,20,20,0,match
1qbp4ro,3,11,11,0,match
1qbp52i,3,20,20,0,match
1qbp561,3,20,20,0,match
1qbp6f6,3,20,20,0,match
1qbp6ih,3,12,12,0,match
1qbp73c,3,20,20,0,match
1qbp7d6,3,20,20,0,match
1qbp7u6,3,20,20,0,match
1qbp82s,3,20,20,0,match
1qbp8am,3,20,20,0,match
1qbp8mt,3,20,20,0,match
1qbp9x6,3,20,20,0,match
1qbpal6,3,3,3,0,match
1qbpale,3,20,20,0,match
1qbpax8,3,19,19,0,match
1qbpbs3,3,19,19,0,match
1qbpc1y,3,19,19,0,match
1qbpcgu,3,19,19,0,match
1qbpcqh,3,19,19,0,match
1qbpctz,3,19,19,0,match
1qbpcz9,3,19,19,0,match
1qbpd04,3,19,19,0,match
1qbpd7c,3,19,19,0,match
1qbpdbi,3,19,19,0,match
1qbpdbt,3,10,10,0,match
1qbpdus,3,19,19,0,match
1qbpeq9,3,19,19,0,match
1qbpeyr,3,19,19,0,match
1qbpf5z,3,10,10,0,match
1qbpftk,3,19,19,0,match
1qbpg2t,3,19,19,0,match
1qbpgg2,3,19,19,0,match
1qbpgtt,3,19,19,0,match
1qbph08,3,19,19,0,match
1qbph2b,3,19,19,0,match
1qbph34,3,19,19,0,match
1qbph9z,3,8,8,0,match
1qbpiml,3,2,2,0,match
1qbpinw,3,8,8,0,match
1qbpj5c,3,19,19,0,match
1qbpjck,3,19,19,0,match
1qbpjwy,3,19,19,0,match
1qbpk13,3,19,19,0,match
1qbpkux,3,9,9,0,match
1qbpl22,3,19,19,0,match
1qbpl2l,3,19,19,0,match
1qbpl8f,3,18,18,0,match
1qbplhf,3,18,18,0,match
1qbpliu,3,18,18,0,match
1qbplko,3,18,18,0,match
1qbplv5,3,18,18,0,match
1qbpmhc,3,18,18,0,match
1qbpmjq,3,18,18,0,match
1qbpmlu,3,18,18,0,match
1qbpmp9,3,18,18,0,match
1qbpmyr,3,18,18,0,match
1qbpmzc,3,18,18,0,match
1qbpncx,3,18,18,0,match
1qbpndq,3,18,18,0,match
1qbpniz,3,18,18,0,match
1qbpo7v,3,18,18,0,match
1qbpo87,3,18,18,0,match
1qbpohq,3,3,3,0,match
1qbpoio,3,18,18,0,match
1qbpos9,3,18,18,0,match
1qbpoxk,3,18,18,0,match
1qbpp0f,3,18,18,0,match
1qbpp7q,3,18,18,0,match
1qbppqo,3,18,18,0,match
1qbppyb,3,18,18,0,match
1qbpq02,3,1,1,0,match
1qbpr0o,3,18,18,0,match
1qbprbv,3,2,2,0,match
1qbpsqh,3,18,18,0,match
1qbpswm,3,18,18,0,match
1qbpsyi,3,18,18,0,match
1qbptqz,3,18,18,0,match
1qbpu9z,3,18,18,0,match
1qbpufm,3,18,18,0,match
1qbpuwc,3,18,18,0,match
1qbpv25,3,14,14,0,match
1qbpv76,3,18,18,0,match
1qbpv89,3,18,18,0,match
1qbpw3p,3,17,17,0,match
1qbpw54,3,17,17,0,match
1qbpwht,3,17,17,0,match
1qbpwq5,3,2,2,0,match
1qbpxlh,3,17,17,0,match
1qbpy6q,3,17,17,0,match
1qbpybt,3,17,17,0,match
1qbpye8,3,17,17,0,match
1qbpygf,3,3,3,0,match
1qbpz3l,3,17,17,0,match
1qbpza9,3,7,7,0,match
1qbpzd8,3,17,17,0,match
1qbpzhs,3,17,17,0,match
1qbpzhz,3,5,5,0,match
1qbpzip,3,17,17,0,match
1qbq09j,3,17,17,0,match
1qbq12b,3,17,17,0,match
1qbq1mn,3,7,7,0,match
1qbq25r,3,17,17,0,match
1qbq2io,3,17,17,0,match
1qbq2ns,3,17,17,0,match
1qbq35z,3,17,17,0,match
1qbq3eu,3,17,17,0,match
1qbq3gu,3,17,17,0,match
1qbq4u1,3,17,17,0,match
1qbq5cf,3,17,17,0,match
1qbq5cv,3,7,7,0,match
1qbq5e2,3,17,17,0,match
1qbq5gh,3,1,1,0,match
1qbq5tc,3,17,17,0,match
1qbq6cj,3,16,16,0,match
1qbq6ka,3,16,16,0,match
1qbq7wt,3,16,16,0,match
1qbq842,3,16,16,0,match
1qbq89i,3,16,16,0,match
1qbq8c7,3,16,16,0,match
1qbq8ut,3,16,16,0,match
1qbq8wj,3,16,16,0,match
1qbq99y,3,16,16,0,match
1qbq9sr,3,16,16,0,match
1qbq9uf,3,16,16,0,match
1qbqa6h,3,1,1,0,match
1qbqb0k,3,16,16,0,match
1qbqb0u,3,16,16,0,match
1qbqb46,3,16,16,0,match
1qbqc6t,3,16,16,0,match
1qbqcdn,3,16,16,0,match
1qbqcif,3,16,16,0,match
1qbqd9i,3,16,16,0,match
1qbqdb4,3,16,16,0,match
1qbqdm4,3,10,10,0,match
1qbqeb2,3,16,16,0,match
1qbqeck,3,2,2,0,match
1qbqehx,3,16,16,0,match
1qbqf5u,3,16,16,0,match
1qbqfie,3,16,16,0,match
1qbqfxy,3,16,16,0,match
1qbqgf7,3,6,6,0,match
1qbqgi4,3,6,6,0,match
1qbqhzq,3,15,15,0,match
1qbqi35,3,15,15,0,match
1qbqihu,3,15,15,0,match
1qbqii3,3,15,15,0,match
1qbqj09,3,15,15,0,match
1qbqj0t,3,15,15,0,match
1qbqj31,3,15,15,0,match
1qbqjdh,3,15,15,0,match
1qbqjj6,3,8,8,0,match
1qbqjkq,3,15,15,0,match
1qbqjzy,3,15,15,0,match
1qbqk00,3,8,8,0,match
1qbqkcd,3,15,15,0,match
1qbqkem,3,15,15,0,match
1qbqki4,3,8,8,0,match
1qbqkpk,3,15,15,0,match
1qbqkxc,3,5,5,0,match
1qbqlxq,3,15,15,0,match
1qbqlzu,3,15,15,0,match
1qbqm2y,3,15,15,0,match
1qbqmfn,3,15,15,0,match
1qbqmrv,3,15,15,0,match
1qbqnv4,3,15,15,0,match
1qbqobn,3,15,15,0,match
1qbqobu,3,1,1,0,match
1qbqouo,3,15,15,0,match
1qbqozo,3,1,1,0,match
1qbqpa1,3,15,15,0,match
1qbqpce,3,15,15,0,match
1qbqq1b,3,12,12,0,match
1qbqq1t,3,8,8,0,match
1qbqqtb,3,15,15,0,match
1qbqqv8,3,15,15,0,match
1qbqqxa,3,3,3,0,match
1qbqrf3,3,15,15,0,match
1qbqrf9,3,15,15,0,match
1qbqrpc,3,15,15,0,match
1qbqs5n,3,15,15,0,match
1qbqsae,3,15,15,0,match
1qbqsdc,3,15,15,0,match
1qbqso4,3,15,15,0,match
1qbqso7,3,15,15,0,match
1qbqt55,3,14,14,0,match
1qbqthd,3,14,14,0,match
1qbqtv6,3,14,14,0,match
1qbqtzd,3,14,14,0,match
1qbquei,3,14,14,0,match
1qbquo1,3,14,14,0,match
1qbquqb,3,14,14,0,match
1qbqv8j,3,14,14,0,match
1qbqved,3,14,14,0,match
1qbqvjo,3,14,14,0,match
1qbqvxy,3,14,14,0,match
1qbqvzo,3,14,14,0,match
1qbqx9u,3,14,14,0,match
1qbqy8w,3,14,14,0,match
1qbqyip,3,1,1,0,match
1qbqykx,3,14,14,0,match
1qbqysq,3,14,14,0,match
1qbqyws,3,14,14,0,match
1qbqzgi,3,14,14,0,match
1qbqzil,3,14,14,0,match
1qbr05y,3,4,4,0,match
1qbr06l,3,14,14,0,match
1qbr0bn,3,14,14,0,match
1qbr1m7,3,14,14,0,match
1qbr2ik,3,10,10,0,match
1qbr2ju,3,4,4,0,match
1qbr35v,3,14,14,0,match
1qbr3ic,3,14,14,0,match
1qbr3su,3,7,7,0,match
1qbr49t,3,14,14,0,match
1qbr4n8,3,14,14,0,match
1qbr4xy,3,13,13,0,match
1qbr53x,3,13,13,0,match
1qbr5cv,3,13,13,0,match
1qbr5d2,3,6,6,0,match
1qbr62p,3,13,13,0,match
1qbr6nc,3,13,13,0,match
1qbr7hu,3,13,13,0,match
1qbr7ko,3,13,13,0,match
1qbr7na,3,13,13,0,match
1qbr7tw,3,13,13,0,match
1qbr88i,3,13,13,0,match
1qbr8g8,3,13,13,0,match
1qbr8hk,3,13,13,0,match
1qbr93r,3,13,13,0,match
1qbr94k,3,13,13,0,match
1qbr9m8,3,13,13,0,match
1qbral6,3,13,13,0,match
1qbraqk,3,3,3,0,match
1qbraym,3,13,13,0,match
1qbrb3o,3,13,13,0,match
1qbrbqh,3,13,13,0,match
1qbrcoj,3,13,13,0,match
1qbrcpl,3,13,13,0,match
1qbrczp,3,1,1,0,match
1qbrd5z,3,13,13,0,match
1qbrdao,3,13,13,0,match
1qbrdtb,3,13,13,0,match
1qbrdui,3,13,13,0,match
1qbrdy3,3,13,13,0,match
1qbre2f,3,13,13,0,match
1qbrew9,3,13,13,0,match
1qbrf5z,3,13,13,0,match
1qbrfgg,3,3,3,0,match
1qbrftb,3,13,13,0,match
1qbrgup,3,1,1,0,match
1qbrhrn,3,12,12,0,match
1qbri52,3,12,12,0,match
1qbrirr,3,12,12,0,match
1qbrjev,3,12,12,0,match
1qbrk6j,3,12,12,0,match
1qbrkz7,3,2,2,0,match
1qbrl88,3,12,12,0,match
1qbrlxk,3,12,12,0,match
1qbrmel,3,12,12,0,match
1qbrmf9,3,12,12,0,match
1qbrmgx,3,12,12,0,match
1qbrmo4,3,12,12,0,match
1qbrn1f,3,12,12,0,match
1qbrn2u,3,12,12,0,match
1qbrnbe,3,12,12,0,match
1qbrnwm,3,12,12,0,match
1qbroe9,3,12,12,0,match
1qbrp77,3,4,4,0,match
1qbrp9p,3,12,12,0,match
1qbrpdj,3,12,12,0,match
1qbrpmz,3,12,12,0,match
1qbrppb,3,12,12,0,match
1qbrprr,3,12,12,0,match
1qbrprz,3,12,12,0,match
1qbrps0,3,12,12,0,match
1qbrpth,3,12,12,0,match
1qbrpu2,3,10,10,0,match
1qbrpyz,3,12,12,0,match
1qbrpza,3,12,12,0,match
1qbrq27,3,12,12,0,match
1qbrqkj,3,5,5,0,match
1qbrqwj,3,12,12,0,match
1qbrqz5,3,12,12,0,match
1qbrrc0,3,12,12,0,match
1qbrrek,3,12,12,0,match
1qbrswi,3,12,12,0,match
1qbrszw,3,12,12,0,match
1qbrt60,3,12,12,0,match
1qbrt7a,3,4,4,0,match
1qbru1q,3,12,12,0,match
1qbrug7,3,11,11,0,match
1qbruq7,3,11,11,0,match
1qbrv72,3,11,11,0,match
1qbrvq3,3,11,11,0,match
1qbrvq9,3,11,11,0,match
1qbrwae,3,11,11,0,match
1qbrwht,3,11,11,0,match
1qbrwwz,3,11,11,0,match
1qbrwzc,3,11,11,0,match
1qbrxq6,3,11,11,0,match
1qbry3l,3,4,4,0,match
1qbryf1,3,11,11,0,match
1qbryty,3,11,11,0,match
1qbryxb,3,11,11,0,match
1qbrzdd,3,11,11,0,match
1qbrzqu,3,11,11,0,match
1qbrzwe,3,4,4,0,match
1qbs028,3,11,11,0,match
1qbs0gw,3,11,11,0,match
1qbs0um,3,11,11,0,match
1qbs1lo,3,7,7,0,match
1qbs1m7,3,11,11,0,match
1qbs263,3,11,11,0,match
1qbs2ar,3,11,11,0,match
1qbs2re,3,3,3,0,match
1qbs37x,3,11,11,0,match
1qbs3c8,3,11,11,0,match
1qbs3dg,3,11,11,0,match
1qbs42b,3,11,11,0,match
1qbs4i4,3,11,11,0,match
1qbs4ja,3,11,11,0,match
1qbs4lw,3,11,11,0,match
1qbs53s,3,1,1,0,match
1qbs57o,3,11,11,0,match
1qbs5b0,3,11,11,0,match
1qbs5fi,3,11,11,0,match
1qbs5rw,3,4,4,0,match
1qbs6x4,3,11,11,0,match
1qbs78a,3,3,3,0,match
1qbs7jc,3,11,11,0,match
1qbs7n0,3,1,1,0,match
1qbs85c,3,10,10,0,match
1qbs85y,3,10,10,0,match
1qbs8dg,3,10,10,0,match
1qbs936,3,10,10,0,match
1qbs99z,3,10,10,0,match
1qbs9pl,3,10,10,0,match
1qbs9wz,3,10,10,0,match
1qbsae7,3,10,10,0,match
1qbsaj6,3,10,10,0,match
1qbsb60,3,10,10,0,match
1qbsbgk,3,10,10,0,match
1qbsch3,3,10,10,0,match
1qbscp1,3,10,10,0,match
1qbscv3,3,10,10,0,match
1qbscx9,3,10,10,0,match
1qbsdfj,3,10,10,0,match
1qbsdiu,3,10,10,0,match
1qbsduc,3,10,10,0,match
1qbsdur,3,10,10,0,match
1qbsdzv,3,1,1,0,match
1qbse6f,3,10,10,0,match
1qbsfe0,3,10,10,0,match
1qbsfio,3,10,10,0,match
1qbsfla,3,10,10,0,match
1qbsfun,3,10,10,0,match
1qbsgff,3,10,10,0,match
1qbsgh7,3,10,10,0,match
1qbsgm6,3,10,10,0,match
1qbsguf,3,10,10,0,match
1qbshyc,3,10,10,0,match
1qbsi1r,3,1,1,0,match
1qbsikn,3,10,10,0,match
1qbsj9x,3,10,10,0,match
1qbsjgd,3,10,10,0,match
1qbsjhb,3,10,10,0,match
1qbsjyo,3,1,1,0,match
1qbsk1h,3,1,1,0,match
1qbskej,3,10,10,0,match
1qbskns,3,10,10,0,match
1qbsl4i,3,10,10,0,match
1qbsmcg,3,2,2,0,match
1qbsmtd,3,9,9,0,match
1qbsnqn,3,9,9,0,match
1qbsnvg,3,9,9,0,match
1qbsof1,3,9,9,0,match
1qbsopx,3,9,9,0,match
1qbsotc,3,9,9,0,match
1qbsov3,3,9,9,0,match
1qbspcd,3,4,4,0,match
1qbsq0s,3,9,9,0,match
1qbsqgk,3,9,9,0,match
1qbsqjm,3,9,9,0,match
1qbsr1f,3,2,2,0,match
1qbsrcw,3,9,9,0,match
1qbsrlz,3,9,9,0,match
1qbsro2,3,9,9,0,match
1qbss3l,3,9,9,0,match
1qbsskm,3,9,9,0,match
1qbst31,3,9,9,0,match
1qbst3n,3,3,3,0,match
1qbstkm,3,6,6,0,match
1qbstkn,3,9,9,0,match
1qbsu8y,3,9,9,0,match
1qbsucm,3,9,9,0,match
1qbsufw,3,9,9,0,match
1qbsuke,3,3,3,0,match
1qbsuwh,3,4,4,0,match
1qbsvov,3,9,9,0,match
1qbsvph,3,8,8,0,match
1qbsw2p,3,9,9,0,match
1qbswv1,3,9,9,0,match
1qbswvr,3,9,9,0,match
1qbsx2e,3,9,9,0,match
1qbsx7v,3,9,9,0,match
1qbsxgj,3,9,9,0,match
1qbsy1y,3,9,9,0,match
1qbsy3a,3,9,9,0,match
1qbsy9f,3,9,9,0,match
1qbsydv,3,9,9,0,match
1qbsym5,3,9,9,0,match
1qbsym9,3,9,9,0,match
1qbsyoy,3,9,9,0,match
1qbsyp9,3,9,9,0,match
1qbsyuv,3,9,9,0,match
1qbsyww,3,9,9,0,match
1qbsz8c,3,8,8,0,match
1qbsz9t,3,8,8,0,match
1qbszcw,3,8,8,0,match
1qbszkv,3,8,8,0,match
1qbszye,3,8,8,0,match
1qbszzv,3,8,8,0,match
1qbt0ey,3,8,8,0,match
1qbt0m5,3,8,8,0,match
1qbt0xi,3,8,8,0,match
1qbt124,3,8,8,0,match
1qbt1p0,3,8,8,0,match
1qbt1sq,3,8,8,0,match
1qbt25y,3,8,8,0,match
1qbt2g0,3,8,8,0,match
1qbt33k,3,8,8,0,match
1qbt462,3,1,1,0,match
1qbt48z,3,8,8,0,match
1qbt5i9,3,8,8,0,match
1qbt5iu,3,8,8,0,match
1qbt5m4,3,8,8,0,match
1qbt6bh,3,1,1,0,match
1qbt6hb,3,8,8,0,match
1qbt6yh,3,8,8,0,match
1qbt746,3,8,8,0,match
1qbt778,3,8,8,0,match
1qbt77p,3,8,8,0,match
1qbt7g7,3,2,2,0,match
1qbt7m5,3,8,8,0,match
1qbt7z0,3,8,8,0,match
1qbt8io,3,8,8,0,match
1qbt8q2,3,8,8,0,match
1qbt9ry,3,8,8,0,match
1qbt9tj,3,8,8,0,match
1qbtabz,3,8,8,0,match
1qbtapg,3,4,4,0,match
1qbtas9,3,2,2,0,match
1qbtbbi,3,8,8,0,match
1qbtbzv,3,8,8,0,match
1qbtc8u,3,8,8,0,match
1qbtce8,3,8,8,0,match
1qbtcy8,3,7,7,0,match
1qbtd2y,3,7,7,0,match
1qbtd69,3,7,7,0,match
1qbtdn0,3,7,7,0,match
1qbtdpd,3,7,7,0,match
1qbte26,3,7,7,0,match
1qbte6m,3,7,7,0,match
1qbteo6,3,6,6,0,match
1qbteub,3,7,7,0,match
1qbtf7u,3,7,7,0,match
1qbtfj4,3,7,7,0,match
1qbtgss,3,1,1,0,match
1qbtgx7,3,7,7,0,match
1qbth54,3,7,7,0,match
1qbtits,3,7,7,0,match
1qbtiw8,3,7,7,0,match
1qbtk1x,3,7,7,0,match
1qbtkft,3,7,7,0,match
1qbtkgc,3,7,7,0,match
1qbtkp6,3,7,7,0,match
1qbtlo1,3,7,7,0,match
1qbtmj4,3,5,5,0,match
1qbtmjk,3,7,7,0,match
1qbtmmr,3,7,7,0,match
1qbtnh2,3,7,7,0,match
1qbtnk4,3,7,7,0,match
1qbtns6,3,7,7,0,match
1qbtntn,3,1,1,0,match
1qbtnxf,3,7,7,0,match
1qbtol3,3,7,7,0,match
1qbtoxu,3,7,7,0,match
1qbtp9v,3,7,7,0,match
1qbtpcd,3,7,7,0,match
1qbtpee,3,7,7,0,match
1qbtq1p,3,7,7,0,match
1qbtqax,3,7,7,0,match
1qbtqn4,3,7,7,0,match
1qbtqwj,3,6,6,0,match
1qbtr1m,3,1,1,0,match
1qbtr6x,3,6,6,0,match
1qbtrcm,3,6,6,0,match
1qbtrfp,3,6,6,0,match
1qbts8a,3,6,6,0,match
1qbtsgd,3,6,6,0,match
1qbtskh,3,6,6,0,match
1qbtsy2,3,6,6,0,match
1qbttd6,3,6,6,0,match
1qbttwp,3,5,5,0,match
1qbtv3u,3,5,5,0,match
1qbtvsb,3,5,5,0,match
1qbtw0b,3,6,6,0,match
1qbtwqi,3,6,6,0,match
1qbtwra,3,6,6,0,match
1qbtwsd,3,5,5,0,match
1qbtwx8,3,6,6,0,match
1qbtwzb,3,6,6,0,match
1qbtx2o,3,6,6,0,match
1qbtxcq,3,6,6,0,match
1qbty13,3,6,6,0,match
1qbtyac,3,6,6,0,match
1qbtyhd,3,6,6,0,match
1qbtz4q,3,5,5,0,match
1qbtz4r,3,6,6,0,match
1qbtzk1,3,6,6,0,match
1qbtzx7,3,6,6,0,match
1qbtzxx,3,1,1,0,match
1qbu0da,3,1,1,0,match
1qbu0k6,3,6,6,0,match
1qbu0wk,3,1,1,0,match
1qbu12y,3,2,2,0,match
1qbu184,3,6,6,0,match
1qbu1hj,3,6,6,0,match
1qbu1j0,3,6,6,0,match
1qbu1o0,3,1,1,0,match
1qbu205,3,1,1,0,match
1qbu3zc,3,4,4,0,match
1qbu48j,3,6,6,0,match
1qbu4af,3,4,4,0,match
1qbu4b2,3,3,3,0,match
1qbu4f8,3,6,6,0,match
1qbu4mh,3,6,6,0,match
1qbu52f,3,5,5,0,match
1qbu5ac,3,5,5,0,match
1qbu5cf,3,5,5,0,match
1qbu5dq,3,5,5,0,match
1qbu5gf,3,5,5,0,match
1qbu5gn,3,5,5,0,match
1qbu61q,3,5,5,0,match
1qbu687,3,5,5,0,match
1qbu690,3,5,5,0,match
1qbu6g2,3,5,5,0,match
1qbu6rc,3,5,5,0,match
1qbu74i,3,5,5,0,match
1qbu7e4,3,5,5,0,match
1qbu7ny,3,5,5,0,match
1qbu7xe,3,5,5,0,match
1qbu8t9,3,5,5,0,match
1qbu8ub,3,5,5,0,match
1qbu93y,3,5,5,0,match
1qbu9k7,3,5,5,0,match
1qbua8z,3,5,5,0,match
1qbuahr,3,5,5,0,match
1qbub1i,3,5,5,0,match
1qbub7k,3,5,5,0,match
1qbubt3,3,5,5,0,match
1qbubyb,3,5,5,0,match
1qbuc6l,3,5,5,0,match
1qbucj9,3,5,5,0,match
1qbucjs,3,5,5,0,match
1qbucln,3,5,5,0,match
1qbucmo,3,5,5,0,match
1qbucyl,3,5,5,0,match
1qbud3g,3,5,5,0,match
1qbud8j,3,5,5,0,match
1qbudgx,3,5,5,0,match
1qbue2u,3,5,5,0,match
1qbue6f,3,5,5,0,match
1qbuelp,3,5,5,0,match
1qbuf3a,3,5,5,0,match
1qbufi1,3,5,5,0,match
1qbug4j,3,5,5,0,match
1qbugg8,3,5,5,0,match
1qbuh2k,3,1,1,0,match
1qbuhh0,3,5,5,0,match
1qbuieu,3,5,5,0,match
1qbuilz,3,5,5,0,match
1qbuiol,3,5,5,0,match
1qbuir4,3,5,5,0,match
1qbuje3,3,4,4,0,match
1qbukqj,3,4,4,0,match
1qbul82,3,4,4,0,match
1qbulxf,3,4,4,0,match
1qbuly5,3,4,4,0,match
1qbum5y,3,4,4,0,match
1qbumbl,3,4,4,0,match
1qbundt,3,3,3,0,match
1qbunr3,3,4,4,0,match
1qbunw1,3,4,4,0,match
1qbunzb,3,4,4,0,match
1qbuoep,3,4,4,0,match
1qbuou9,3,4,4,0,match
1qbup2m,3,4,4,0,match
1qbup8p,3,4,4,0,match
1qbupbk,3,4,4,0,match
1qbupoy,3,4,4,0,match
1qbuq02,3,4,4,0,match
1qbuq4g,3,4,4,0,match
1qbuqdr,3,4,4,0,match
1qbuqjo,3,4,4,0,match
1qburph,3,2,2,0,match
1qburqm,3,4,4,0,match
1qburxy,3,4,4,0,match
1qbus28,3,4,4,0,match
1qbus9i,3,4,4,0,match
1qbuso3,3,4,4,0,match
1qbut1p,3,4,4,0,match
1qbuu51,3,4,4,0,match
1qbuuru,3,4,4,0,match
1qbuuup,3,4,4,0,match
1qbuvvl,3,4,4,0,match
1qbuw0k,3,4,4,0,match
1qbuw4u,3,4,4,0,match
1qbuw5x,3,4,4,0,match
1qbuwfj,3,2,2,0,match
1qbuwpg,3,4,4,0,match
1qbuwsr,3,4,4,0,match
1qbuwt9,3,4,4,0,match
1qbux01,3,1,1,0,match
1qbuyo0,3,3,3,0,match
1qbuzee,3,3,3,0,match
1qbuzxr,3,3,3,0,match
1qbv02r,3,3,3,0,match
1qbv0a8,3,3,3,0,match
1qbv0j5,3,3,3,0,match
1qbv188,3,3,3,0,match
1qbv1bo,3,3,3,0,match
1qbv1qf,3,3,3,0,match
1qbv366,3,3,3,0,match
1qbv3mm,3,3,3,0,match
1qbv3t7,3,3,3,0,match
1qbv52e,3,3,3,0,match
1qbv5lb,3,3,3,0,match
1qbv5t1,3,3,3,0,match
1qbv5y1,3,3,3,0,match
1qbv6at,3,1,1,0,match
1qbv6fq,3,3,3,0,match
1qbv6lw,3,3,3,0,match
1qbv746,3,3,3,0,match
1qbv79a,3,3,3,0,match
1qbv7iw,3,3,3,0,match
1qbv842,3,3,3,0,match
1qbv89b,3,3,3,0,match
1qbv8au,3,3,3,0,match
1qbv8m5,3,3,3,0,match
1qbv8vv,3,3,3,0,match
1qbv9ii,3,3,3,0,match
1qbv9k3,3,2,2,0,match
1qbv9px,3,3,3,0,match
1qbv9rt,3,1,1,0,match
1qbv9sl,3,3,3,0,match
1qbva9b,3,3,3,0,match
1qbvaaf,3,3,3,0,match
1qbvae5,3,3,3,0,match
1qbvb4y,3,3,3,0,match
1qbvbfe,3,3,3,0,match
1qbvbze,3,3,3,0,match
1qbvc64,3,3,3,0,match
1qbvcqe,3,3,3,0,match
1qbvd2e,3,2,2,0,match
1qbvdco,3,1,1,0,match
1qbvdus,3,2,2,0,match
1qbvdvt,3,2,2,0,match
1qbvdxv,3,2,2,0,match
1qbvewl,3,2,2,0,match
1qbveyb,3,2,2,0,match
1qbvfpf,3,1,1,0,match
1qbvgok,3,2,2,0,match
1qbvgqq,3,2,2,0,match
1qbvh9g,3,2,2,0,match
1qbvhfq,3,2,2,0,match
1qbvhjt,3,2,2,0,match
1qbviq8,3,2,2,0,match
1qbvj2b,3,2,2,0,match
1qbvjf4,3,2,2,0,match
1qbvjyz,3,2,2,0,match
1qbvkgh,3,2,2,0,match
1qbvkqh,3,2,2,0,match
1qbvl8n,3,1,1,0,match
1qbvlk3,3,2,2,0,match
1qbvmsi,3,2,2,0,match
1qbvmzj,3,2,2,0,match
1qbvns9,3,2,2,0,match
1qbvo3f,3,2,2,0,match
1qbvocv,3,2,2,0,match
1qbvogz,3,2,2,0,match
1qbvoze,3,2,2,0,match
1qbvp38,3,1,1,0,match
1qbvpi8,3,1,1,0,match
1qbvq2u,3,2,2,0,match
1qbvqq9,3,2,2,0,match
1qbvqrj,3,2,2,0,match
1qbvrah,3,2,2,0,match
1qbvsac,3,1,1,0,match
1qbvskx,3,1,1,0,match
1qbvsp4,3,1,1,0,match
1qbvsst,3,1,1,0,match
1qbvtk6,3,1,1,0,match
1qbvtwz,3,1,1,0,match
1qbvuf7,3,1,1,0,match
1qbvvd8,3,1,1,0,match
1qbvveb,3,1,1,0,match
1qbvvg3,3,1,1,0,match
1qbvwd5,3,1,1,0,match
1qbvwdf,3,1,1,0,match
1qbvwho,3,1,1,0,match
1qbvwm3,3,1,1,0,match
1qbvws2,3,1,1,0,match
1qbvx3l,3,1,1,0,match
1qbvxso,3,1,1,0,match
1qbvxxm,3,1,1,0,match
1qbvyb6,3,1,1,0,match
1qbvydt,3,1,1,0,match
1qbvz7j,3,1,1,0,match
1qbvz8p,3,1,1,0,match
1qbvzar,3,1,1,0,match
1qbvzo4,3,1,1,0,match
1qbvzzb,3,1,1,0,match
1qbw02a,3,1,1,0,match
1qbw0un,3,1,1,0,match
1qbw12n,3,1,1,0,match
1qbw1d7,3,1,1,0,match
1qbw1s7,3,1,1,0,match
1qbw1sc,3,1,1,0,match
1qbw2rj,3,1,1,0,match
1qbw2yi,3,1,1,0,match
1qbw3cy,3,1,1,0,match
1qbw3ne,3,1,1,0,match
1qbw3nw,3,1,1,0,match
1qbw5rd,3,1,1,0,match
1qbw5tb,3,1,1,0,match
1qbw5u8,3,1,1,0,match
1qbw6uy,3,1,1,0,match
1qbw6wy,3,1,1,0,match
1qbw6zd,3,1,1,0,match
ftus3r,3,1,1,0,match
ke2qxu,3,1,1,0,match
kztn60,3,1,1,0,match
m1s0me,3,1,1,0,match
m65fxq,3,1,1,0,match
mtu6c6,3,1,1,0,match
